t_ns,source,kind,seq,fields,raw
83233400,screen,RX,2979,{},I (563260) LAT: RX seq=2979
179227500,sensor,TX,2980,"{""age_min_ms"": 82, ""age_max_ms"": 82}",LAT TX seq=2980 age_min_ms=82 age_max_ms=82
185130100,screen,RX,2980,{},I (563360) LAT: RX seq=2980
199343000,sensor,RTT,2980,"{""us"": 5480}",LAT RTT seq=2980 us=5480
280157400,sensor,TX,2981,"{""age_min_ms"": 5, ""age_max_ms"": 5}",LAT TX seq=2981 age_min_ms=5 age_max_ms=5
297756500,screen,RX,2981,{},I (563470) LAT: RX seq=2981
319449800,sensor,RTT,2981,"{""us"": 20183}",LAT RTT seq=2981 us=20183
379989800,sensor,TX,2982,"{""age_min_ms"": 5, ""age_max_ms"": 5}",LAT TX seq=2982 age_min_ms=5 age_max_ms=5
386782700,screen,RX,2982,{},I (563560) LAT: RX seq=2982
399175300,sensor,RTT,2982,"{""us"": 13086}",LAT RTT seq=2982 us=13086
480034000,sensor,TX,2983,"{""age_min_ms"": 25, ""age_max_ms"": 25}",LAT TX seq=2983 age_min_ms=25 age_max_ms=25
494222600,screen,RX,2983,{},I (563670) LAT: RX seq=2983
499116900,sensor,RTT,2983,"{""us"": 14620}",LAT RTT seq=2983 us=14620
580058100,sensor,TX,2984,"{""age_min_ms"": 125, ""age_max_ms"": 125}",LAT TX seq=2984 age_min_ms=125 age_max_ms=125
584203400,screen,RX,2984,{},I (563760) LAT: RX seq=2984
599163700,sensor,RTT,2984,"{""us"": 4578}",LAT RTT seq=2984 us=4578
680327700,sensor,TX,2985,"{""age_min_ms"": 25, ""age_max_ms"": 25}",LAT TX seq=2985 age_min_ms=25 age_max_ms=25
686061600,screen,RX,2985,{},I (563860) LAT: RX seq=2985
700107100,sensor,RTT,2985,"{""us"": 8125}",LAT RTT seq=2985 us=8125
781024700,sensor,TX,2986,"{""age_min_ms"": 26, ""age_max_ms"": 26}",LAT TX seq=2986 age_min_ms=26 age_max_ms=26
788698500,screen,RX,2986,{},I (563960) LAT: RX seq=2986
801109900,sensor,RTT,2986,"{""us"": 7975}",LAT RTT seq=2986 us=7975
882050900,sensor,TX,2987,"{""age_min_ms"": 27, ""age_max_ms"": 27}",LAT TX seq=2987 age_min_ms=27 age_max_ms=27
891623800,screen,RX,2987,{},I (564070) LAT: RX seq=2987
922157800,sensor,RTT,2987,"{""us"": 22819}",LAT RTT seq=2987 us=22819
983034900,sensor,TX,2988,"{""age_min_ms"": 128, ""age_max_ms"": 128}",LAT TX seq=2988 age_min_ms=128 age_max_ms=128
987106500,screen,RX,2988,{},I (564160) LAT: RX seq=2988
1002154800,sensor,RTT,2988,"{""us"": 3790}",LAT RTT seq=2988 us=3790
1082973600,sensor,TX,2989,"{""age_min_ms"": 87, ""age_max_ms"": 87}",LAT TX seq=2989 age_min_ms=87 age_max_ms=87
1090180000,screen,RX,2989,{},I (564260) LAT: RX seq=2989
1103155500,sensor,RTT,2989,"{""us"": 9742}",LAT RTT seq=2989 us=9742
1184018800,sensor,TX,2990,"{""age_min_ms"": 29, ""age_max_ms"": 29}",LAT TX seq=2990 age_min_ms=29 age_max_ms=29
1189058700,screen,RX,2990,{},I (564360) LAT: RX seq=2990
1204176400,sensor,RTT,2990,"{""us"": 7461}",LAT RTT seq=2990 us=7461
1285345300,sensor,TX,2991,"{""age_min_ms"": 30, ""age_max_ms"": 30}",LAT TX seq=2991 age_min_ms=30 age_max_ms=30
1289233200,screen,RX,2991,{},I (564460) LAT: RX seq=2991
1305172300,sensor,RTT,2991,"{""us"": 3770}",LAT RTT seq=2991 us=3770
1386058600,sensor,TX,2992,"{""age_min_ms"": 31, ""age_max_ms"": 31}",LAT TX seq=2992 age_min_ms=31 age_max_ms=31
1391628000,screen,RX,2992,{},I (564570) LAT: RX seq=2992
1406161100,sensor,RTT,2992,"{""us"": 12569}",LAT RTT seq=2992 us=12569
1486938100,sensor,TX,2993,"{""age_min_ms"": 14, ""age_max_ms"": 14}",LAT TX seq=2993 age_min_ms=14 age_max_ms=14
1491481300,screen,RX,2993,{},I (564670) LAT: RX seq=2993
1506187200,sensor,RTT,2993,"{""us"": 4382}",LAT RTT seq=2993 us=4382
1586986500,sensor,TX,2994,"{""age_min_ms"": 29, ""age_max_ms"": 29}",LAT TX seq=2994 age_min_ms=29 age_max_ms=29
1593866600,screen,RX,2994,{},I (564770) LAT: RX seq=2994
1606126100,sensor,RTT,2994,"{""us"": 10106}",LAT RTT seq=2994 us=10106
1686993200,sensor,TX,2995,"{""age_min_ms"": 13, ""age_max_ms"": 13}",LAT TX seq=2995 age_min_ms=13 age_max_ms=13
1691418300,screen,RX,2995,{},I (564870) LAT: RX seq=2995
1707144800,sensor,RTT,2995,"{""us"": 6762}",LAT RTT seq=2995 us=6762
1787955600,sensor,TX,2996,"{""age_min_ms"": 33, ""age_max_ms"": 33}",LAT TX seq=2996 age_min_ms=33 age_max_ms=33
1793350500,screen,RX,2996,{},I (564970) LAT: RX seq=2996
1808111900,sensor,RTT,2996,"{""us"": 7973}",LAT RTT seq=2996 us=7973
1888961400,sensor,TX,2997,"{""age_min_ms"": 34, ""age_max_ms"": 34}",LAT TX seq=2997 age_min_ms=34 age_max_ms=34
1895908900,screen,RX,2997,{},I (565070) LAT: RX seq=2997
1909190100,sensor,RTT,2997,"{""us"": 9493}",LAT RTT seq=2997 us=9493
1989965800,sensor,TX,2998,"{""age_min_ms"": 135, ""age_max_ms"": 135}",LAT TX seq=2998 age_min_ms=135 age_max_ms=135
1994865500,screen,RX,2998,{},I (565170) LAT: RX seq=2998
2009206500,sensor,RTT,2998,"{""us"": 6845}",LAT RTT seq=2998 us=6845
2090100200,sensor,TX,2999,"{""age_min_ms"": 93, ""age_max_ms"": 93}",LAT TX seq=2999 age_min_ms=93 age_max_ms=93
2094960200,screen,RX,2999,{},I (565270) LAT: RX seq=2999
2109202600,sensor,RTT,2999,"{""us"": 8999}",LAT RTT seq=2999 us=8999
2190202300,sensor,TX,3000,"{""age_min_ms"": 35, ""age_max_ms"": 35}",LAT TX seq=3000 age_min_ms=35 age_max_ms=35
2194887000,screen,RX,3000,{},I (565370) LAT: RX seq=3000
2210184500,sensor,RTT,3000,"{""us"": 3947}",LAT RTT seq=3000 us=3947
2290999700,sensor,TX,3001,"{""age_min_ms"": 36, ""age_max_ms"": 36}",LAT TX seq=3001 age_min_ms=36 age_max_ms=36
2298369000,screen,RX,3001,{},I (565470) LAT: RX seq=3001
2311192900,sensor,RTT,3001,"{""us"": 12278}",LAT RTT seq=3001 us=12278
2392042000,sensor,TX,3002,"{""age_min_ms"": 37, ""age_max_ms"": 37}",LAT TX seq=3002 age_min_ms=37 age_max_ms=37
2397112400,screen,RX,3002,{},I (565570) LAT: RX seq=3002
2411179800,sensor,RTT,3002,"{""us"": 6735}",LAT RTT seq=3002 us=6735
2492261000,sensor,TX,3003,"{""age_min_ms"": 37, ""age_max_ms"": 37}",LAT TX seq=3003 age_min_ms=37 age_max_ms=37
2496865700,screen,RX,3003,{},I (565670) LAT: RX seq=3003
2511153700,sensor,RTT,3003,"{""us"": 3992}",LAT RTT seq=3003 us=3992
2592043800,sensor,TX,3004,"{""age_min_ms"": 37, ""age_max_ms"": 37}",LAT TX seq=3004 age_min_ms=37 age_max_ms=37
2596619300,screen,RX,3004,{},I (565770) LAT: RX seq=3004
2611140200,sensor,RTT,3004,"{""us"": 12374}",LAT RTT seq=3004 us=12374
2692086400,sensor,TX,3005,"{""age_min_ms"": 36, ""age_max_ms"": 36}",LAT TX seq=3005 age_min_ms=36 age_max_ms=36
2701552400,screen,RX,3005,{},I (565880) LAT: RX seq=3005
2712471500,sensor,RTT,3005,"{""us"": 16259}",LAT RTT seq=3005 us=16259
2792993500,sensor,TX,3006,"{""age_min_ms"": 37, ""age_max_ms"": 37}",LAT TX seq=3006 age_min_ms=37 age_max_ms=37
2797527300,screen,RX,3006,{},I (565970) LAT: RX seq=3006
2813131600,sensor,RTT,3006,"{""us"": 5924}",LAT RTT seq=3006 us=5924
2894098200,sensor,TX,3007,"{""age_min_ms"": 38, ""age_max_ms"": 38}",LAT TX seq=3007 age_min_ms=38 age_max_ms=38
2898108500,screen,RX,3007,{},I (566070) LAT: RX seq=3007
2914194100,sensor,RTT,3007,"{""us"": 3478}",LAT RTT seq=3007 us=3478
2995010900,sensor,TX,3008,"{""age_min_ms"": 139, ""age_max_ms"": 139}",LAT TX seq=3008 age_min_ms=139 age_max_ms=139
2999782600,screen,RX,3008,{},I (566170) LAT: RX seq=3008
3014241300,sensor,RTT,3008,"{""us"": 5228}",LAT RTT seq=3008 us=5228
3095074700,sensor,TX,3009,"{""age_min_ms"": 98, ""age_max_ms"": 98}",LAT TX seq=3009 age_min_ms=98 age_max_ms=98
3099569600,screen,RX,3009,{},I (566270) LAT: RX seq=3009
3115253500,sensor,RTT,3009,"{""us"": 5579}",LAT RTT seq=3009 us=5579
3195972000,sensor,TX,3010,"{""age_min_ms"": 23, ""age_max_ms"": 23}",LAT TX seq=3010 age_min_ms=23 age_max_ms=23
3200136200,screen,RX,3010,{},I (566370) LAT: RX seq=3010
3216162900,sensor,RTT,3010,"{""us"": 3388}",LAT RTT seq=3010 us=3388
3297064000,sensor,TX,3011,"{""age_min_ms"": 24, ""age_max_ms"": 24}",LAT TX seq=3011 age_min_ms=24 age_max_ms=24
3301856700,screen,RX,3011,{},I (566480) LAT: RX seq=3011
3317192100,sensor,RTT,3011,"{""us"": 5219}",LAT RTT seq=3011 us=5219
3398526300,sensor,TX,3012,"{""age_min_ms"": 25, ""age_max_ms"": 25}",LAT TX seq=3012 age_min_ms=25 age_max_ms=25
3402174100,screen,RX,3012,{},I (566580) LAT: RX seq=3012
3417264600,sensor,RTT,3012,"{""us"": 3525}",LAT RTT seq=3012 us=3525
3498066000,sensor,TX,3013,"{""age_min_ms"": 25, ""age_max_ms"": 25}",LAT TX seq=3013 age_min_ms=25 age_max_ms=25
3502080100,screen,RX,3013,{},I (566680) LAT: RX seq=3013
3517190600,sensor,RTT,3013,"{""us"": 3109}",LAT RTT seq=3013 us=3109
3597951300,sensor,TX,3014,"{""age_min_ms"": 24, ""age_max_ms"": 24}",LAT TX seq=3014 age_min_ms=24 age_max_ms=24
3602234100,screen,RX,3014,{},I (566780) LAT: RX seq=3014
3617073900,sensor,RTT,3014,"{""us"": 4952}",LAT RTT seq=3014 us=4952
3698073900,sensor,TX,3015,"{""age_min_ms"": 24, ""age_max_ms"": 24}",LAT TX seq=3015 age_min_ms=24 age_max_ms=24
3703499500,screen,RX,3015,{},I (566880) LAT: RX seq=3015
3718091300,sensor,RTT,3015,"{""us"": 9624}",LAT RTT seq=3015 us=9624
3799039500,sensor,TX,3016,"{""age_min_ms"": 25, ""age_max_ms"": 25}",LAT TX seq=3016 age_min_ms=25 age_max_ms=25
3803461300,screen,RX,3016,{},I (566980) LAT: RX seq=3016
3819153400,sensor,RTT,3016,"{""us"": 4897}",LAT RTT seq=3016 us=4897
3900447100,sensor,TX,3017,"{""age_min_ms"": 26, ""age_max_ms"": 26}",LAT TX seq=3017 age_min_ms=26 age_max_ms=26
3904075900,screen,RX,3017,{},I (567080) LAT: RX seq=3017
3920173200,sensor,RTT,3017,"{""us"": 3830}",LAT RTT seq=3017 us=3830
4001113800,sensor,TX,3018,"{""age_min_ms"": 127, ""age_max_ms"": 127}",LAT TX seq=3018 age_min_ms=127 age_max_ms=127
4005680100,screen,RX,3018,{},I (567180) LAT: RX seq=3018
4020194200,sensor,RTT,3018,"{""us"": 8174}",LAT RTT seq=3018 us=8174
4101214000,sensor,TX,3019,"{""age_min_ms"": 3, ""age_max_ms"": 3}",LAT TX seq=3019 age_min_ms=3 age_max_ms=3
4105447700,screen,RX,3019,{},I (567280) LAT: RX seq=3019
4120328600,sensor,RTT,3019,"{""us"": 10231}",LAT RTT seq=3019 us=10231
4201014300,sensor,TX,3020,"{""age_min_ms"": 27, ""age_max_ms"": 27}",LAT TX seq=3020 age_min_ms=27 age_max_ms=27
4205236500,screen,RX,3020,{},I (567380) LAT: RX seq=3020
4220181800,sensor,RTT,3020,"{""us"": 4872}",LAT RTT seq=3020 us=4872
4300957300,sensor,TX,3021,"{""age_min_ms"": 45, ""age_max_ms"": 45}",LAT TX seq=3021 age_min_ms=45 age_max_ms=45
4305848600,screen,RX,3021,{},I (567480) LAT: RX seq=3021
4321191200,sensor,RTT,3021,"{""us"": 12327}",LAT RTT seq=3021 us=12327
4402140700,sensor,TX,3022,"{""age_min_ms"": 46, ""age_max_ms"": 46}",LAT TX seq=3022 age_min_ms=46 age_max_ms=46
4406918400,screen,RX,3022,{},I (567580) LAT: RX seq=3022
4422181800,sensor,RTT,3022,"{""us"": 8186}",LAT RTT seq=3022 us=8186
4503092800,sensor,TX,3023,"{""age_min_ms"": 30, ""age_max_ms"": 30}",LAT TX seq=3023 age_min_ms=30 age_max_ms=30
4507189100,screen,RX,3023,{},I (567680) LAT: RX seq=3023
4522207700,sensor,RTT,3023,"{""us"": 5215}",LAT RTT seq=3023 us=5215
4603046200,sensor,TX,3024,"{""age_min_ms"": 46, ""age_max_ms"": 46}",LAT TX seq=3024 age_min_ms=46 age_max_ms=46
4607921200,screen,RX,3024,{},I (567780) LAT: RX seq=3024
4622193500,sensor,RTT,3024,"{""us"": 4586}",LAT RTT seq=3024 us=4586
4702997800,sensor,TX,3025,"{""age_min_ms"": 30, ""age_max_ms"": 30}",LAT TX seq=3025 age_min_ms=30 age_max_ms=30
4712065200,screen,RX,3025,{},I (567890) LAT: RX seq=3025
4723178700,sensor,RTT,3025,"{""us"": 11923}",LAT RTT seq=3025 us=11923
4804036600,sensor,TX,3026,"{""age_min_ms"": 31, ""age_max_ms"": 31}",LAT TX seq=3026 age_min_ms=31 age_max_ms=31
4808578800,screen,RX,3026,{},I (567980) LAT: RX seq=3026
4824131200,sensor,RTT,3026,"{""us"": 6213}",LAT RTT seq=3026 us=6213
4905074100,sensor,TX,3027,"{""age_min_ms"": 32, ""age_max_ms"": 32}",LAT TX seq=3027 age_min_ms=32 age_max_ms=32
4910967100,screen,RX,3027,{},I (568080) LAT: RX seq=3027
4925185400,sensor,RTT,3027,"{""us"": 4918}",LAT RTT seq=3027 us=4918
5006155300,sensor,TX,3028,"{""age_min_ms"": 133, ""age_max_ms"": 133}",LAT TX seq=3028 age_min_ms=133 age_max_ms=133
5010802300,screen,RX,3028,{},I (568180) LAT: RX seq=3028
5025202100,sensor,RTT,3028,"{""us"": 3800}",LAT RTT seq=3028 us=3800
5106109200,sensor,TX,3029,"{""age_min_ms"": 91, ""age_max_ms"": 91}",LAT TX seq=3029 age_min_ms=91 age_max_ms=91
5110378500,screen,RX,3029,{},I (568280) LAT: RX seq=3029
5125225900,sensor,RTT,3029,"{""us"": 4009}",LAT RTT seq=3029 us=4009
5206212500,sensor,TX,3030,"{""age_min_ms"": 32, ""age_max_ms"": 32}",LAT TX seq=3030 age_min_ms=32 age_max_ms=32
5210120500,screen,RX,3030,{},I (568380) LAT: RX seq=3030
5225207000,sensor,RTT,3030,"{""us"": 3717}",LAT RTT seq=3030 us=3717
5306045100,sensor,TX,3031,"{""age_min_ms"": 50, ""age_max_ms"": 50}",LAT TX seq=3031 age_min_ms=50 age_max_ms=50
5310488200,screen,RX,3031,{},I (568480) LAT: RX seq=3031
5325224800,sensor,RTT,3031,"{""us"": 5695}",LAT RTT seq=3031 us=5695
5406104400,sensor,TX,3032,"{""age_min_ms"": 50, ""age_max_ms"": 50}",LAT TX seq=3032 age_min_ms=50 age_max_ms=50
5410342600,screen,RX,3032,{},I (568580) LAT: RX seq=3032
5426145600,sensor,RTT,3032,"{""us"": 6194}",LAT RTT seq=3032 us=6194
5507418100,sensor,TX,3033,"{""age_min_ms"": 51, ""age_max_ms"": 51}",LAT TX seq=3033 age_min_ms=51 age_max_ms=51
5511997200,screen,RX,3033,{},I (568690) LAT: RX seq=3033
5527164000,sensor,RTT,3033,"{""us"": 4556}",LAT RTT seq=3033 us=4556
5607956400,sensor,TX,3034,"{""age_min_ms"": 53, ""age_max_ms"": 53}",LAT TX seq=3034 age_min_ms=53 age_max_ms=53
5612622900,screen,RX,3034,{},I (568790) LAT: RX seq=3034
5627161500,sensor,RTT,3034,"{""us"": 6756}",LAT RTT seq=3034 us=6756
5708054800,sensor,TX,3035,"{""age_min_ms"": 53, ""age_max_ms"": 53}",LAT TX seq=3035 age_min_ms=53 age_max_ms=53
5714051200,screen,RX,3035,{},I (568890) LAT: RX seq=3035
5728153100,sensor,RTT,3035,"{""us"": 6441}",LAT RTT seq=3035 us=6441
5808983300,sensor,TX,3036,"{""age_min_ms"": 54, ""age_max_ms"": 54}",LAT TX seq=3036 age_min_ms=54 age_max_ms=54
5815809900,screen,RX,3036,{},I (568990) LAT: RX seq=3036
5910087700,sensor,RTT,3036,"{""us"": 7978}",LAT RTT seq=3036 us=7978
5910087700,sensor,TX,3037,"{""age_min_ms"": 54, ""age_max_ms"": 54}",LAT TX seq=3037 age_min_ms=54 age_max_ms=54
5915844600,screen,RX,3037,{},I (569090) LAT: RX seq=3037
5929202700,sensor,RTT,3037,"{""us"": 6459}",LAT RTT seq=3037 us=6459
6010081600,sensor,TX,3038,"{""age_min_ms"": 13, ""age_max_ms"": 13}",LAT TX seq=3038 age_min_ms=13 age_max_ms=13
6022205300,screen,RX,3038,{},I (569200) LAT: RX seq=3038
6030137800,sensor,RTT,3038,"{""us"": 11547}",LAT RTT seq=3038 us=11547
6111107800,sensor,TX,3039,"{""age_min_ms"": 14, ""age_max_ms"": 14}",LAT TX seq=3039 age_min_ms=14 age_max_ms=14
6121744700,screen,RX,3039,{},I (569300) LAT: RX seq=3039
6131254200,sensor,RTT,3039,"{""us"": 10654}",LAT RTT seq=3039 us=10654
6212214900,sensor,TX,3040,"{""age_min_ms"": 56, ""age_max_ms"": 56}",LAT TX seq=3040 age_min_ms=56 age_max_ms=56
6226262000,screen,RX,3040,{},I (569400) LAT: RX seq=3040
6231221100,sensor,RTT,3040,"{""us"": 18387}",LAT RTT seq=3040 us=18387
6312046000,sensor,TX,3041,"{""age_min_ms"": 56, ""age_max_ms"": 56}",LAT TX seq=3041 age_min_ms=56 age_max_ms=56
6316812600,screen,RX,3041,{},I (569490) LAT: RX seq=3041
6331198800,sensor,RTT,3041,"{""us"": 4420}",LAT RTT seq=3041 us=4420
6412336500,sensor,TX,3042,"{""age_min_ms"": 56, ""age_max_ms"": 56}",LAT TX seq=3042 age_min_ms=56 age_max_ms=56
6416798000,screen,RX,3042,{},I (569590) LAT: RX seq=3042
6432181200,sensor,RTT,3042,"{""us"": 6036}",LAT RTT seq=3042 us=6036
6513077900,sensor,TX,3043,"{""age_min_ms"": 57, ""age_max_ms"": 57}",LAT TX seq=3043 age_min_ms=57 age_max_ms=57
6522189000,screen,RX,3043,{},I (569700) LAT: RX seq=3043
6533169000,sensor,RTT,3043,"{""us"": 8711}",LAT RTT seq=3043 us=8711
6614067700,sensor,TX,3044,"{""age_min_ms"": 58, ""age_max_ms"": 58}",LAT TX seq=3044 age_min_ms=58 age_max_ms=58
6618864300,screen,RX,3044,{},I (569790) LAT: RX seq=3044
6634190200,sensor,RTT,3044,"{""us"": 8257}",LAT RTT seq=3044 us=8257
6715073500,sensor,TX,3045,"{""age_min_ms"": 60, ""age_max_ms"": 60}",LAT TX seq=3045 age_min_ms=60 age_max_ms=60
6721994600,screen,RX,3045,{},I (569900) LAT: RX seq=3045
6735281000,sensor,RTT,3045,"{""us"": 9016}",LAT RTT seq=3045 us=9016
6816010400,sensor,TX,3046,"{""age_min_ms"": 58, ""age_max_ms"": 58}",LAT TX seq=3046 age_min_ms=58 age_max_ms=58
6822027700,screen,RX,3046,{},I (570000) LAT: RX seq=3046
6836204100,sensor,RTT,3046,"{""us"": 12784}",LAT RTT seq=3046 us=12784
6917066600,sensor,TX,3047,"{""age_min_ms"": 62, ""age_max_ms"": 62}",LAT TX seq=3047 age_min_ms=62 age_max_ms=62
6923874800,screen,RX,3047,{},I (570100) LAT: RX seq=3047
6937248400,sensor,RTT,3047,"{""us"": 6619}",LAT RTT seq=3047 us=6619
7018016200,sensor,TX,3048,"{""age_min_ms"": 163, ""age_max_ms"": 163}",LAT TX seq=3048 age_min_ms=163 age_max_ms=163
7117997700,sensor,TX,3049,"{""age_min_ms"": 95, ""age_max_ms"": 95}",LAT TX seq=3049 age_min_ms=95 age_max_ms=95
7123077200,screen,RX,3049,{},I (570300) LAT: RX seq=3049
7138180200,sensor,RTT,3049,"{""us"": 5415}",LAT RTT seq=3049 us=5415
7219642700,sensor,TX,3050,"{""age_min_ms"": 55, ""age_max_ms"": 55}",LAT TX seq=3050 age_min_ms=55 age_max_ms=55
7223165900,screen,RX,3050,{},I (570400) LAT: RX seq=3050
7238187300,sensor,RTT,3050,"{""us"": 3803}",LAT RTT seq=3050 us=3803
7319024300,sensor,TX,3051,"{""age_min_ms"": 64, ""age_max_ms"": 64}",LAT TX seq=3051 age_min_ms=64 age_max_ms=64
7323118500,screen,RX,3051,{},I (570500) LAT: RX seq=3051
7339155800,sensor,RTT,3051,"{""us"": 3598}",LAT RTT seq=3051 us=3598
7420009400,sensor,TX,3052,"{""age_min_ms"": 38, ""age_max_ms"": 38}",LAT TX seq=3052 age_min_ms=38 age_max_ms=38
7424983500,screen,RX,3052,{},I (570600) LAT: RX seq=3052
7440156100,sensor,RTT,3052,"{""us"": 4407}",LAT RTT seq=3052 us=4407
7522140800,sensor,TX,3053,"{""age_min_ms"": 39, ""age_max_ms"": 39}",LAT TX seq=3053 age_min_ms=39 age_max_ms=39
7525158700,screen,RX,3053,{},I (570700) LAT: RX seq=3053
7541142400,sensor,RTT,3053,"{""us"": 6734}",LAT RTT seq=3053 us=6734
7622298300,sensor,TX,3054,"{""age_min_ms"": 40, ""age_max_ms"": 40}",LAT TX seq=3054 age_min_ms=40 age_max_ms=40
7626950400,screen,RX,3054,{},I (570800) LAT: RX seq=3054
7642204400,sensor,RTT,3054,"{""us"": 5398}",LAT RTT seq=3054 us=5398
7723400500,sensor,TX,3055,"{""age_min_ms"": 41, ""age_max_ms"": 41}",LAT TX seq=3055 age_min_ms=41 age_max_ms=41
7728874500,screen,RX,3055,{},I (570900) LAT: RX seq=3055
7743275700,sensor,RTT,3055,"{""us"": 4907}",LAT RTT seq=3055 us=4907
7824047400,sensor,TX,3056,"{""age_min_ms"": 42, ""age_max_ms"": 42}",LAT TX seq=3056 age_min_ms=42 age_max_ms=42
7829190100,screen,RX,3056,{},I (571000) LAT: RX seq=3056
7844193200,sensor,RTT,3056,"{""us"": 5732}",LAT RTT seq=3056 us=5732
7925046200,sensor,TX,3057,"{""age_min_ms"": 51, ""age_max_ms"": 51}",LAT TX seq=3057 age_min_ms=51 age_max_ms=51
7929436600,screen,RX,3057,{},I (571100) LAT: RX seq=3057
7945172900,sensor,RTT,3057,"{""us"": 4523}",LAT RTT seq=3057 us=4523
8025999000,sensor,TX,3058,"{""age_min_ms"": 11, ""age_max_ms"": 11}",LAT TX seq=3058 age_min_ms=11 age_max_ms=11
8030101900,screen,RX,3058,{},I (571200) LAT: RX seq=3058
8045219800,sensor,RTT,3058,"{""us"": 5036}",LAT RTT seq=3058 us=5036
8125981000,sensor,TX,3059,"{""age_min_ms"": 11, ""age_max_ms"": 11}",LAT TX seq=3059 age_min_ms=11 age_max_ms=11
8130989200,screen,RX,3059,{},I (571300) LAT: RX seq=3059
8145188700,sensor,RTT,3059,"{""us"": 8527}",LAT RTT seq=3059 us=8527
8226071300,sensor,TX,3060,"{""age_min_ms"": 52, ""age_max_ms"": 52}",LAT TX seq=3060 age_min_ms=52 age_max_ms=52
8230262300,screen,RX,3060,{},I (571400) LAT: RX seq=3060
8245256000,sensor,RTT,3060,"{""us"": 5852}",LAT RTT seq=3060 us=5852
8326056700,sensor,TX,3061,"{""age_min_ms"": 52, ""age_max_ms"": 52}",LAT TX seq=3061 age_min_ms=52 age_max_ms=52
8330196600,screen,RX,3061,{},I (571500) LAT: RX seq=3061
8345191000,sensor,RTT,3061,"{""us"": 3807}",LAT RTT seq=3061 us=3807
8426056300,sensor,TX,3062,"{""age_min_ms"": 71, ""age_max_ms"": 71}",LAT TX seq=3062 age_min_ms=71 age_max_ms=71
8430082700,screen,RX,3062,{},I (571600) LAT: RX seq=3062
8445208200,sensor,RTT,3062,"{""us"": 5568}",LAT RTT seq=3062 us=5568
8526026900,sensor,TX,3063,"{""age_min_ms"": 52, ""age_max_ms"": 52}",LAT TX seq=3063 age_min_ms=52 age_max_ms=52
8530069100,screen,RX,3063,{},I (571700) LAT: RX seq=3063
8545162000,sensor,RTT,3063,"{""us"": 3733}",LAT RTT seq=3063 us=3733
8626036300,sensor,TX,3064,"{""age_min_ms"": 44, ""age_max_ms"": 44}",LAT TX seq=3064 age_min_ms=44 age_max_ms=44
8631891300,screen,RX,3064,{},I (571810) LAT: RX seq=3064
8646189800,sensor,RTT,3064,"{""us"": 6577}",LAT RTT seq=3064 us=6577
8726971200,sensor,TX,3065,"{""age_min_ms"": 45, ""age_max_ms"": 45}",LAT TX seq=3065 age_min_ms=45 age_max_ms=45
8731659500,screen,RX,3065,{},I (571910) LAT: RX seq=3065
8747167600,sensor,RTT,3065,"{""us"": 4826}",LAT RTT seq=3065 us=4826
8828006900,sensor,TX,3066,"{""age_min_ms"": 46, ""age_max_ms"": 46}",LAT TX seq=3066 age_min_ms=46 age_max_ms=46
8832130700,screen,RX,3066,{},I (572010) LAT: RX seq=3066
8848204100,sensor,RTT,3066,"{""us"": 3468}",LAT RTT seq=3066 us=3468
8929083800,sensor,TX,3067,"{""age_min_ms"": 47, ""age_max_ms"": 47}",LAT TX seq=3067 age_min_ms=47 age_max_ms=47
8933914700,screen,RX,3067,{},I (572110) LAT: RX seq=3067
8948186100,sensor,RTT,3067,"{""us"": 3897}",LAT RTT seq=3067 us=3897
9029083400,sensor,TX,3068,"{""age_min_ms"": 6, ""age_max_ms"": 6}",LAT TX seq=3068 age_min_ms=6 age_max_ms=6
9033689000,screen,RX,3068,{},I (572210) LAT: RX seq=3068
9048206600,sensor,RTT,3068,"{""us"": 6530}",LAT RTT seq=3068 us=6530
9129077300,sensor,TX,3069,"{""age_min_ms"": 6, ""age_max_ms"": 6}",LAT TX seq=3069 age_min_ms=6 age_max_ms=6
9133483500,screen,RX,3069,{},I (572310) LAT: RX seq=3069
9148212000,sensor,RTT,3069,"{""us"": 3485}",LAT RTT seq=3069 us=3485
9229022600,sensor,TX,3070,"{""age_min_ms"": 47, ""age_max_ms"": 47}",LAT TX seq=3070 age_min_ms=47 age_max_ms=47
9233375300,screen,RX,3070,{},I (572410) LAT: RX seq=3070
9248168600,sensor,RTT,3070,"{""us"": 4375}",LAT RTT seq=3070 us=4375
9328953600,sensor,TX,3071,"{""age_min_ms"": 47, ""age_max_ms"": 47}",LAT TX seq=3071 age_min_ms=47 age_max_ms=47
9333231100,screen,RX,3071,{},I (572510) LAT: RX seq=3071
9348188300,sensor,RTT,3071,"{""us"": 5736}",LAT RTT seq=3071 us=5736
9429048500,sensor,TX,3072,"{""age_min_ms"": 73, ""age_max_ms"": 73}",LAT TX seq=3072 age_min_ms=73 age_max_ms=73
9433738800,screen,RX,3072,{},I (572610) LAT: RX seq=3072
9448183300,sensor,RTT,3072,"{""us"": 6512}",LAT RTT seq=3072 us=6512
9529071900,sensor,TX,3073,"{""age_min_ms"": 47, ""age_max_ms"": 47}",LAT TX seq=3073 age_min_ms=47 age_max_ms=47
9533120200,screen,RX,3073,{},I (572710) LAT: RX seq=3073
9548168200,sensor,RTT,3073,"{""us"": 4208}",LAT RTT seq=3073 us=4208
9628977400,sensor,TX,3074,"{""age_min_ms"": 47, ""age_max_ms"": 47}",LAT TX seq=3074 age_min_ms=47 age_max_ms=47
9633359200,screen,RX,3074,{},I (572810) LAT: RX seq=3074
9649174800,sensor,RTT,3074,"{""us"": 4410}",LAT RTT seq=3074 us=4410
9730236900,sensor,TX,3075,"{""age_min_ms"": 56, ""age_max_ms"": 56}",LAT TX seq=3075 age_min_ms=56 age_max_ms=56
9734238900,screen,RX,3075,{},I (572910) LAT: RX seq=3075
9750321200,sensor,RTT,3075,"{""us"": 3656}",LAT RTT seq=3075 us=3656
9831137800,sensor,TX,3076,"{""age_min_ms"": 49, ""age_max_ms"": 49}",LAT TX seq=3076 age_min_ms=49 age_max_ms=49
9835905800,screen,RX,3076,{},I (573010) LAT: RX seq=3076
9851197800,sensor,RTT,3076,"{""us"": 8311}",LAT RTT seq=3076 us=8311
9932086900,sensor,TX,3077,"{""age_min_ms"": 50, ""age_max_ms"": 50}",LAT TX seq=3077 age_min_ms=50 age_max_ms=50
9937789600,screen,RX,3077,{},I (573110) LAT: RX seq=3077
9951238500,sensor,RTT,3077,"{""us"": 5104}",LAT RTT seq=3077 us=5104
10032168800,sensor,TX,3078,"{""age_min_ms"": 9, ""age_max_ms"": 9}",LAT TX seq=3078 age_min_ms=9 age_max_ms=9
10038073600,screen,RX,3078,{},I (573210) LAT: RX seq=3078
10051335000,sensor,RTT,3078,"{""us"": 11312}",LAT RTT seq=3078 us=11312
10132295000,sensor,TX,3079,"{""age_min_ms"": 35, ""age_max_ms"": 35}",LAT TX seq=3079 age_min_ms=35 age_max_ms=35
10136267600,screen,RX,3079,{},I (573310) LAT: RX seq=3079
10152187100,sensor,RTT,3079,"{""us"": 6170}",LAT RTT seq=3079 us=6170
10233141700,sensor,TX,3080,"{""age_min_ms"": 77, ""age_max_ms"": 77}",LAT TX seq=3080 age_min_ms=77 age_max_ms=77
10237965700,screen,RX,3080,{},I (573410) LAT: RX seq=3080
10253350000,sensor,RTT,3080,"{""us"": 5012}",LAT RTT seq=3080 us=5012
10334061500,sensor,TX,3081,"{""age_min_ms"": 60, ""age_max_ms"": 60}",LAT TX seq=3081 age_min_ms=60 age_max_ms=60
10338562400,screen,RX,3081,{},I (573510) LAT: RX seq=3081
10354147300,sensor,RTT,3081,"{""us"": 7172}",LAT RTT seq=3081 us=7172
10439984900,screen,RX,3082,{},I (573610) LAT: RX seq=3082
10454198600,sensor,RTT,3082,"{""us"": 4072}",LAT RTT seq=3082 us=4072
10535036700,sensor,TX,3083,"{""age_min_ms"": 61, ""age_max_ms"": 61}",LAT TX seq=3083 age_min_ms=61 age_max_ms=61
10540095700,screen,RX,3083,{},I (573710) LAT: RX seq=3083
10554191500,sensor,RTT,3083,"{""us"": 5024}",LAT RTT seq=3083 us=5024
10635021400,sensor,TX,3084,"{""age_min_ms"": 61, ""age_max_ms"": 61}",LAT TX seq=3084 age_min_ms=61 age_max_ms=61
10640067000,screen,RX,3084,{},I (573810) LAT: RX seq=3084
10654210000,sensor,RTT,3084,"{""us"": 4948}",LAT RTT seq=3084 us=4948
10735005500,sensor,TX,3085,"{""age_min_ms"": 79, ""age_max_ms"": 79}",LAT TX seq=3085 age_min_ms=79 age_max_ms=79
10739265800,screen,RX,3085,{},I (573910) LAT: RX seq=3085
10754218200,sensor,RTT,3085,"{""us"": 4233}",LAT RTT seq=3085 us=4233
10835035200,sensor,TX,3086,"{""age_min_ms"": 79, ""age_max_ms"": 79}",LAT TX seq=3086 age_min_ms=79 age_max_ms=79
10841823500,screen,RX,3086,{},I (574020) LAT: RX seq=3086
10854253900,sensor,RTT,3086,"{""us"": 6731}",LAT RTT seq=3086 us=6731
10935161300,sensor,TX,3087,"{""age_min_ms"": 79, ""age_max_ms"": 79}",LAT TX seq=3087 age_min_ms=79 age_max_ms=79
10939160600,screen,RX,3087,{},I (574110) LAT: RX seq=3087
10954235200,sensor,RTT,3087,"{""us"": 3856}",LAT RTT seq=3087 us=3856
11035129300,sensor,TX,3088,"{""age_min_ms"": 38, ""age_max_ms"": 38}",LAT TX seq=3088 age_min_ms=38 age_max_ms=38
11040514500,screen,RX,3088,{},I (574210) LAT: RX seq=3088
11055207900,sensor,RTT,3088,"{""us"": 5078}",LAT RTT seq=3088 us=5078
11136034200,sensor,TX,3089,"{""age_min_ms"": 13, ""age_max_ms"": 13}",LAT TX seq=3089 age_min_ms=13 age_max_ms=13
11141012800,screen,RX,3089,{},I (574310) LAT: RX seq=3089
11155215000,sensor,RTT,3089,"{""us"": 4246}",LAT RTT seq=3089 us=4246
11236198900,sensor,TX,3090,"{""age_min_ms"": 62, ""age_max_ms"": 62}",LAT TX seq=3090 age_min_ms=62 age_max_ms=62
11240974700,screen,RX,3090,{},I (574410) LAT: RX seq=3090
11256204300,sensor,RTT,3090,"{""us"": 14043}",LAT RTT seq=3090 us=14043
11337182600,sensor,TX,3091,"{""age_min_ms"": 63, ""age_max_ms"": 63}",LAT TX seq=3091 age_min_ms=63 age_max_ms=63
11343373200,screen,RX,3091,{},I (574520) LAT: RX seq=3091
11357246600,sensor,RTT,3091,"{""us"": 6514}",LAT RTT seq=3091 us=6514
11438173800,sensor,TX,3092,"{""age_min_ms"": 64, ""age_max_ms"": 64}",LAT TX seq=3092 age_min_ms=64 age_max_ms=64
11445823300,screen,RX,3092,{},I (574620) LAT: RX seq=3092
11457377200,sensor,RTT,3092,"{""us"": 7805}",LAT RTT seq=3092 us=7805
11538082800,sensor,TX,3093,"{""age_min_ms"": 64, ""age_max_ms"": 64}",LAT TX seq=3093 age_min_ms=64 age_max_ms=64
11542126200,screen,RX,3093,{},I (574720) LAT: RX seq=3093
11557219300,sensor,RTT,3093,"{""us"": 3493}",LAT RTT seq=3093 us=3493
11637996700,sensor,TX,3094,"{""age_min_ms"": 64, ""age_max_ms"": 64}",LAT TX seq=3094 age_min_ms=64 age_max_ms=64
11644361300,screen,RX,3094,{},I (574820) LAT: RX seq=3094
11657236200,sensor,RTT,3094,"{""us"": 7247}",LAT RTT seq=3094 us=7247
11738286600,sensor,TX,3095,"{""age_min_ms"": 64, ""age_max_ms"": 64}",LAT TX seq=3095 age_min_ms=64 age_max_ms=64
11742153200,screen,RX,3095,{},I (574920) LAT: RX seq=3095
11757391300,sensor,RTT,3095,"{""us"": 4116}",LAT RTT seq=3095 us=4116
11838002100,sensor,TX,3096,"{""age_min_ms"": 64, ""age_max_ms"": 64}",LAT TX seq=3096 age_min_ms=64 age_max_ms=64
11844624900,screen,RX,3096,{},I (575020) LAT: RX seq=3096
11857237500,sensor,RTT,3096,"{""us"": 8792}",LAT RTT seq=3096 us=8792
11938261400,sensor,TX,3097,"{""age_min_ms"": 64, ""age_max_ms"": 64}",LAT TX seq=3097 age_min_ms=64 age_max_ms=64
11943347700,screen,RX,3097,{},I (575120) LAT: RX seq=3097
11957198900,sensor,RTT,3097,"{""us"": 4469}",LAT RTT seq=3097 us=4469
12038114800,sensor,TX,3098,"{""age_min_ms"": 23, ""age_max_ms"": 23}",LAT TX seq=3098 age_min_ms=23 age_max_ms=23
12043300800,screen,RX,3098,{},I (575220) LAT: RX seq=3098
12057235300,sensor,RTT,3098,"{""us"": 6959}",LAT RTT seq=3098 us=6959
12137996500,sensor,TX,3099,"{""age_min_ms"": 23, ""age_max_ms"": 23}",LAT TX seq=3099 age_min_ms=23 age_max_ms=23
12142901400,screen,RX,3099,{},I (575320) LAT: RX seq=3099
12157188600,sensor,RTT,3099,"{""us"": 4754}",LAT RTT seq=3099 us=4754
12238292900,sensor,TX,3100,"{""age_min_ms"": 64, ""age_max_ms"": 64}",LAT TX seq=3100 age_min_ms=64 age_max_ms=64
12242605400,screen,RX,3100,{},I (575420) LAT: RX seq=3100
12257231400,sensor,RTT,3100,"{""us"": 4390}",LAT RTT seq=3100 us=4390
12338064700,sensor,TX,3101,"{""age_min_ms"": 64, ""age_max_ms"": 64}",LAT TX seq=3101 age_min_ms=64 age_max_ms=64
12343464300,screen,RX,3101,{},I (575520) LAT: RX seq=3101
12357207000,sensor,RTT,3101,"{""us"": 5607}",LAT RTT seq=3101 us=5607
12438284600,sensor,TX,3102,"{""age_min_ms"": 56, ""age_max_ms"": 56}",LAT TX seq=3102 age_min_ms=56 age_max_ms=56
12442515600,screen,RX,3102,{},I (575620) LAT: RX seq=3102
12457539500,sensor,RTT,3102,"{""us"": 4808}",LAT RTT seq=3102 us=4808
12538020900,sensor,TX,3103,"{""age_min_ms"": 64, ""age_max_ms"": 64}",LAT TX seq=3103 age_min_ms=64 age_max_ms=64
12544132400,screen,RX,3103,{},I (575720) LAT: RX seq=3103
12557377400,sensor,RTT,3103,"{""us"": 5098}",LAT RTT seq=3103 us=5098
12638057700,sensor,TX,3104,"{""age_min_ms"": 82, ""age_max_ms"": 82}",LAT TX seq=3104 age_min_ms=82 age_max_ms=82
12642268600,screen,RX,3104,{},I (575820) LAT: RX seq=3104
12657219500,sensor,RTT,3104,"{""us"": 3900}",LAT RTT seq=3104 us=3900
12738039800,sensor,TX,3105,"{""age_min_ms"": 73, ""age_max_ms"": 73}",LAT TX seq=3105 age_min_ms=73 age_max_ms=73
12742872200,screen,RX,3105,{},I (575920) LAT: RX seq=3105
12758242000,sensor,RTT,3105,"{""us"": 5439}",LAT RTT seq=3105 us=5439
12839154700,sensor,TX,3106,"{""age_min_ms"": 57, ""age_max_ms"": 57}",LAT TX seq=3106 age_min_ms=57 age_max_ms=57
12843175900,screen,RX,3106,{},I (576020) LAT: RX seq=3106
12859273900,sensor,RTT,3106,"{""us"": 3187}",LAT RTT seq=3106 us=3187
12940100000,sensor,TX,3107,"{""age_min_ms"": 66, ""age_max_ms"": 66}",LAT TX seq=3107 age_min_ms=66 age_max_ms=66
12949295200,screen,RX,3107,{},I (576120) LAT: RX seq=3107
12959257600,sensor,RTT,3107,"{""us"": 8851}",LAT RTT seq=3107 us=8851
13040314500,sensor,TX,3108,"{""age_min_ms"": 43, ""age_max_ms"": 43}",LAT TX seq=3108 age_min_ms=43 age_max_ms=43
13045245800,screen,RX,3108,{},I (576220) LAT: RX seq=3108
13059233600,sensor,RTT,3108,"{""us"": 6232}",LAT RTT seq=3108 us=6232
13140184900,sensor,TX,3109,"{""age_min_ms"": 43, ""age_max_ms"": 43}",LAT TX seq=3109 age_min_ms=43 age_max_ms=43
13147419200,screen,RX,3109,{},I (576320) LAT: RX seq=3109
13160233000,sensor,RTT,3109,"{""us"": 7610}",LAT RTT seq=3109 us=7610
13241057300,sensor,TX,3110,"{""age_min_ms"": 85, ""age_max_ms"": 85}",LAT TX seq=3110 age_min_ms=85 age_max_ms=85
13247198300,screen,RX,3110,{},I (576420) LAT: RX seq=3110
13260227300,sensor,RTT,3110,"{""us"": 6585}",LAT RTT seq=3110 us=6585
13340985100,sensor,TX,3111,"{""age_min_ms"": 85, ""age_max_ms"": 85}",LAT TX seq=3111 age_min_ms=85 age_max_ms=85
13346365800,screen,RX,3111,{},I (576520) LAT: RX seq=3111
13360297500,sensor,RTT,3111,"{""us"": 5358}",LAT RTT seq=3111 us=5358
13441086100,sensor,TX,3112,"{""age_min_ms"": 85, ""age_max_ms"": 85}",LAT TX seq=3112 age_min_ms=85 age_max_ms=85
13445932600,screen,RX,3112,{},I (576620) LAT: RX seq=3112
13460226200,sensor,RTT,3112,"{""us"": 4252}",LAT RTT seq=3112 us=4252
13541082700,sensor,TX,3113,"{""age_min_ms"": 67, ""age_max_ms"": 67}",LAT TX seq=3113 age_min_ms=67 age_max_ms=67
13545924400,screen,RX,3113,{},I (576720) LAT: RX seq=3113
13560211400,sensor,RTT,3113,"{""us"": 4099}",LAT RTT seq=3113 us=4099
13641006600,sensor,TX,3114,"{""age_min_ms"": 59, ""age_max_ms"": 59}",LAT TX seq=3114 age_min_ms=59 age_max_ms=59
13646210200,screen,RX,3114,{},I (576820) LAT: RX seq=3114
13661238900,sensor,RTT,3114,"{""us"": 4179}",LAT RTT seq=3114 us=4179
13742025500,sensor,TX,3115,"{""age_min_ms"": 68, ""age_max_ms"": 68}",LAT TX seq=3115 age_min_ms=68 age_max_ms=68
13748359600,screen,RX,3115,{},I (576920) LAT: RX seq=3115
13762234200,sensor,RTT,3115,"{""us"": 7159}",LAT RTT seq=3115 us=7159
13843455300,sensor,TX,3116,"{""age_min_ms"": 69, ""age_max_ms"": 69}",LAT TX seq=3116 age_min_ms=69 age_max_ms=69
13848163600,screen,RX,3116,{},I (577020) LAT: RX seq=3116
13863227300,sensor,RTT,3116,"{""us"": 5781}",LAT RTT seq=3116 us=5781
13944282000,sensor,TX,3117,"{""age_min_ms"": 70, ""age_max_ms"": 70}",LAT TX seq=3117 age_min_ms=70 age_max_ms=70
13948369700,screen,RX,3117,{},I (577120) LAT: RX seq=3117
13991025500,sensor,RTT,3117,"{""us"": 4875}",LAT RTT seq=3117 us=4875
14044079800,sensor,TX,3118,"{""age_min_ms"": 29, ""age_max_ms"": 29}",LAT TX seq=3118 age_min_ms=29 age_max_ms=29
14049049900,screen,RX,3118,{},I (577220) LAT: RX seq=3118
14090857600,sensor,RTT,3118,"{""us"": 7261}",LAT RTT seq=3118 us=7261
14144086100,sensor,TX,3119,"{""age_min_ms"": 29, ""age_max_ms"": 29}",LAT TX seq=3119 age_min_ms=29 age_max_ms=29
14148125100,screen,RX,3119,{},I (577320) LAT: RX seq=3119
14163232500,sensor,RTT,3119,"{""us"": 3701}",LAT RTT seq=3119 us=3701
14244228500,sensor,TX,3120,"{""age_min_ms"": 70, ""age_max_ms"": 70}",LAT TX seq=3120 age_min_ms=70 age_max_ms=70
14249621800,screen,RX,3120,{},I (577420) LAT: RX seq=3120
14263225400,sensor,RTT,3120,"{""us"": 4937}",LAT RTT seq=3120 us=4937
14344027300,sensor,TX,3121,"{""age_min_ms"": 70, ""age_max_ms"": 70}",LAT TX seq=3121 age_min_ms=70 age_max_ms=70
14349950400,screen,RX,3121,{},I (577520) LAT: RX seq=3121
14363277700,sensor,RTT,3121,"{""us"": 5147}",LAT RTT seq=3121 us=5147
14444095400,sensor,TX,3122,"{""age_min_ms"": 70, ""age_max_ms"": 70}",LAT TX seq=3122 age_min_ms=70 age_max_ms=70
14448445800,screen,RX,3122,{},I (577620) LAT: RX seq=3122
14463230400,sensor,RTT,3122,"{""us"": 5653}",LAT RTT seq=3122 us=5653
14544095300,sensor,TX,3123,"{""age_min_ms"": 70, ""age_max_ms"": 70}",LAT TX seq=3123 age_min_ms=70 age_max_ms=70
14644089500,sensor,TX,3124,"{""age_min_ms"": 70, ""age_max_ms"": 70}",LAT TX seq=3124 age_min_ms=70 age_max_ms=70
14648526500,screen,RX,3124,{},I (577820) LAT: RX seq=3124
14663224900,sensor,RTT,3124,"{""us"": 4756}",LAT RTT seq=3124 us=4756
14744329700,sensor,TX,3125,"{""age_min_ms"": 70, ""age_max_ms"": 70}",LAT TX seq=3125 age_min_ms=70 age_max_ms=70
14748161000,screen,RX,3125,{},I (577920) LAT: RX seq=3125
14764394400,sensor,RTT,3125,"{""us"": 4940}",LAT RTT seq=3125 us=4940
14845702700,sensor,TX,3126,"{""age_min_ms"": 71, ""age_max_ms"": 71}",LAT TX seq=3126 age_min_ms=71 age_max_ms=71
14849995400,screen,RX,3126,{},I (578020) LAT: RX seq=3126
14865340700,sensor,RTT,3126,"{""us"": 5178}",LAT RTT seq=3126 us=5178
14950248500,screen,RX,3127,{},I (578120) LAT: RX seq=3127
14965338100,sensor,TX,3127,"{""age_min_ms"": 72, ""age_max_ms"": 72}",LAT TX seq=3127 age_min_ms=72 age_max_ms=72
14965338100,sensor,RTT,3127,"{""us"": 5449}",LAT RTT seq=3127 us=5449
15046074300,sensor,TX,3128,"{""age_min_ms"": 31, ""age_max_ms"": 31}",LAT TX seq=3128 age_min_ms=31 age_max_ms=31
15050739800,screen,RX,3128,{},I (578220) LAT: RX seq=3128
15066275200,sensor,RTT,3128,"{""us"": 5059}",LAT RTT seq=3128 us=5059
15147108700,sensor,TX,3129,"{""age_min_ms"": 32, ""age_max_ms"": 32}",LAT TX seq=3129 age_min_ms=32 age_max_ms=32
15152425700,screen,RX,3129,{},I (578330) LAT: RX seq=3129
15172330300,sensor,RTT,3129,"{""us"": 4313}",LAT RTT seq=3129 us=4313
15248104500,sensor,TX,3130,"{""age_min_ms"": 74, ""age_max_ms"": 74}",LAT TX seq=3130 age_min_ms=74 age_max_ms=74
15252319000,screen,RX,3130,{},I (578430) LAT: RX seq=3130
15267333600,sensor,RTT,3130,"{""us"": 7100}",LAT RTT seq=3130 us=7100
15348113800,sensor,TX,3131,"{""age_min_ms"": 74, ""age_max_ms"": 74}",LAT TX seq=3131 age_min_ms=74 age_max_ms=74
15352621000,screen,RX,3131,{},I (578530) LAT: RX seq=3131
15367395600,sensor,RTT,3131,"{""us"": 3753}",LAT RTT seq=3131 us=3753
15448255600,sensor,TX,3132,"{""age_min_ms"": 74, ""age_max_ms"": 74}",LAT TX seq=3132 age_min_ms=74 age_max_ms=74
15452154100,screen,RX,3132,{},I (578630) LAT: RX seq=3132
15467317800,sensor,RTT,3132,"{""us"": 3835}",LAT RTT seq=3132 us=3835
15548095400,sensor,TX,3133,"{""age_min_ms"": 66, ""age_max_ms"": 66}",LAT TX seq=3133 age_min_ms=66 age_max_ms=66
15552268600,screen,RX,3133,{},I (578730) LAT: RX seq=3133
15567219100,sensor,RTT,3133,"{""us"": 4112}",LAT RTT seq=3133 us=4112
15653844600,screen,RX,3134,{},I (578830) LAT: RX seq=3134
15667345600,sensor,RTT,3134,"{""us"": 6003}",LAT TXLAT RTT seq=3134 us=6003
15748037600,sensor,TX,3135,"{""age_min_ms"": 66, ""age_max_ms"": 66}",LAT TX seq=3135 age_min_ms=66 age_max_ms=66
15752942700,screen,RX,3135,{},I (578930) LAT: RX seq=3135
15767257800,sensor,RTT,3135,"{""us"": 4025}",LAT RTT seq=3135 us=4025
15848143300,sensor,TX,3136,"{""age_min_ms"": 66, ""age_max_ms"": 66}",LAT TX seq=3136 age_min_ms=66 age_max_ms=66
15853246000,screen,RX,3136,{},I (579030) LAT: RX seq=3136
15868212500,sensor,RTT,3136,"{""us"": 4579}",LAT RTT seq=3136 us=4579
15949049500,sensor,TX,3137,"{""age_min_ms"": 67, ""age_max_ms"": 67}",LAT TX seq=3137 age_min_ms=67 age_max_ms=67
15953202100,screen,RX,3137,{},I (579130) LAT: RX seq=3137
15968217900,sensor,RTT,3137,"{""us"": 6786}",LAT RTT seq=3137 us=6786
16049038500,sensor,TX,3138,"{""age_min_ms"": 34, ""age_max_ms"": 34}",LAT TX seq=3138 age_min_ms=34 age_max_ms=34
16054003300,screen,RX,3138,{},I (579230) LAT: RX seq=3138
16068499700,sensor,RTT,3138,"{""us"": 7201}",LAT RTT seq=3138 us=7201
16149154100,sensor,TX,3139,"{""age_min_ms"": 34, ""age_max_ms"": 34}",LAT TX seq=3139 age_min_ms=34 age_max_ms=34
16154019500,screen,RX,3139,{},I (579330) LAT: RX seq=3139
16168225600,sensor,RTT,3139,"{""us"": 12226}",LAT RTT seq=3139 us=12226
16248961900,sensor,TX,3140,"{""age_min_ms"": 75, ""age_max_ms"": 75}",LAT TX seq=3140 age_min_ms=75 age_max_ms=75
16255828400,screen,RX,3140,{},I (579430) LAT: RX seq=3140
16268249600,sensor,RTT,3140,"{""us"": 8335}",LAT RTT seq=3140 us=8335
16349114600,sensor,TX,3141,"{""age_min_ms"": 81, ""age_max_ms"": 81}",LAT TX seq=3141 age_min_ms=81 age_max_ms=81
16353590300,screen,RX,3141,{},I (579530) LAT: RX seq=3141
16368292200,sensor,RTT,3141,"{""us"": 7229}",LAT RTT seq=3141 us=7229
16449007800,sensor,TX,3142,"{""age_min_ms"": 75, ""age_max_ms"": 75}",LAT TX seq=3142 age_min_ms=75 age_max_ms=75
16453369100,screen,RX,3142,{},I (579630) LAT: RX seq=3142
16468214300,sensor,RTT,3142,"{""us"": 7000}",LAT RTT seq=3142 us=7000
16549182200,sensor,TX,3143,"{""age_min_ms"": 75, ""age_max_ms"": 75}",LAT TX seq=3143 age_min_ms=75 age_max_ms=75
16553358100,screen,RX,3143,{},I (579730) LAT: RX seq=3143
16568219800,sensor,RTT,3143,"{""us"": 4018}",LAT RTT seq=3143 us=4018
16649360800,sensor,TX,3144,"{""age_min_ms"": 75, ""age_max_ms"": 75}",LAT TX seq=3144 age_min_ms=75 age_max_ms=75
16653409200,screen,RX,3144,{},I (579830) LAT: RX seq=3144
16669460600,sensor,RTT,3144,"{""us"": 6364}",LAT RTT seq=3144 us=6364
16750219800,sensor,TX,3145,"{""age_min_ms"": 75, ""age_max_ms"": 75}",LAT TX seq=3145 age_min_ms=75 age_max_ms=75
16755420800,screen,RX,3145,{},I (579930) LAT: RX seq=3145
16770350100,sensor,RTT,3145,"{""us"": 4987}",LAT RTT seq=3145 us=4987
16852234300,sensor,TX,3146,"{""age_min_ms"": 69, ""age_max_ms"": 69}",LAT TX seq=3146 age_min_ms=69 age_max_ms=69
16856370600,screen,RX,3146,{},I (580030) LAT: RX seq=3146
16871263400,sensor,RTT,3146,"{""us"": 7223}",LAT RTT seq=3146 us=7223
16952235400,sensor,TX,3147,"{""age_min_ms"": 70, ""age_max_ms"": 70}",LAT TX seq=3147 age_min_ms=70 age_max_ms=70
16956906800,screen,RX,3147,{},I (580130) LAT: RX seq=3147
16971472800,sensor,RTT,3147,"{""us"": 4131}",LAT RTT seq=3147 us=4131
17052114500,sensor,TX,3148,"{""age_min_ms"": 29, ""age_max_ms"": 29}",LAT TX seq=3148 age_min_ms=29 age_max_ms=29
17065658300,screen,RX,3148,{},I (580240) LAT: RX seq=3148
17072352500,sensor,RTT,3148,"{""us"": 13369}",LAT RTT seq=3148 us=13369
17153100800,sensor,TX,3149,"{""age_min_ms"": 30, ""age_max_ms"": 30}",LAT TX seq=3149 age_min_ms=30 age_max_ms=30
17157576000,screen,RX,3149,{},I (580330) LAT: RX seq=3149
17172216900,sensor,RTT,3149,"{""us"": 15401}",LAT RTT seq=3149 us=15401
17253144700,sensor,TX,3150,"{""age_min_ms"": 71, ""age_max_ms"": 71}",LAT TX seq=3150 age_min_ms=71 age_max_ms=71
17257265900,screen,RX,3150,{},I (580430) LAT: RX seq=3150
17353232300,sensor,RTT,3150,"{""us"": 3883}",LAT RTT seq=3150 us=3883
17353232300,sensor,TX,3151,"{""age_min_ms"": 97, ""age_max_ms"": 97}",LAT TX seq=3151 age_min_ms=97 age_max_ms=97
17357181200,screen,RX,3151,{},I (580530) LAT: RX seq=3151
17372245300,sensor,RTT,3151,"{""us"": 6842}",LAT RTT seq=3151 us=6842
17453190100,sensor,TX,3152,"{""age_min_ms"": 97, ""age_max_ms"": 97}",LAT TX seq=3152 age_min_ms=97 age_max_ms=97
17458786100,screen,RX,3152,{},I (580630) LAT: RX seq=3152
17473265400,sensor,RTT,3152,"{""us"": 7438}",LAT RTT seq=3152 us=7438
17554130800,sensor,TX,3153,"{""age_min_ms"": 72, ""age_max_ms"": 72}",LAT TX seq=3153 age_min_ms=72 age_max_ms=72
17559073000,screen,RX,3153,{},I (580730) LAT: RX seq=3153
17574345600,sensor,RTT,3153,"{""us"": 5035}",LAT RTT seq=3153 us=5035
17655216700,sensor,TX,3154,"{""age_min_ms"": 99, ""age_max_ms"": 99}",LAT TX seq=3154 age_min_ms=99 age_max_ms=99
17660094200,screen,RX,3154,{},I (580830) LAT: RX seq=3154
17675218200,sensor,RTT,3154,"{""us"": 4256}",LAT RTT seq=3154 us=4256
17756312800,sensor,TX,3155,"{""age_min_ms"": 82, ""age_max_ms"": 82}",LAT TX seq=3155 age_min_ms=82 age_max_ms=82
17760972500,screen,RX,3155,{},I (580930) LAT: RX seq=3155
17775260300,sensor,RTT,3155,"{""us"": 7717}",LAT RTT seq=3155 us=7717
17856015700,sensor,TX,3156,"{""age_min_ms"": 82, ""age_max_ms"": 82}",LAT TX seq=3156 age_min_ms=82 age_max_ms=82
17860136500,screen,RX,3156,{},I (581030) LAT: RX seq=3156
17875427600,sensor,RTT,3156,"{""us"": 3552}",LAT RTT seq=3156 us=3552
17956067000,sensor,TX,3157,"{""age_min_ms"": 82, ""age_max_ms"": 82}",LAT TX seq=3157 age_min_ms=82 age_max_ms=82
17960167900,screen,RX,3157,{},I (581130) LAT: RX seq=3157
17975222100,sensor,RTT,3157,"{""us"": 3508}",LAT RTT seq=3157 us=3508
18056046000,sensor,TX,3158,"{""age_min_ms"": 41, ""age_max_ms"": 41}",LAT TX seq=3158 age_min_ms=41 age_max_ms=41
18061375400,screen,RX,3158,{},I (581230) LAT: RX seq=3158
18076227200,sensor,RTT,3158,"{""us"": 7459}",LAT RTT seq=3158 us=7459
18157276100,sensor,TX,3159,"{""age_min_ms"": 60, ""age_max_ms"": 60}",LAT TX seq=3159 age_min_ms=60 age_max_ms=60
18161812100,screen,RX,3159,{},I (581340) LAT: RX seq=3159
18177295700,sensor,RTT,3159,"{""us"": 5044}",LAT RTT seq=3159 us=5044
18258111600,sensor,TX,3160,"{""age_min_ms"": 84, ""age_max_ms"": 84}",LAT TX seq=3160 age_min_ms=84 age_max_ms=84
18262160400,screen,RX,3160,{},I (581440) LAT: RX seq=3160
18277306400,sensor,RTT,3160,"{""us"": 3850}",LAT RTT seq=3160 us=3850
18358183000,sensor,TX,3161,"{""age_min_ms"": 2, ""age_max_ms"": 2}",LAT TX seq=3161 age_min_ms=2 age_max_ms=2
18363982000,screen,RX,3161,{},I (581540) LAT: RX seq=3161
18377255700,sensor,RTT,3161,"{""us"": 9340}",LAT RTT seq=3161 us=9340
18458118400,sensor,TX,3162,"{""age_min_ms"": 2, ""age_max_ms"": 2}",LAT TX seq=3162 age_min_ms=2 age_max_ms=2
18463152500,screen,RX,3162,{},I (581640) LAT: RX seq=3162
18477292700,sensor,RTT,3162,"{""us"": 6134}",LAT RTT seq=3162 us=6134
18558221700,sensor,TX,3163,"{""age_min_ms"": 102, ""age_max_ms"": 102}",LAT TX seq=3163 age_min_ms=102 age_max_ms=102
18563313600,screen,RX,3163,{},I (581740) LAT: RX seq=3163
18577286600,sensor,RTT,3163,"{""us"": 5958}",LAT RTT seq=3163 us=5958
18658150100,sensor,TX,3164,"{""age_min_ms"": 2, ""age_max_ms"": 2}",LAT TX seq=3164 age_min_ms=2 age_max_ms=2
18663289400,screen,RX,3164,{},I (581840) LAT: RX seq=3164
18678295400,sensor,RTT,3164,"{""us"": 11430}",LAT RTT seq=3164 us=11430
18759257100,sensor,TX,3165,"{""age_min_ms"": 103, ""age_max_ms"": 103}",LAT TX seq=3165 age_min_ms=103 age_max_ms=103
18763277600,screen,RX,3165,{},I (581940) LAT: RX seq=3165
18778263600,sensor,RTT,3165,"{""us"": 4572}",LAT RTT seq=3165 us=4572
18859264700,sensor,TX,3166,"{""age_min_ms"": 85, ""age_max_ms"": 85}",LAT TX seq=3166 age_min_ms=85 age_max_ms=85
18863173800,screen,RX,3166,{},I (582040) LAT: RX seq=3166
18878223900,sensor,RTT,3166,"{""us"": 3135}",LAT RTT seq=3166 us=3135
18959060600,sensor,TX,3167,"{""age_min_ms"": 91, ""age_max_ms"": 91}",LAT TX seq=3167 age_min_ms=91 age_max_ms=91
18963156200,screen,RX,3167,{},I (582140) LAT: RX seq=3167
18978222100,sensor,RTT,3167,"{""us"": 3450}",LAT RTT seq=3167 us=3450
19059085000,sensor,TX,3168,"{""age_min_ms"": 62, ""age_max_ms"": 62}",LAT TX seq=3168 age_min_ms=62 age_max_ms=62
19067268000,screen,RX,3168,{},I (582240) LAT: RX seq=3168
19079241200,sensor,RTT,3168,"{""us"": 8695}",LAT RTT seq=3168 us=8695
19160110300,sensor,TX,3169,"{""age_min_ms"": 45, ""age_max_ms"": 45}",LAT TX seq=3169 age_min_ms=45 age_max_ms=45
19164173300,screen,RX,3169,{},I (582340) LAT: RX seq=3169
19180351400,sensor,RTT,3169,"{""us"": 7989}",LAT RTT seq=3169 us=7989
19261029600,sensor,TX,3170,"{""age_min_ms"": 5, ""age_max_ms"": 5}",LAT TX seq=3170 age_min_ms=5 age_max_ms=5
19265987100,screen,RX,3170,{},I (582440) LAT: RX seq=3170
19280250100,sensor,RTT,3170,"{""us"": 4453}",LAT RTT seq=3170 us=4453
19361046800,sensor,TX,3171,"{""age_min_ms"": 5, ""age_max_ms"": 5}",LAT TX seq=3171 age_min_ms=5 age_max_ms=5
19367763100,screen,RX,3171,{},I (582540) LAT: RX seq=3171
19380213200,sensor,RTT,3171,"{""us"": 9080}",LAT RTT seq=3171 us=9080
19461137400,sensor,TX,3172,"{""age_min_ms"": 105, ""age_max_ms"": 105}",LAT TX seq=3172 age_min_ms=105 age_max_ms=105
19465487900,screen,RX,3172,{},I (582640) LAT: RX seq=3172
19480317800,sensor,RTT,3172,"{""us"": 4431}",LAT RTT seq=3172 us=4431
19561013700,sensor,TX,3173,"{""age_min_ms"": 87, ""age_max_ms"": 87}",LAT TX seq=3173 age_min_ms=87 age_max_ms=87
19565609100,screen,RX,3173,{},I (582740) LAT: RX seq=3173
19581259600,sensor,RTT,3173,"{""us"": 4376}",LAT RTT seq=3173 us=4376
19662075200,sensor,TX,3174,"{""age_min_ms"": 88, ""age_max_ms"": 88}",LAT TX seq=3174 age_min_ms=88 age_max_ms=88
19667217600,screen,RX,3174,{},I (582840) LAT: RX seq=3174
19715025400,sensor,RTT,3174,"{""us"": 4584}",LAT RTT seq=3174 us=4584
19763081800,sensor,TX,3175,"{""age_min_ms"": 89, ""age_max_ms"": 89}",LAT TX seq=3175 age_min_ms=89 age_max_ms=89
19767545000,screen,RX,3175,{},I (582940) LAT: RX seq=3175
19783260300,sensor,RTT,3175,"{""us"": 4482}",LAT RTT seq=3175 us=4482
19864441700,sensor,TX,3176,"{""age_min_ms"": 8, ""age_max_ms"": 8}",LAT TX seq=3176 age_min_ms=8 age_max_ms=8
19868265000,screen,RX,3176,{},I (583040) LAT: RX seq=3176
19883239900,sensor,RTT,3176,"{""us"": 8458}",LAT RTT seq=3176 us=8458
19964100100,sensor,TX,3177,"{""age_min_ms"": 108, ""age_max_ms"": 108}",LAT TX seq=3177 age_min_ms=108 age_max_ms=108
19968146000,screen,RX,3177,{},I (583140) LAT: RX seq=3177
19983391300,sensor,RTT,3177,"{""us"": 6201}",LAT RTT seq=3177 us=6201
20064038500,sensor,TX,3178,"{""age_min_ms"": 67, ""age_max_ms"": 67}",LAT TX seq=3178 age_min_ms=67 age_max_ms=67
20070371300,screen,RX,3178,{},I (583240) LAT: RX seq=3178
20083288000,sensor,RTT,3178,"{""us"": 5621}",LAT RTT seq=3178 us=5621
20164067900,sensor,TX,3179,"{""age_min_ms"": 8, ""age_max_ms"": 8}",LAT TX seq=3179 age_min_ms=8 age_max_ms=8
20169625100,screen,RX,3179,{},I (583340) LAT: RX seq=3179
20183406600,sensor,RTT,3179,"{""us"": 6438}",LAT RTT seq=3179 us=6438
20264072200,sensor,TX,3180,"{""age_min_ms"": 8, ""age_max_ms"": 8}",LAT TX seq=3180 age_min_ms=8 age_max_ms=8
20269006700,screen,RX,3180,{},I (583440) LAT: RX seq=3180
20283262200,sensor,RTT,3180,"{""us"": 4959}",LAT RTT seq=3180 us=4959
20364125500,sensor,TX,3181,"{""age_min_ms"": 108, ""age_max_ms"": 108}",LAT TX seq=3181 age_min_ms=108 age_max_ms=108
20369632900,screen,RX,3181,{},I (583540) LAT: RX seq=3181
20383637800,sensor,RTT,3181,"{""us"": 4926}",LAT RTT seq=3181 us=4926
20464162700,sensor,TX,3182,"{""age_min_ms"": 90, ""age_max_ms"": 90}",LAT TX seq=3182 age_min_ms=90 age_max_ms=90
20468619500,screen,RX,3182,{},I (583640) LAT: RX seq=3182
20483281800,sensor,RTT,3182,"{""us"": 4652}",LAT RTT seq=3182 us=4652
20564054900,sensor,TX,3183,"{""age_min_ms"": 90, ""age_max_ms"": 90}",LAT TX seq=3183 age_min_ms=90 age_max_ms=90
20568453200,screen,RX,3183,{},I (583740) LAT: RX seq=3183
20583251500,sensor,RTT,3183,"{""us"": 4398}",LAT RTT seq=3183 us=4398
20670995900,screen,RX,3184,{},I (583840) LAT: RX seq=3184
20684265000,sensor,RTT,3184,"{""us"": 6505}",LAT RTT seq=3184 us=6505
20765070000,sensor,TX,3185,"{""age_min_ms"": 91, ""age_max_ms"": 91}",LAT TX seq=3185 age_min_ms=91 age_max_ms=91
20769569300,screen,RX,3185,{},I (583940) LAT: RX seq=3185
20785276100,sensor,RTT,3185,"{""us"": 5282}",LAT RTT seq=3185 us=5282
20866057900,sensor,TX,3186,"{""age_min_ms"": 10, ""age_max_ms"": 10}",LAT TX seq=3186 age_min_ms=10 age_max_ms=10
20871098200,screen,RX,3186,{},I (584040) LAT: RX seq=3186
20885203500,sensor,RTT,3186,"{""us"": 6279}",LAT RTT seq=3186 us=6279
20966001500,sensor,TX,3187,"{""age_min_ms"": 110, ""age_max_ms"": 110}",LAT TX seq=3187 age_min_ms=110 age_max_ms=110
20978813000,screen,RX,3187,{},I (584150) LAT: RX seq=3187
20985236200,sensor,RTT,3187,"{""us"": 12875}",LAT RTT seq=3187 us=12875
21066097700,sensor,TX,3188,"{""age_min_ms"": 50, ""age_max_ms"": 50}",LAT TX seq=3188 age_min_ms=50 age_max_ms=50
21071051700,screen,RX,3188,{},I (584240) LAT: RX seq=3188
21085223700,sensor,RTT,3188,"{""us"": 4396}",LAT RTT seq=3188 us=4396
21166155700,sensor,TX,3189,"{""age_min_ms"": 10, ""age_max_ms"": 10}",LAT TX seq=3189 age_min_ms=10 age_max_ms=10
21171068800,screen,RX,3189,{},I (584340) LAT: RX seq=3189
21186261000,sensor,RTT,3189,"{""us"": 5095}",LAT RTT seq=3189 us=5095
21267079500,sensor,TX,3190,"{""age_min_ms"": 111, ""age_max_ms"": 111}",LAT TX seq=3190 age_min_ms=111 age_max_ms=111
21273667100,screen,RX,3190,{},I (584450) LAT: RX seq=3190
21286292900,sensor,RTT,3190,"{""us"": 6613}",LAT RTT seq=3190 us=6613
21367111300,sensor,TX,3191,"{""age_min_ms"": 85, ""age_max_ms"": 85}",LAT TX seq=3191 age_min_ms=85 age_max_ms=85
21371234600,screen,RX,3191,{},I (584540) LAT: RX seq=3191
21467121500,sensor,RTT,3191,"{""us"": 11685}",LAT RTT seq=3191 us=11685
21467403500,sensor,TX,3192,"{""age_min_ms"": 93, ""age_max_ms"": 93}",LAT TX seq=3192 age_min_ms=93 age_max_ms=93
21473145600,screen,RX,3192,{},I (584650) LAT: RX seq=3192
21486315300,sensor,RTT,3192,"{""us"": 9667}",LAT RTT seq=3192 us=9667
21567150600,sensor,TX,3193,"{""age_min_ms"": 93, ""age_max_ms"": 93}",LAT TX seq=3193 age_min_ms=93 age_max_ms=93
21572289000,screen,RX,3193,{},I (584750) LAT: RX seq=3193
21586297200,sensor,RTT,3193,"{""us"": 6055}",LAT RTT seq=3193 us=6055
21667069900,sensor,TX,3194,"{""age_min_ms"": 93, ""age_max_ms"": 93}",LAT TX seq=3194 age_min_ms=93 age_max_ms=93
21672728200,screen,RX,3194,{},I (584850) LAT: RX seq=3194
21687256200,sensor,RTT,3194,"{""us"": 5795}",LAT RTT seq=3194 us=5795
21768033200,sensor,TX,3195,"{""age_min_ms"": 94, ""age_max_ms"": 94}",LAT TX seq=3195 age_min_ms=94 age_max_ms=94
21773407500,screen,RX,3195,{},I (584950) LAT: RX seq=3195
21788281100,sensor,RTT,3195,"{""us"": 5920}",LAT RTT seq=3195 us=5920
21869321400,sensor,TX,3196,"{""age_min_ms"": 95, ""age_max_ms"": 95}",LAT TX seq=3196 age_min_ms=95 age_max_ms=95
21874776400,screen,RX,3196,{},I (585050) LAT: RX seq=3196
21889304500,sensor,RTT,3196,"{""us"": 5916}",LAT RTT seq=3196 us=5916
21970161300,sensor,TX,3197,"{""age_min_ms"": 96, ""age_max_ms"": 96}",LAT TX seq=3197 age_min_ms=96 age_max_ms=96
21975534000,screen,RX,3197,{},I (585150) LAT: RX seq=3197
21989244300,sensor,RTT,3197,"{""us"": 5386}",LAT RTT seq=3197 us=5386
22070158500,sensor,TX,3198,"{""age_min_ms"": 55, ""age_max_ms"": 55}",LAT TX seq=3198 age_min_ms=55 age_max_ms=55
22074435900,screen,RX,3198,{},I (585250) LAT: RX seq=3198
22089239300,sensor,RTT,3198,"{""us"": 4825}",LAT RTT seq=3198 us=4825
22170037200,sensor,TX,3199,"{""age_min_ms"": 55, ""age_max_ms"": 55}",LAT TX seq=3199 age_min_ms=55 age_max_ms=55
22174375700,screen,RX,3199,{},I (585350) LAT: RX seq=3199
22190274300,sensor,RTT,3199,"{""us"": 4620}",LAT RTT seq=3199 us=4620
22271080500,sensor,TX,3200,"{""age_min_ms"": 97, ""age_max_ms"": 97}",LAT TX seq=3200 age_min_ms=97 age_max_ms=97
22275915100,screen,RX,3200,{},I (585450) LAT: RX seq=3200
22290246500,sensor,RTT,3200,"{""us"": 5084}",LAT RTT seq=3200 us=5084
22371131400,sensor,TX,3201,"{""age_min_ms"": 97, ""age_max_ms"": 97}",LAT TX seq=3201 age_min_ms=97 age_max_ms=97
22375280800,screen,RX,3201,{},I (585550) LAT: RX seq=3201
22390250500,sensor,RTT,3201,"{""us"": 6375}",LAT RTT seq=3201 us=6375
22471087800,sensor,TX,3202,"{""age_min_ms"": 97, ""age_max_ms"": 97}",LAT TX seq=3202 age_min_ms=97 age_max_ms=97
22475207300,screen,RX,3202,{},I (585650) LAT: RX seq=3202
22490279800,sensor,RTT,3202,"{""us"": 3641}",LAT RTT seq=3202 us=3641
22571118900,sensor,TX,3203,"{""age_min_ms"": 97, ""age_max_ms"": 97}",LAT TX seq=3203 age_min_ms=97 age_max_ms=97
22576765200,screen,RX,3203,{},I (585750) LAT: RX seq=3203
22590378000,sensor,RTT,3203,"{""us"": 6287}",LAT RTT seq=3203 us=6287
22671047300,sensor,TX,3204,"{""age_min_ms"": 97, ""age_max_ms"": 97}",LAT TX seq=3204 age_min_ms=97 age_max_ms=97
22675200200,screen,RX,3204,{},I (585850) LAT: RX seq=3204
22691258400,sensor,RTT,3204,"{""us"": 6013}",LAT RTT seq=3204 us=6013
22772095700,sensor,TX,3205,"{""age_min_ms"": 90, ""age_max_ms"": 90}",LAT TX seq=3205 age_min_ms=90 age_max_ms=90
22776892100,screen,RX,3205,{},I (585950) LAT: RX seq=3205
22792285800,sensor,RTT,3205,"{""us"": 4485}",LAT RTT seq=3205 us=4485
22873138800,sensor,TX,3206,"{""age_min_ms"": 98, ""age_max_ms"": 98}",LAT TX seq=3206 age_min_ms=98 age_max_ms=98
22877173700,screen,RX,3206,{},I (586050) LAT: RX seq=3206
22892286200,sensor,RTT,3206,"{""us"": 7951}",LAT RTT seq=3206 us=7951
22973145900,sensor,TX,3207,"{""age_min_ms"": 98, ""age_max_ms"": 98}",LAT TX seq=3207 age_min_ms=98 age_max_ms=98
22977386200,screen,RX,3207,{},I (586150) LAT: RX seq=3207
22992165000,sensor,RTT,3207,"{""us"": 4596}",LAT RTT seq=3207 us=4596
23073147700,sensor,TX,3208,"{""age_min_ms"": 50, ""age_max_ms"": 50}",LAT TX seq=3208 age_min_ms=50 age_max_ms=50
23077223100,screen,RX,3208,{},I (586250) LAT: RX seq=3208
23092170500,sensor,RTT,3208,"{""us"": 5840}",LAT RTT seq=3208 us=5840
23173310600,sensor,TX,3209,"{""age_min_ms"": 0, ""age_max_ms"": 0}",LAT TX seq=3209 age_min_ms=0 age_max_ms=0
23178050100,screen,RX,3209,{},I (586350) LAT: RX seq=3209
23193455300,sensor,RTT,3209,"{""us"": 8251}",LAT RTT seq=3209 us=8251
23274242300,sensor,TX,3210,"{""age_min_ms"": 0, ""age_max_ms"": 0}",LAT TX seq=3210 age_min_ms=0 age_max_ms=0
23278459200,screen,RX,3210,{},I (586450) LAT: RX seq=3210
23294342000,sensor,RTT,3210,"{""us"": 3538}",LAT RTT seq=3210 us=3538
23375110300,sensor,TX,3211,"{""age_min_ms"": 1, ""age_max_ms"": 1}",LAT TX seq=3211 age_min_ms=1 age_max_ms=1
23380173000,screen,RX,3211,{},I (586550) LAT: RX seq=3211
23394362900,sensor,RTT,3211,"{""us"": 5787}",LAT RTT seq=3211 us=5787
23475048600,sensor,TX,3212,"{""age_min_ms"": 18, ""age_max_ms"": 18}",LAT TX seq=3212 age_min_ms=18 age_max_ms=18
23480711800,screen,RX,3212,{},I (586650) LAT: RX seq=3212
23494289400,sensor,RTT,3212,"{""us"": 8214}",LAT RTT seq=3212 us=8214
23575058900,sensor,TX,3213,"{""age_min_ms"": 118, ""age_max_ms"": 118}",LAT TX seq=3213 age_min_ms=118 age_max_ms=118
23581567500,screen,RX,3213,{},I (586760) LAT: RX seq=3213
23594274700,sensor,RTT,3213,"{""us"": 8420}",LAT RTT seq=3213 us=8420
23675061700,sensor,TX,3214,"{""age_min_ms"": 93, ""age_max_ms"": 93}",LAT TX seq=3214 age_min_ms=93 age_max_ms=93
23680290300,screen,RX,3214,{},I (586850) LAT: RX seq=3214
23695286500,sensor,RTT,3214,"{""us"": 4421}",LAT RTT seq=3214 us=4421
23776204500,sensor,TX,3215,"{""age_min_ms"": 94, ""age_max_ms"": 94}",LAT TX seq=3215 age_min_ms=94 age_max_ms=94
23780479700,screen,RX,3215,{},I (586950) LAT: RX seq=3215
23823022200,sensor,RTT,3215,"{""us"": 3973}",LAT RTT seq=3215 us=3973
23876261800,sensor,TX,3216,"{""age_min_ms"": 94, ""age_max_ms"": 94}",LAT TX seq=3216 age_min_ms=94 age_max_ms=94
23880175900,screen,RX,3216,{},I (587050) LAT: RX seq=3216
23895400000,sensor,RTT,3216,"{""us"": 3857}",LAT RTT seq=3216 us=3857
23976110200,sensor,TX,3217,"{""age_min_ms"": 94, ""age_max_ms"": 94}",LAT TX seq=3217 age_min_ms=94 age_max_ms=94
23980985000,screen,RX,3217,{},I (587150) LAT: RX seq=3217
23995333100,sensor,RTT,3217,"{""us"": 4487}",LAT RTT seq=3217 us=4487
24076484000,sensor,TX,3218,"{""age_min_ms"": 62, ""age_max_ms"": 62}",LAT TX seq=3218 age_min_ms=62 age_max_ms=62
24080717900,screen,RX,3218,{},I (587250) LAT: RX seq=3218
24095230000,sensor,RTT,3218,"{""us"": 4940}",LAT RTT seq=3218 us=4940
24176371200,sensor,TX,3219,"{""age_min_ms"": 3, ""age_max_ms"": 3}",LAT TX seq=3219 age_min_ms=3 age_max_ms=3
24183252800,screen,RX,3219,{},I (587360) LAT: RX seq=3219
24195270400,sensor,RTT,3219,"{""us"": 7135}",LAT RTT seq=3219 us=7135
24276045700,sensor,TX,3220,"{""age_min_ms"": 3, ""age_max_ms"": 3}",LAT TX seq=3220 age_min_ms=3 age_max_ms=3
24280421100,screen,RX,3220,{},I (587450) LAT: RX seq=3220
24295250800,sensor,RTT,3220,"{""us"": 3318}",LAT RTT seq=3220 us=3318
24376105900,sensor,TX,3221,"{""age_min_ms"": 2, ""age_max_ms"": 2}",LAT TX seq=3221 age_min_ms=2 age_max_ms=2
24382000500,screen,RX,3221,{},I (587550) LAT: RX seq=3221
24395300900,sensor,RTT,3221,"{""us"": 6902}",LAT RTT seq=3221 us=6902
24476191700,sensor,TX,3222,"{""age_min_ms"": 2, ""age_max_ms"": 2}",LAT TX seq=3222 age_min_ms=2 age_max_ms=2
24480188000,screen,RX,3222,{},I (587650) LAT: RX seq=3222
24495253800,sensor,RTT,3222,"{""us"": 3062}",LAT RTT seq=3222 us=3062
24576059700,sensor,TX,3223,"{""age_min_ms"": 2, ""age_max_ms"": 2}",LAT TX seq=3223 age_min_ms=2 age_max_ms=2
24580639700,screen,RX,3223,{},I (587750) LAT: RX seq=3223
24595243100,sensor,RTT,3223,"{""us"": 5866}",LAT RTT seq=3223 us=5866
24676073300,sensor,TX,3224,"{""age_min_ms"": 2, ""age_max_ms"": 2}",LAT TX seq=3224 age_min_ms=2 age_max_ms=2
24680189700,screen,RX,3224,{},I (587850) LAT: RX seq=3224
24696235500,sensor,RTT,3224,"{""us"": 4581}",LAT RTT seq=3224 us=4581
24777223000,sensor,TX,3225,"{""age_min_ms"": 103, ""age_max_ms"": 103}",LAT TX seq=3225 age_min_ms=103 age_max_ms=103
24781814400,screen,RX,3225,{},I (587960) LAT: RX seq=3225
24796328300,sensor,RTT,3225,"{""us"": 5357}",LAT RTT seq=3225 us=5357
24877139800,sensor,TX,3226,"{""age_min_ms"": 4, ""age_max_ms"": 4}",LAT TX seq=3226 age_min_ms=4 age_max_ms=4
24882041200,screen,RX,3226,{},I (588060) LAT: RX seq=3226
24897313900,sensor,RTT,3226,"{""us"": 4462}",LAT RTT seq=3226 us=4462
24978083000,sensor,TX,3227,"{""age_min_ms"": 105, ""age_max_ms"": 105}",LAT TX seq=3227 age_min_ms=105 age_max_ms=105
24982450400,screen,RX,3227,{},I (588160) LAT: RX seq=3227
24997206300,sensor,RTT,3227,"{""us"": 6855}",LAT RTT seq=3227 us=6855
25078071700,sensor,TX,3228,"{""age_min_ms"": 55, ""age_max_ms"": 55}",LAT TX seq=3228 age_min_ms=55 age_max_ms=55
25082205300,screen,RX,3228,{},I (588260) LAT: RX seq=3228
25098229800,sensor,RTT,3228,"{""us"": 4216}",LAT RTT seq=3228 us=4216
25179136200,sensor,TX,3229,"{""age_min_ms"": 63, ""age_max_ms"": 63}",LAT TX seq=3229 age_min_ms=63 age_max_ms=63
25183706300,screen,RX,3229,{},I (588360) LAT: RX seq=3229
25199512700,sensor,RTT,3229,"{""us"": 4426}",LAT RTT seq=3229 us=4426
25280164600,sensor,TX,3230,"{""age_min_ms"": 24, ""age_max_ms"": 24}",LAT TX seq=3230 age_min_ms=24 age_max_ms=24
25284234300,screen,RX,3230,{},I (588460) LAT: RX seq=3230
25299290100,sensor,RTT,3230,"{""us"": 3521}",LAT RTT seq=3230 us=3521
25380336900,sensor,TX,3231,"{""age_min_ms"": 23, ""age_max_ms"": 23}",LAT TX seq=3231 age_min_ms=23 age_max_ms=23
25384157900,screen,RX,3231,{},I (588560) LAT: RX seq=3231
25399230800,sensor,RTT,3231,"{""us"": 5557}",LAT RTT seq=3231 us=5557
25480079900,sensor,TX,3232,"{""age_min_ms"": 123, ""age_max_ms"": 123}",LAT TX seq=3232 age_min_ms=123 age_max_ms=123
25485894400,screen,RX,3232,{},I (588660) LAT: RX seq=3232
25499276300,sensor,RTT,3232,"{""us"": 5874}",LAT RTT seq=3232 us=5874
25580090900,sensor,TX,3233,"{""age_min_ms"": 98, ""age_max_ms"": 98}",LAT TX seq=3233 age_min_ms=98 age_max_ms=98
25587113100,screen,RX,3233,{},I (588760) LAT: RX seq=3233
25599324500,sensor,RTT,3233,"{""us"": 8715}",LAT RTT seq=3233 us=8715
25680107800,sensor,TX,3234,"{""age_min_ms"": 23, ""age_max_ms"": 23}",LAT TX seq=3234 age_min_ms=23 age_max_ms=23
25684274000,screen,RX,3234,{},I (588860) LAT: RX seq=3234
25700178500,sensor,RTT,3234,"{""us"": 3690}",LAT RTT seq=3234 us=3690
25781085700,sensor,TX,3235,"{""age_min_ms"": 27, ""age_max_ms"": 27}",LAT TX seq=3235 age_min_ms=27 age_max_ms=27
25786391800,screen,RX,3235,{},I (588960) LAT: RX seq=3235
25801201000,sensor,RTT,3235,"{""us"": 4431}",LAT RTT seq=3235 us=4431
25882122400,sensor,TX,3236,"{""age_min_ms"": 17, ""age_max_ms"": 17}",LAT TX seq=3236 age_min_ms=17 age_max_ms=17
25886379000,screen,RX,3236,{},I (589060) LAT: RX seq=3236
25902229000,sensor,RTT,3236,"{""us"": 3199}",LAT RTT seq=3236 us=3199
25983031000,sensor,TX,3237,"{""age_min_ms"": 118, ""age_max_ms"": 118}",LAT TX seq=3237 age_min_ms=118 age_max_ms=118
25988127100,screen,RX,3237,{},I (589160) LAT: RX seq=3237
26002225600,sensor,RTT,3237,"{""us"": 5438}",LAT RTT seq=3237 us=5438
26083297000,sensor,TX,3238,"{""age_min_ms"": 85, ""age_max_ms"": 85}",LAT TX seq=3238 age_min_ms=85 age_max_ms=85
26088098400,screen,RX,3238,{},I (589260) LAT: RX seq=3238
26102230900,sensor,RTT,3238,"{""us"": 4030}",LAT RTT seq=3238 us=4030
26183968100,sensor,TX,3239,"{""age_min_ms"": 26, ""age_max_ms"": 26}",LAT TX seq=3239 age_min_ms=26 age_max_ms=26
26188144800,screen,RX,3239,{},I (589360) LAT: RX seq=3239
26203247200,sensor,RTT,3239,"{""us"": 4035}",LAT RTT seq=3239 us=4035
26284242300,sensor,TX,3240,"{""age_min_ms"": 10, ""age_max_ms"": 10}",LAT TX seq=3240 age_min_ms=10 age_max_ms=10
26291122100,screen,RX,3240,{},I (589460) LAT: RX seq=3240
26303288400,sensor,RTT,3240,"{""us"": 6589}",LAT RTT seq=3240 us=6589
26384326700,sensor,TX,3241,"{""age_min_ms"": 11, ""age_max_ms"": 11}",LAT TX seq=3241 age_min_ms=11 age_max_ms=11
26388224700,screen,RX,3241,{},I (589560) LAT: RX seq=3241
26403249100,sensor,RTT,3241,"{""us"": 3848}",LAT RTT seq=3241 us=3848
26484144900,sensor,TX,3242,"{""age_min_ms"": 27, ""age_max_ms"": 27}",LAT TX seq=3242 age_min_ms=27 age_max_ms=27
26488164100,screen,RX,3242,{},I (589660) LAT: RX seq=3242
26503249100,sensor,RTT,3242,"{""us"": 4975}",LAT RTT seq=3242 us=4975
26584172300,sensor,TX,3243,"{""age_min_ms"": 10, ""age_max_ms"": 10}",LAT TX seq=3243 age_min_ms=10 age_max_ms=10
26588157200,screen,RX,3243,{},I (589760) LAT: RX seq=3243
26603257600,sensor,RTT,3243,"{""us"": 4159}",LAT RTT seq=3243 us=4159
26684097200,sensor,TX,3244,"{""age_min_ms"": 10, ""age_max_ms"": 10}",LAT TX seq=3244 age_min_ms=10 age_max_ms=10
26689027400,screen,RX,3244,{},I (589860) LAT: RX seq=3244
26704256400,sensor,RTT,3244,"{""us"": 5103}",LAT RTT seq=3244 us=5103
26785189200,sensor,TX,3245,"{""age_min_ms"": 28, ""age_max_ms"": 28}",LAT TX seq=3245 age_min_ms=28 age_max_ms=28
26789501900,screen,RX,3245,{},I (589960) LAT: RX seq=3245
26805226500,sensor,RTT,3245,"{""us"": 4027}",LAT RTT seq=3245 us=4027
26886384600,sensor,TX,3246,"{""age_min_ms"": 12, ""age_max_ms"": 12}",LAT TX seq=3246 age_min_ms=12 age_max_ms=12
26891952800,screen,RX,3246,{},I (590070) LAT: RX seq=3246
26906257400,sensor,RTT,3246,"{""us"": 5953}",LAT RTT seq=3246 us=5953
26987153500,sensor,TX,3247,"{""age_min_ms"": 113, ""age_max_ms"": 113}",LAT TX seq=3247 age_min_ms=113 age_max_ms=113
26992004800,screen,RX,3247,{},I (590170) LAT: RX seq=3247
27006313800,sensor,RTT,3247,"{""us"": 4661}",LAT RTT seq=3247 us=4661
27087078700,sensor,TX,3248,"{""age_min_ms"": 80, ""age_max_ms"": 80}",LAT TX seq=3248 age_min_ms=80 age_max_ms=80
27091284800,screen,RX,3248,{},I (590260) LAT: RX seq=3248
27107218700,sensor,RTT,3248,"{""us"": 3109}",LAT RTT seq=3248 us=3109
27188204700,sensor,TX,3249,"{""age_min_ms"": 31, ""age_max_ms"": 31}",LAT TX seq=3249 age_min_ms=31 age_max_ms=31
27192889300,screen,RX,3249,{},I (590370) LAT: RX seq=3249
27208287800,sensor,RTT,3249,"{""us"": 5083}",LAT RTT seq=3249 us=5083
27289077600,sensor,TX,3250,"{""age_min_ms"": 7, ""age_max_ms"": 7}",LAT TX seq=3250 age_min_ms=7 age_max_ms=7
27293220600,screen,RX,3250,{},I (590470) LAT: RX seq=3250
27308389600,sensor,RTT,3250,"{""us"": 10227}",LAT RTT seq=3250 us=10227
27389123200,sensor,TX,3251,"{""age_min_ms"": 7, ""age_max_ms"": 7}",LAT TX seq=3251 age_min_ms=7 age_max_ms=7
27394812800,screen,RX,3251,{},I (590570) LAT: RX seq=3251
27408248700,sensor,RTT,3251,"{""us"": 5449}",LAT RTT seq=3251 us=5449
27489182100,sensor,TX,3252,"{""age_min_ms"": 32, ""age_max_ms"": 32}",LAT TX seq=3252 age_min_ms=32 age_max_ms=32
27493946600,screen,RX,3252,{},I (590670) LAT: RX seq=3252
27508265400,sensor,RTT,3252,"{""us"": 5122}",LAT RTT seq=3252 us=5122
27589187200,sensor,TX,3253,"{""age_min_ms"": 15, ""age_max_ms"": 15}",LAT TX seq=3253 age_min_ms=15 age_max_ms=15
27594096700,screen,RX,3253,{},I (590770) LAT: RX seq=3253
27608291200,sensor,RTT,3253,"{""us"": 4017}",LAT RTT seq=3253 us=4017
27689119300,sensor,TX,3254,"{""age_min_ms"": 15, ""age_max_ms"": 15}",LAT TX seq=3254 age_min_ms=15 age_max_ms=15
27694072100,screen,RX,3254,{},I (590870) LAT: RX seq=3254
27709236200,sensor,RTT,3254,"{""us"": 5147}",LAT RTT seq=3254 us=5147
27790208300,sensor,TX,3255,"{""age_min_ms"": 16, ""age_max_ms"": 16}",LAT TX seq=3255 age_min_ms=16 age_max_ms=16
27794269200,screen,RX,3255,{},I (590970) LAT: RX seq=3255
27810243600,sensor,RTT,3255,"{""us"": 6042}",LAT RTT seq=3255 us=6042
27891170900,sensor,TX,3256,"{""age_min_ms"": 35, ""age_max_ms"": 35}",LAT TX seq=3256 age_min_ms=35 age_max_ms=35
27896047900,screen,RX,3256,{},I (591070) LAT: RX seq=3256
27911294800,sensor,RTT,3256,"{""us"": 4121}",LAT RTT seq=3256 us=4121
27992066700,sensor,TX,3257,"{""age_min_ms"": 136, ""age_max_ms"": 136}",LAT TX seq=3257 age_min_ms=136 age_max_ms=136
27996679600,screen,RX,3257,{},I (591170) LAT: RX seq=3257
28011266800,sensor,RTT,3257,"{""us"": 4009}",LAT RTT seq=3257 us=4009
28092045500,sensor,TX,3258,"{""age_min_ms"": 95, ""age_max_ms"": 95}",LAT TX seq=3258 age_min_ms=95 age_max_ms=95
28096371300,screen,RX,3258,{},I (591270) LAT: RX seq=3258
28112492800,sensor,RTT,3258,"{""us"": 4008}",LAT RTT seq=3258 us=4008
28193076800,sensor,TX,3259,"{""age_min_ms"": 37, ""age_max_ms"": 37}",LAT TX seq=3259 age_min_ms=37 age_max_ms=37
28198782200,screen,RX,3259,{},I (591370) LAT: RX seq=3259
28212249200,sensor,RTT,3259,"{""us"": 5223}",LAT RTT seq=3259 us=5223
28293082400,sensor,TX,3260,"{""age_min_ms"": 37, ""age_max_ms"": 37}",LAT TX seq=3260 age_min_ms=37 age_max_ms=37
28297999900,screen,RX,3260,{},I (591470) LAT: RX seq=3260
28312417400,sensor,RTT,3260,"{""us"": 5140}",LAT RTT seq=3260 us=5140
28393068100,sensor,TX,3261,"{""age_min_ms"": 37, ""age_max_ms"": 37}",LAT TX seq=3261 age_min_ms=37 age_max_ms=37
28398382600,screen,RX,3261,{},I (591570) LAT: RX seq=3261
28412325100,sensor,RTT,3261,"{""us"": 4973}",LAT RTT seq=3261 us=4973
28493062100,sensor,TX,3262,"{""age_min_ms"": 37, ""age_max_ms"": 37}",LAT TX seq=3262 age_min_ms=37 age_max_ms=37
28497902400,screen,RX,3262,{},I (591670) LAT: RX seq=3262
28512402600,sensor,RTT,3262,"{""us"": 3910}",LAT RTT seq=3262 us=3910
28593166600,sensor,TX,3263,"{""age_min_ms"": 37, ""age_max_ms"": 37}",LAT TX seq=3263 age_min_ms=37 age_max_ms=37
28597553100,screen,RX,3263,{},I (591770) LAT: RX seq=3263
28612336700,sensor,RTT,3263,"{""us"": 5375}",LAT RTT seq=3263 us=5375
28693111300,sensor,TX,3264,"{""age_min_ms"": 19, ""age_max_ms"": 19}",LAT TX seq=3264 age_min_ms=19 age_max_ms=19
28697202600,screen,RX,3264,{},I (591870) LAT: RX seq=3264
28713335500,sensor,RTT,3264,"{""us"": 8367}",LAT RTT seq=3264 us=8367
28794145700,sensor,TX,3265,"{""age_min_ms"": 20, ""age_max_ms"": 20}",LAT TX seq=3265 age_min_ms=20 age_max_ms=20
28798723300,screen,RX,3265,{},I (591970) LAT: RX seq=3265
28814264300,sensor,RTT,3265,"{""us"": 4501}",LAT RTT seq=3265 us=4501
28895187400,sensor,TX,3266,"{""age_min_ms"": 21, ""age_max_ms"": 21}",LAT TX seq=3266 age_min_ms=21 age_max_ms=21
28899211300,screen,RX,3266,{},I (592070) LAT: RX seq=3266
28915300300,sensor,RTT,3266,"{""us"": 8648}",LAT RTT seq=3266 us=8648
28996207300,sensor,TX,3267,"{""age_min_ms"": 122, ""age_max_ms"": 122}",LAT TX seq=3267 age_min_ms=122 age_max_ms=122
29000729600,screen,RX,3267,{},I (592170) LAT: RX seq=3267
29015383700,sensor,RTT,3267,"{""us"": 4092}",LAT RTT seq=3267 us=4092
29096194100,sensor,TX,3268,"{""age_min_ms"": 0, ""age_max_ms"": 0}",LAT TX seq=3268 age_min_ms=0 age_max_ms=0
29101208000,screen,RX,3268,{},I (592270) LAT: RX seq=3268
29116254600,sensor,RTT,3268,"{""us"": 4663}",LAT RTT seq=3268 us=4663
29197135700,sensor,TX,3269,"{""age_min_ms"": 15, ""age_max_ms"": 15}",LAT TX seq=3269 age_min_ms=15 age_max_ms=15
29201242600,screen,RX,3269,{},I (592370) LAT: RX seq=3269
29217268800,sensor,RTT,3269,"{""us"": 6303}",LAT RTT seq=3269 us=6303
29298107700,sensor,TX,3270,"{""age_min_ms"": 42, ""age_max_ms"": 42}",LAT TX seq=3270 age_min_ms=42 age_max_ms=42
29305728000,screen,RX,3270,{},I (592480) LAT: RX seq=3270
29317286700,sensor,RTT,3270,"{""us"": 6628}",LAT RTT seq=3270 us=6628
29398084600,sensor,TX,3271,"{""age_min_ms"": 42, ""age_max_ms"": 42}",LAT TX seq=3271 age_min_ms=42 age_max_ms=42
29405816600,screen,RX,3271,{},I (592580) LAT: RX seq=3271
29417274700,sensor,RTT,3271,"{""us"": 6677}",LAT RTT seq=3271 us=6677
29498131200,sensor,TX,3272,"{""age_min_ms"": 16, ""age_max_ms"": 16}",LAT TX seq=3272 age_min_ms=16 age_max_ms=16
29505051600,screen,RX,3272,{},I (592680) LAT: RX seq=3272
29517297800,sensor,RTT,3272,"{""us"": 9727}",LAT RTT seq=3272 us=9727
29598162600,sensor,TX,3273,"{""age_min_ms"": 24, ""age_max_ms"": 24}",LAT TX seq=3273 age_min_ms=24 age_max_ms=24
29602497300,screen,RX,3273,{},I (592780) LAT: RX seq=3273
29617186900,sensor,RTT,3273,"{""us"": 3188}",LAT RTT seq=3273 us=3188
29698103900,sensor,TX,3274,"{""age_min_ms"": 24, ""age_max_ms"": 24}",LAT TX seq=3274 age_min_ms=24 age_max_ms=24
29702974500,screen,RX,3274,{},I (592880) LAT: RX seq=3274
29718477300,sensor,RTT,3274,"{""us"": 7129}",LAT RTT seq=3274 us=7129
29799126100,sensor,TX,3275,"{""age_min_ms"": 17, ""age_max_ms"": 17}",LAT TX seq=3275 age_min_ms=17 age_max_ms=17
29804984300,screen,RX,3275,{},I (592980) LAT: RX seq=3275
29819265500,sensor,RTT,3275,"{""us"": 5205}",LAT RTT seq=3275 us=5205
29900193500,sensor,TX,3276,"{""age_min_ms"": 43, ""age_max_ms"": 43}",LAT TX seq=3276 age_min_ms=43 age_max_ms=43
29906116800,screen,RX,3276,{},I (593080) LAT: RX seq=3276
29920282400,sensor,RTT,3276,"{""us"": 5292}",LAT RTT seq=3276 us=5292
30001145700,sensor,TX,3277,"{""age_min_ms"": 4, ""age_max_ms"": 4}",LAT TX seq=3277 age_min_ms=4 age_max_ms=4
30008855700,screen,RX,3277,{},I (593180) LAT: RX seq=3277
30020433000,sensor,RTT,3277,"{""us"": 7378}",LAT RTT seq=3277 us=7378
30101078000,sensor,TX,3278,"{""age_min_ms"": 104, ""age_max_ms"": 104}",LAT TX seq=3278 age_min_ms=104 age_max_ms=104
30106860700,screen,RX,3278,{},I (593280) LAT: RX seq=3278
30121298000,sensor,RTT,3278,"{""us"": 10759}",LAT RTT seq=3278 us=10759
30202084700,sensor,TX,3279,"{""age_min_ms"": 28, ""age_max_ms"": 28}",LAT TX seq=3279 age_min_ms=28 age_max_ms=28
30209398800,screen,RX,3279,{},I (593380) LAT: RX seq=3279
30221306600,sensor,RTT,3279,"{""us"": 6954}",LAT RTT seq=3279 us=6954
30302217700,sensor,TX,3280,"{""age_min_ms"": 29, ""age_max_ms"": 29}",LAT TX seq=3280 age_min_ms=29 age_max_ms=29
30306435500,screen,RX,3280,{},I (593480) LAT: RX seq=3280
30321295500,sensor,RTT,3280,"{""us"": 6808}",LAT RTT seq=3280 us=6808
30402199100,sensor,TX,3281,"{""age_min_ms"": 28, ""age_max_ms"": 28}",LAT TX seq=3281 age_min_ms=28 age_max_ms=28
30406252200,screen,RX,3281,{},I (593580) LAT: RX seq=3281
30422312000,sensor,RTT,3281,"{""us"": 3974}",LAT RTT seq=3281 us=3974
30503136600,sensor,TX,3282,"{""age_min_ms"": 49, ""age_max_ms"": 49}",LAT TX seq=3282 age_min_ms=49 age_max_ms=49
30507623000,screen,RX,3282,{},I (593680) LAT: RX seq=3282
30522275100,sensor,RTT,3282,"{""us"": 5183}",LAT RTT seq=3282 us=5183
30603104800,sensor,TX,3283,"{""age_min_ms"": 30, ""age_max_ms"": 30}",LAT TX seq=3283 age_min_ms=30 age_max_ms=30
30607193800,screen,RX,3283,{},I (593780) LAT: RX seq=3283
30622324200,sensor,RTT,3283,"{""us"": 7930}",LAT RTT seq=3283 us=7930
30703288400,sensor,TX,3284,"{""age_min_ms"": 30, ""age_max_ms"": 30}",LAT TX seq=3284 age_min_ms=30 age_max_ms=30
30709762300,screen,RX,3284,{},I (593880) LAT: RX seq=3284
30723365100,sensor,RTT,3284,"{""us"": 8776}",LAT RTT seq=3284 us=8776
30804162300,sensor,TX,3285,"{""age_min_ms"": 30, ""age_max_ms"": 30}",LAT TX seq=3285 age_min_ms=30 age_max_ms=30
30811408900,screen,RX,3285,{},I (593980) LAT: RX seq=3285
30824360700,sensor,RTT,3285,"{""us"": 7603}",LAT RTT seq=3285 us=7603
30905160900,sensor,TX,3286,"{""age_min_ms"": 31, ""age_max_ms"": 31}",LAT TX seq=3286 age_min_ms=31 age_max_ms=31
30911395000,screen,RX,3286,{},I (594080) LAT: RX seq=3286
30925313000,sensor,RTT,3286,"{""us"": 8936}",LAT RTT seq=3286 us=8936
31006149600,sensor,TX,3287,"{""age_min_ms"": 11, ""age_max_ms"": 11}",LAT TX seq=3287 age_min_ms=11 age_max_ms=11
31011141500,screen,RX,3287,{},I (594180) LAT: RX seq=3287
31026307700,sensor,RTT,3287,"{""us"": 4121}",LAT RTT seq=3287 us=4121
31107109900,sensor,TX,3288,"{""age_min_ms"": 11, ""age_max_ms"": 11}",LAT TX seq=3288 age_min_ms=11 age_max_ms=11
31111391500,screen,RX,3288,{},I (594280) LAT: RX seq=3288
31127318100,sensor,RTT,3288,"{""us"": 3743}",LAT RTT seq=3288 us=3743
31208244000,sensor,TX,3289,"{""age_min_ms"": 53, ""age_max_ms"": 53}",LAT TX seq=3289 age_min_ms=53 age_max_ms=53
31213045600,screen,RX,3289,{},I (594390) LAT: RX seq=3289
31228272800,sensor,RTT,3289,"{""us"": 4246}",LAT RTT seq=3289 us=4246
31309071700,sensor,TX,3290,"{""age_min_ms"": 35, ""age_max_ms"": 35}",LAT TX seq=3290 age_min_ms=35 age_max_ms=35
31313629400,screen,RX,3290,{},I (594490) LAT: RX seq=3290
31328339900,sensor,RTT,3290,"{""us"": 5589}",LAT RTT seq=3290 us=5589
31413724400,screen,RX,3291,{},I (594590) LAT: RX seq=3291
31428290100,sensor,RTT,3291,"{""us"": 3890}",LAT RTT seq=3291 us=3890
31509141800,sensor,TX,3292,"{""age_min_ms"": 55, ""age_max_ms"": 55}",LAT TX seq=3292 age_min_ms=55 age_max_ms=55
31513267800,screen,RX,3292,{},I (594690) LAT: RX seq=3292
31528293500,sensor,RTT,3292,"{""us"": 3695}",LAT RTT seq=3292 us=3695
31609056400,sensor,TX,3293,"{""age_min_ms"": 54, ""age_max_ms"": 54}",LAT TX seq=3293 age_min_ms=54 age_max_ms=54
31613279600,screen,RX,3293,{},I (594790) LAT: RX seq=3293
31629309800,sensor,RTT,3293,"{""us"": 3794}",LAT RTT seq=3293 us=3794
31710147300,sensor,TX,3294,"{""age_min_ms"": 56, ""age_max_ms"": 56}",LAT TX seq=3294 age_min_ms=56 age_max_ms=56
31717719200,screen,RX,3294,{},I (594890) LAT: RX seq=3294
31730298100,sensor,RTT,3294,"{""us"": 7526}",LAT RTT seq=3294 us=7526
31811188200,sensor,TX,3295,"{""age_min_ms"": 43, ""age_max_ms"": 43}",LAT TX seq=3295 age_min_ms=43 age_max_ms=43
31815244600,screen,RX,3295,{},I (594990) LAT: RX seq=3295
31831275300,sensor,RTT,3295,"{""us"": 3272}",LAT RTT seq=3295 us=3272
31912197200,sensor,TX,3296,"{""age_min_ms"": 57, ""age_max_ms"": 57}",LAT TX seq=3296 age_min_ms=57 age_max_ms=57
31917230300,screen,RX,3296,{},I (595090) LAT: RX seq=3296
31931267800,sensor,RTT,3296,"{""us"": 5226}",LAT RTT seq=3296 us=5226
32012233100,sensor,TX,3297,"{""age_min_ms"": 157, ""age_max_ms"": 157}",LAT TX seq=3297 age_min_ms=157 age_max_ms=157
32017493200,screen,RX,3297,{},I (595190) LAT: RX seq=3297
32031301400,sensor,RTT,3297,"{""us"": 5302}",LAT RTT seq=3297 us=5302
32112188200,sensor,TX,3298,"{""age_min_ms"": 97, ""age_max_ms"": 97}",LAT TX seq=3298 age_min_ms=97 age_max_ms=97
32116899000,screen,RX,3298,{},I (595290) LAT: RX seq=3298
32131300000,sensor,RTT,3298,"{""us"": 6237}",LAT RTT seq=3298 us=6237
32212159000,sensor,TX,3299,"{""age_min_ms"": 58, ""age_max_ms"": 58}",LAT TX seq=3299 age_min_ms=58 age_max_ms=58
32216425300,screen,RX,3299,{},I (595390) LAT: RX seq=3299
32232391400,sensor,RTT,3299,"{""us"": 10210}",LAT RTT seq=3299 us=10210
32313183700,sensor,TX,3300,"{""age_min_ms"": 58, ""age_max_ms"": 58}",LAT TX seq=3300 age_min_ms=58 age_max_ms=58
32318858900,screen,RX,3300,{},I (595490) LAT: RX seq=3300
32333291600,sensor,RTT,3300,"{""us"": 5908}",LAT RTT seq=3300 us=5908
32414157200,sensor,TX,3301,"{""age_min_ms"": 59, ""age_max_ms"": 59}",LAT TX seq=3301 age_min_ms=59 age_max_ms=59
32421815300,screen,RX,3301,{},I (595600) LAT: RX seq=3301
32434271100,sensor,RTT,3301,"{""us"": 10066}",LAT RTT seq=3301 us=10066
32515087200,sensor,TX,3302,"{""age_min_ms"": 60, ""age_max_ms"": 60}",LAT TX seq=3302 age_min_ms=60 age_max_ms=60
32519906800,screen,RX,3302,{},I (595690) LAT: RX seq=3302
32534276100,sensor,RTT,3302,"{""us"": 5558}",LAT RTT seq=3302 us=5558
32615081000,sensor,TX,3303,"{""age_min_ms"": 60, ""age_max_ms"": 60}",LAT TX seq=3303 age_min_ms=60 age_max_ms=60
32619716700,screen,RX,3303,{},I (595790) LAT: RX seq=3303
32635296200,sensor,RTT,3303,"{""us"": 7977}",LAT RTT seq=3303 us=7977
32716480100,sensor,TX,3304,"{""age_min_ms"": 61, ""age_max_ms"": 61}",LAT TX seq=3304 age_min_ms=61 age_max_ms=61
32720287700,screen,RX,3304,{},I (595890) LAT: RX seq=3304
32735443600,sensor,RTT,3304,"{""us"": 3374}",LAT RTT seq=3304 us=3374
32816203800,sensor,TX,3305,"{""age_min_ms"": 61, ""age_max_ms"": 61}",LAT TX seq=3305 age_min_ms=61 age_max_ms=61
32917103600,sensor,TX,3306,"{""age_min_ms"": 62, ""age_max_ms"": 62}",LAT TX seq=3306 age_min_ms=62 age_max_ms=62
32922262500,screen,RX,3306,{},I (596100) LAT: RX seq=3306
32936284500,sensor,RTT,3306,"{""us"": 7039}",LAT RTT seq=3306 us=7039
33017267200,sensor,TX,3307,"{""age_min_ms"": 2, ""age_max_ms"": 2}",LAT TX seq=3307 age_min_ms=2 age_max_ms=2
33024253000,screen,RX,3307,{},I (596200) LAT: RX seq=3307
33037298200,sensor,RTT,3307,"{""us"": 6150}",LAT RTT seq=3307 us=6150
33118166400,sensor,TX,3308,"{""age_min_ms"": 3, ""age_max_ms"": 3}",LAT TX seq=3308 age_min_ms=3 age_max_ms=3
33122250400,screen,RX,3308,{},I (596300) LAT: RX seq=3308
33138282500,sensor,RTT,3308,"{""us"": 4354}",LAT RTT seq=3308 us=4354
33219221500,sensor,TX,3309,"{""age_min_ms"": 45, ""age_max_ms"": 45}",LAT TX seq=3309 age_min_ms=45 age_max_ms=45
33224025100,screen,RX,3309,{},I (596400) LAT: RX seq=3309
33239253000,sensor,RTT,3309,"{""us"": 11870}",LAT RTT seq=3309 us=11870
33320985400,sensor,TX,3310,"{""age_min_ms"": 63, ""age_max_ms"": 63}",LAT TX seq=3310 age_min_ms=63 age_max_ms=63
33328300200,screen,RX,3310,{},I (596500) LAT: RX seq=3310
33340308600,sensor,RTT,3310,"{""us"": 11464}",LAT RTT seq=3310 us=11464
33421204000,sensor,TX,3311,"{""age_min_ms"": 64, ""age_max_ms"": 64}",LAT TX seq=3311 age_min_ms=64 age_max_ms=64
33426434100,screen,RX,3311,{},I (596600) LAT: RX seq=3311
33441277800,sensor,RTT,3311,"{""us"": 4659}",LAT RTT seq=3311 us=4659
33522159400,sensor,TX,3312,"{""age_min_ms"": 66, ""age_max_ms"": 66}",LAT TX seq=3312 age_min_ms=66 age_max_ms=66
33526628800,screen,RX,3312,{},I (596700) LAT: RX seq=3312
33541287800,sensor,RTT,3312,"{""us"": 4218}",LAT RTT seq=3312 us=4218
33622117400,sensor,TX,3313,"{""age_min_ms"": 54, ""age_max_ms"": 54}",LAT TX seq=3313 age_min_ms=54 age_max_ms=54
33627560800,screen,RX,3313,{},I (596800) LAT: RX seq=3313
33641315800,sensor,RTT,3313,"{""us"": 7078}",LAT RTT seq=3313 us=7078
33722217800,sensor,TX,3314,"{""age_min_ms"": 48, ""age_max_ms"": 48}",LAT TX seq=3314 age_min_ms=48 age_max_ms=48
33728065600,screen,RX,3314,{},I (596900) LAT: RX seq=3314
33741299000,sensor,RTT,3314,"{""us"": 13078}",LAT RTT seq=3314 us=13078
33822074300,sensor,TX,3315,"{""age_min_ms"": 48, ""age_max_ms"": 48}",LAT TX seq=3315 age_min_ms=48 age_max_ms=48
33828209200,screen,RX,3315,{},I (597000) LAT: RX seq=3315
33841401100,sensor,RTT,3315,"{""us"": 5036}",LAT RTT seq=3315 us=5036
33922166100,sensor,TX,3316,"{""age_min_ms"": 48, ""age_max_ms"": 48}",LAT TX seq=3316 age_min_ms=48 age_max_ms=48
33927616100,screen,RX,3316,{},I (597100) LAT: RX seq=3316
33941282200,sensor,RTT,3316,"{""us"": 8277}",LAT RTT seq=3316 us=8277
34022392900,sensor,TX,3317,"{""age_min_ms"": 7, ""age_max_ms"": 7}",LAT TX seq=3317 age_min_ms=7 age_max_ms=7
34030503600,screen,RX,3317,{},I (597200) LAT: RX seq=3317
34041296200,sensor,RTT,3317,"{""us"": 7987}",LAT RTT seq=3317 us=7987
34122071000,sensor,TX,3318,"{""age_min_ms"": 8, ""age_max_ms"": 8}",LAT TX seq=3318 age_min_ms=8 age_max_ms=8
34126860800,screen,RX,3318,{},I (597300) LAT: RX seq=3318
34141334000,sensor,RTT,3318,"{""us"": 10304}",LAT RTT seq=3318 us=10304
34222090200,sensor,TX,3319,"{""age_min_ms"": 66, ""age_max_ms"": 66}",LAT TX seq=3319 age_min_ms=66 age_max_ms=66
34227474000,screen,RX,3319,{},I (597400) LAT: RX seq=3319
34241274100,sensor,RTT,3319,"{""us"": 7177}",LAT RTT seq=3319 us=7177
34322166700,sensor,TX,3320,"{""age_min_ms"": 49, ""age_max_ms"": 49}",LAT TX seq=3320 age_min_ms=49 age_max_ms=49
34330129200,screen,RX,3320,{},I (597500) LAT: RX seq=3320
34341271200,sensor,RTT,3320,"{""us"": 10829}",LAT RTT seq=3320 us=10829
34422171800,sensor,TX,3321,"{""age_min_ms"": 49, ""age_max_ms"": 49}",LAT TX seq=3321 age_min_ms=49 age_max_ms=49
34426980600,screen,RX,3321,{},I (597600) LAT: RX seq=3321
34441295600,sensor,RTT,3321,"{""us"": 5610}",LAT RTT seq=3321 us=5610
34522131600,sensor,TX,3322,"{""age_min_ms"": 48, ""age_max_ms"": 48}",LAT TX seq=3322 age_min_ms=48 age_max_ms=48
34527031600,screen,RX,3322,{},I (597700) LAT: RX seq=3322
34541287000,sensor,RTT,3322,"{""us"": 3907}",LAT RTT seq=3322 us=3907
34622109900,sensor,TX,3323,"{""age_min_ms"": 48, ""age_max_ms"": 48}",LAT TX seq=3323 age_min_ms=48 age_max_ms=48
34627231500,screen,RX,3323,{},I (597800) LAT: RX seq=3323
34641333800,sensor,RTT,3323,"{""us"": 5626}",LAT RTT seq=3323 us=5626
34722140100,sensor,TX,3324,"{""age_min_ms"": 48, ""age_max_ms"": 48}",LAT TX seq=3324 age_min_ms=48 age_max_ms=48
34727067700,screen,RX,3324,{},I (597900) LAT: RX seq=3324
34741314900,sensor,RTT,3324,"{""us"": 4126}",LAT RTT seq=3324 us=4126
34822164700,sensor,TX,3325,"{""age_min_ms"": 67, ""age_max_ms"": 67}",LAT TX seq=3325 age_min_ms=67 age_max_ms=67
34826867100,screen,RX,3325,{},I (598000) LAT: RX seq=3325
34841313200,sensor,RTT,3325,"{""us"": 3836}",LAT RTT seq=3325 us=3836
34922179700,sensor,TX,3326,"{""age_min_ms"": 67, ""age_max_ms"": 67}",LAT TX seq=3326 age_min_ms=67 age_max_ms=67
34926627100,screen,RX,3326,{},I (598100) LAT: RX seq=3326
34942276600,sensor,RTT,3326,"{""us"": 5226}",LAT RTT seq=3326 us=5226
35023116200,sensor,TX,3327,"{""age_min_ms"": 27, ""age_max_ms"": 27}",LAT TX seq=3327 age_min_ms=27 age_max_ms=27
35029899800,screen,RX,3327,{},I (598200) LAT: RX seq=3327
35043299800,sensor,RTT,3327,"{""us"": 7682}",LAT RTT seq=3327 us=7682
35124191900,sensor,TX,3328,"{""age_min_ms"": 9, ""age_max_ms"": 9}",LAT TX seq=3328 age_min_ms=9 age_max_ms=9
35132406700,screen,RX,3328,{},I (598310) LAT: RX seq=3328
35144335300,sensor,RTT,3328,"{""us"": 7177}",LAT RTT seq=3328 us=7177
35225355300,sensor,TX,3329,"{""age_min_ms"": 52, ""age_max_ms"": 52}",LAT TX seq=3329 age_min_ms=52 age_max_ms=52
35229475800,screen,RX,3329,{},I (598400) LAT: RX seq=3329
35244287000,sensor,RTT,3329,"{""us"": 3479}",LAT RTT seq=3329 us=3479
35325155700,sensor,TX,3330,"{""age_min_ms"": 52, ""age_max_ms"": 52}",LAT TX seq=3330 age_min_ms=52 age_max_ms=52
35329212400,screen,RX,3330,{},I (598500) LAT: RX seq=3330
35344310700,sensor,RTT,3330,"{""us"": 5568}",LAT RTT seq=3330 us=5568
35425107200,sensor,TX,3331,"{""age_min_ms"": 70, ""age_max_ms"": 70}",LAT TX seq=3331 age_min_ms=70 age_max_ms=70
35430300700,screen,RX,3331,{},I (598600) LAT: RX seq=3331
35445309700,sensor,RTT,3331,"{""us"": 4162}",LAT RTT seq=3331 us=4162
35526153200,sensor,TX,3332,"{""age_min_ms"": 71, ""age_max_ms"": 71}",LAT TX seq=3332 age_min_ms=71 age_max_ms=71
35530381600,screen,RX,3332,{},I (598700) LAT: RX seq=3332
35545316200,sensor,RTT,3332,"{""us"": 3225}",LAT RTT seq=3332 us=3225
35626200700,sensor,TX,3333,"{""age_min_ms"": 71, ""age_max_ms"": 71}",LAT TX seq=3333 age_min_ms=71 age_max_ms=71
35631098300,screen,RX,3333,{},I (598800) LAT: RX seq=3333
35647935900,sensor,RTT,3333,"{""us"": 6805}",LAT RTT seq=3333 us=6805
35727096800,sensor,TX,3334,"{""age_min_ms"": 72, ""age_max_ms"": 72}",LAT TX seq=3334 age_min_ms=72 age_max_ms=72
35732193900,screen,RX,3334,{},I (598910) LAT: RX seq=3334
35747299300,sensor,RTT,3334,"{""us"": 8099}",LAT RTT seq=3334 us=8099
35828108400,sensor,TX,3335,"{""age_min_ms"": 54, ""age_max_ms"": 54}",LAT TX seq=3335 age_min_ms=54 age_max_ms=54
35832320200,screen,RX,3335,{},I (599010) LAT: RX seq=3335
35847429400,sensor,RTT,3335,"{""us"": 3907}",LAT RTT seq=3335 us=3907
35928416600,sensor,TX,3336,"{""age_min_ms"": 54, ""age_max_ms"": 54}",LAT TX seq=3336 age_min_ms=54 age_max_ms=54
35933239000,screen,RX,3336,{},I (599110) LAT: RX seq=3336
35948261100,sensor,RTT,3336,"{""us"": 4147}",LAT RTT seq=3336 us=4147
36029111300,sensor,TX,3337,"{""age_min_ms"": 6, ""age_max_ms"": 6}",LAT TX seq=3337 age_min_ms=6 age_max_ms=6
36040107400,screen,RX,3337,{},I (599210) LAT: RX seq=3337
36049293900,sensor,RTT,3337,"{""us"": 16994}",LAT RTT seq=3337 us=16994
36130086000,sensor,TX,3338,"{""age_min_ms"": 15, ""age_max_ms"": 15}",LAT TX seq=3338 age_min_ms=15 age_max_ms=15
36136208000,screen,RX,3338,{},I (599310) LAT: RX seq=3338
36150296100,sensor,RTT,3338,"{""us"": 6266}",LAT RTT seq=3338 us=6266
36231193800,sensor,TX,3339,"{""age_min_ms"": 57, ""age_max_ms"": 57}",LAT TX seq=3339 age_min_ms=57 age_max_ms=57
36238624800,screen,RX,3339,{},I (599410) LAT: RX seq=3339
36250299500,sensor,RTT,3339,"{""us"": 9648}",LAT RTT seq=3339 us=9648
36331082100,sensor,TX,3340,"{""age_min_ms"": 58, ""age_max_ms"": 58}",LAT TX seq=3340 age_min_ms=58 age_max_ms=58
36336398900,screen,RX,3340,{},I (599510) LAT: RX seq=3340
36350311400,sensor,RTT,3340,"{""us"": 4739}",LAT RTT seq=3340 us=4739
36431378700,sensor,TX,3341,"{""age_min_ms"": 58, ""age_max_ms"": 58}",LAT TX seq=3341 age_min_ms=58 age_max_ms=58
36436106200,screen,RX,3341,{},I (599610) LAT: RX seq=3341
36450289900,sensor,RTT,3341,"{""us"": 4606}",LAT RTT seq=3341 us=4606
36531178800,sensor,TX,3342,"{""age_min_ms"": 58, ""age_max_ms"": 58}",LAT TX seq=3342 age_min_ms=58 age_max_ms=58
36537921700,screen,RX,3342,{},I (599710) LAT: RX seq=3342
36550318000,sensor,RTT,3342,"{""us"": 9379}",LAT RTT seq=3342 us=9379
36631380900,sensor,TX,3343,"{""age_min_ms"": 58, ""age_max_ms"": 58}",LAT TX seq=3343 age_min_ms=58 age_max_ms=58
36638261000,screen,RX,3343,{},I (599810) LAT: RX seq=3343
36651307000,sensor,RTT,3343,"{""us"": 6411}",LAT RTT seq=3343 us=6411
36732179000,sensor,TX,3344,"{""age_min_ms"": 77, ""age_max_ms"": 77}",LAT TX seq=3344 age_min_ms=77 age_max_ms=77
36737075300,screen,RX,3344,{},I (599910) LAT: RX seq=3344
36751391900,sensor,RTT,3344,"{""us"": 8049}",LAT RTT seq=3344 us=8049
36832186800,sensor,TX,3345,"{""age_min_ms"": 59, ""age_max_ms"": 59}",LAT TX seq=3345 age_min_ms=59 age_max_ms=59
36839978600,screen,RX,3345,{},I (600010) LAT: RX seq=3345
36852462100,sensor,RTT,3345,"{""us"": 6954}",LAT RTT seq=3345 us=6954
36933084500,sensor,TX,3346,"{""age_min_ms"": 78, ""age_max_ms"": 78}",LAT TX seq=3346 age_min_ms=78 age_max_ms=78
36937783000,screen,RX,3346,{},I (600110) LAT: RX seq=3346
36952417800,sensor,RTT,3346,"{""us"": 3744}",LAT RTT seq=3346 us=3744
37033192800,sensor,TX,3347,"{""age_min_ms"": 19, ""age_max_ms"": 19}",LAT TX seq=3347 age_min_ms=19 age_max_ms=19
37038780500,screen,RX,3347,{},I (600210) LAT: RX seq=3347
37052440300,sensor,RTT,3347,"{""us"": 9990}",LAT RTT seq=3347 us=9990
37133170800,sensor,TX,3348,"{""age_min_ms"": 18, ""age_max_ms"": 18}",LAT TX seq=3348 age_min_ms=18 age_max_ms=18
37137531500,screen,RX,3348,{},I (600310) LAT: RX seq=3348
37152340700,sensor,RTT,3348,"{""us"": 9107}",LAT RTT seq=3348 us=9107
37233212000,sensor,TX,3349,"{""age_min_ms"": 60, ""age_max_ms"": 60}",LAT TX seq=3349 age_min_ms=60 age_max_ms=60
37241629100,screen,RX,3349,{},I (600420) LAT: RX seq=3349
37252411800,sensor,RTT,3349,"{""us"": 13968}",LAT RTT seq=3349 us=13968
37333213700,sensor,TX,3350,"{""age_min_ms"": 60, ""age_max_ms"": 60}",LAT TX seq=3350 age_min_ms=60 age_max_ms=60
37337586200,screen,RX,3350,{},I (600510) LAT: RX seq=3350
37352309800,sensor,RTT,3350,"{""us"": 4909}",LAT RTT seq=3350 us=4909
37433132000,sensor,TX,3351,"{""age_min_ms"": 60, ""age_max_ms"": 60}",LAT TX seq=3351 age_min_ms=60 age_max_ms=60
37439715200,screen,RX,3351,{},I (600610) LAT: RX seq=3351
37452335500,sensor,RTT,3351,"{""us"": 6768}",LAT RTT seq=3351 us=6768
37533069900,sensor,TX,3352,"{""age_min_ms"": 78, ""age_max_ms"": 78}",LAT TX seq=3352 age_min_ms=78 age_max_ms=78
37537507100,screen,RX,3352,{},I (600710) LAT: RX seq=3352
37552344100,sensor,RTT,3352,"{""us"": 6724}",LAT RTT seq=3352 us=6724
37633183100,sensor,TX,3353,"{""age_min_ms"": 59, ""age_max_ms"": 59}",LAT TX seq=3353 age_min_ms=59 age_max_ms=59
37637226500,screen,RX,3353,{},I (600810) LAT: RX seq=3353
37653413200,sensor,RTT,3353,"{""us"": 3745}",LAT RTT seq=3353 us=3745
37734367400,sensor,TX,3354,"{""age_min_ms"": 61, ""age_max_ms"": 61}",LAT TX seq=3354 age_min_ms=61 age_max_ms=61
37739955400,screen,RX,3354,{},I (600910) LAT: RX seq=3354
37754508700,sensor,RTT,3354,"{""us"": 5077}",LAT RTT seq=3354 us=5077
37835401100,sensor,TX,3355,"{""age_min_ms"": 61, ""age_max_ms"": 61}",LAT TX seq=3355 age_min_ms=61 age_max_ms=61
37841268800,screen,RX,3355,{},I (601010) LAT: RX seq=3355
37855581400,sensor,RTT,3355,"{""us"": 5679}",LAT RTT seq=3355 us=5679
37936347500,sensor,TX,3356,"{""age_min_ms"": 62, ""age_max_ms"": 62}",LAT TX seq=3356 age_min_ms=62 age_max_ms=62
37941204100,screen,RX,3356,{},I (601110) LAT: RX seq=3356
37956347500,sensor,RTT,3356,"{""us"": 4101}",LAT RTT seq=3356 us=4101
38037294800,sensor,TX,3357,"{""age_min_ms"": 22, ""age_max_ms"": 22}",LAT TX seq=3357 age_min_ms=22 age_max_ms=22
38041407300,screen,RX,3357,{},I (601210) LAT: RX seq=3357
38057315000,sensor,RTT,3357,"{""us"": 5144}",LAT RTT seq=3357 us=5144
38138156200,sensor,TX,3358,"{""age_min_ms"": 42, ""age_max_ms"": 42}",LAT TX seq=3358 age_min_ms=42 age_max_ms=42
38143123800,screen,RX,3358,{},I (601320) LAT: RX seq=3358
38158367500,sensor,RTT,3358,"{""us"": 4174}",LAT RTT seq=3358 us=4174
38243830500,screen,RX,3359,{},I (601420) LAT: RX seq=3359
38258376600,sensor,RTT,3359,"{""us"": 4363}",LAT RTT seq=3359 us=4363
38339245000,sensor,TX,3360,"{""age_min_ms"": 65, ""age_max_ms"": 65}",LAT TX seq=3360 age_min_ms=65 age_max_ms=65
38343373400,screen,RX,3360,{},I (601520) LAT: RX seq=3360
38358429300,sensor,RTT,3360,"{""us"": 7030}",LAT RTT seq=3360 us=7030
38439130800,sensor,TX,3361,"{""age_min_ms"": 84, ""age_max_ms"": 84}",LAT TX seq=3361 age_min_ms=84 age_max_ms=84
38445810900,screen,RX,3361,{},I (601620) LAT: RX seq=3361
38458414000,sensor,RTT,3361,"{""us"": 6670}",LAT RTT seq=3361 us=6670
38539185700,sensor,TX,3362,"{""age_min_ms"": 65, ""age_max_ms"": 65}",LAT TX seq=3362 age_min_ms=65 age_max_ms=65
38543862300,screen,RX,3362,{},I (601720) LAT: RX seq=3362
38558312700,sensor,RTT,3362,"{""us"": 5437}",LAT RTT seq=3362 us=5437
38639102000,sensor,TX,3363,"{""age_min_ms"": 65, ""age_max_ms"": 65}",LAT TX seq=3363 age_min_ms=65 age_max_ms=65
38643296500,screen,RX,3363,{},I (601820) LAT: RX seq=3363
38659529600,sensor,RTT,3363,"{""us"": 11527}",LAT RTT seq=3363 us=11527
38740446600,sensor,TX,3364,"{""age_min_ms"": 66, ""age_max_ms"": 66}",LAT TX seq=3364 age_min_ms=66 age_max_ms=66
38745148200,screen,RX,3364,{},I (601920) LAT: RX seq=3364
38760408900,sensor,RTT,3364,"{""us"": 7814}",LAT RTT seq=3364 us=7814
38841180500,sensor,TX,3365,"{""age_min_ms"": 86, ""age_max_ms"": 86}",LAT TX seq=3365 age_min_ms=86 age_max_ms=86
38845234100,screen,RX,3365,{},I (602020) LAT: RX seq=3365
38860403500,sensor,RTT,3365,"{""us"": 3191}",LAT RTT seq=3365 us=3191
38941189500,sensor,TX,3366,"{""age_min_ms"": 59, ""age_max_ms"": 59}",LAT TX seq=3366 age_min_ms=59 age_max_ms=59
38946004200,screen,RX,3366,{},I (602120) LAT: RX seq=3366
38960411400,sensor,RTT,3366,"{""us"": 8924}",LAT RTT seq=3366 us=8924
39041179200,sensor,TX,3367,"{""age_min_ms"": 26, ""age_max_ms"": 26}",LAT TX seq=3367 age_min_ms=26 age_max_ms=26
39045783400,screen,RX,3367,{},I (602220) LAT: RX seq=3367
39061402800,sensor,RTT,3367,"{""us"": 14237}",LAT RTT seq=3367 us=14237
39142158100,sensor,TX,3368,"{""age_min_ms"": 27, ""age_max_ms"": 27}",LAT TX seq=3368 age_min_ms=27 age_max_ms=27
39146278500,screen,RX,3368,{},I (602320) LAT: RX seq=3368
39161327800,sensor,RTT,3368,"{""us"": 6091}",LAT RTT seq=3368 us=6091
39242197700,sensor,TX,3369,"{""age_min_ms"": 68, ""age_max_ms"": 68}",LAT TX seq=3369 age_min_ms=68 age_max_ms=68
39249088900,screen,RX,3369,{},I (602420) LAT: RX seq=3369
39261411900,sensor,RTT,3369,"{""us"": 13497}",LAT RTT seq=3369 us=13497
39342114900,sensor,TX,3370,"{""age_min_ms"": 69, ""age_max_ms"": 69}",LAT TX seq=3370 age_min_ms=69 age_max_ms=69
39347778200,screen,RX,3370,{},I (602520) LAT: RX seq=3370
39361429500,sensor,RTT,3370,"{""us"": 7700}",LAT RTT seq=3370 us=7700
39442189900,sensor,TX,3371,"{""age_min_ms"": 60, ""age_max_ms"": 60}",LAT TX seq=3371 age_min_ms=60 age_max_ms=60
39447004800,screen,RX,3371,{},I (602620) LAT: RX seq=3371
39462325500,sensor,RTT,3371,"{""us"": 3945}",LAT RTT seq=3371 us=3945
39543118100,sensor,TX,3372,"{""age_min_ms"": 61, ""age_max_ms"": 61}",LAT TX seq=3372 age_min_ms=61 age_max_ms=61
39549436800,screen,RX,3372,{},I (602720) LAT: RX seq=3372
39562333700,sensor,RTT,3372,"{""us"": 9462}",LAT RTT seq=3372 us=9462
39643200300,sensor,TX,3373,"{""age_min_ms"": 70, ""age_max_ms"": 70}",LAT TX seq=3373 age_min_ms=70 age_max_ms=70
39649849100,screen,RX,3373,{},I (602820) LAT: RX seq=3373
39663481300,sensor,RTT,3373,"{""us"": 10038}",LAT RTT seq=3373 us=10038
39744124600,sensor,TX,3374,"{""age_min_ms"": 62, ""age_max_ms"": 62}",LAT TX seq=3374 age_min_ms=62 age_max_ms=62
39749022000,screen,RX,3374,{},I (602920) LAT: RX seq=3374
39763422300,sensor,RTT,3374,"{""us"": 5099}",LAT RTT seq=3374 us=5099
39844411600,sensor,TX,3375,"{""age_min_ms"": 70, ""age_max_ms"": 70}",LAT TX seq=3375 age_min_ms=70 age_max_ms=70
39849024000,screen,RX,3375,{},I (603020) LAT: RX seq=3375
39864473100,sensor,RTT,3375,"{""us"": 5938}",LAT RTT seq=3375 us=5938
39945119700,sensor,TX,3376,"{""age_min_ms"": 71, ""age_max_ms"": 71}",LAT TX seq=3376 age_min_ms=71 age_max_ms=71
39957419700,screen,RX,3376,{},I (603130) LAT: RX seq=3376
39964295100,sensor,RTT,3376,"{""us"": 15071}",LAT RTT seq=3376 us=15071
40045367500,sensor,TX,3377,"{""age_min_ms"": 30, ""age_max_ms"": 30}",LAT TX seq=3377 age_min_ms=30 age_max_ms=30
40049424900,screen,RX,3377,{},I (603220) LAT: RX seq=3377
40065391300,sensor,RTT,3377,"{""us"": 6600}",LAT RTT seq=3377 us=6600
40146225400,sensor,TX,3378,"{""age_min_ms"": 32, ""age_max_ms"": 32}",LAT TX seq=3378 age_min_ms=32 age_max_ms=32
40151408000,screen,RX,3378,{},I (603320) LAT: RX seq=3378
40165306500,sensor,RTT,3378,"{""us"": 5877}",LAT RTT seq=3378 us=5877
40246104800,sensor,TX,3379,"{""age_min_ms"": 72, ""age_max_ms"": 72}",LAT TX seq=3379 age_min_ms=72 age_max_ms=72
40252179800,screen,RX,3379,{},I (603430) LAT: RX seq=3379
40346268300,sensor,RTT,3379,"{""us"": 9077}",LAT RTT seq=3379 us=9077
40346268300,sensor,TX,3380,"{""age_min_ms"": 73, ""age_max_ms"": 73}",LAT TX seq=3380 age_min_ms=73 age_max_ms=73
40353458300,screen,RX,3380,{},I (603530) LAT: RX seq=3380
40365385400,sensor,RTT,3380,"{""us"": 6386}",LAT RTT seq=3380 us=6386
40446173200,sensor,TX,3381,"{""age_min_ms"": 73, ""age_max_ms"": 73}",LAT TX seq=3381 age_min_ms=73 age_max_ms=73
40450403500,screen,RX,3381,{},I (603620) LAT: RX seq=3381
40465399600,sensor,RTT,3381,"{""us"": 3139}",LAT RTT seq=3381 us=3139
40546113400,sensor,TX,3382,"{""age_min_ms"": 72, ""age_max_ms"": 72}",LAT TX seq=3382 age_min_ms=72 age_max_ms=72
40551288700,screen,RX,3382,{},I (603720) LAT: RX seq=3382
40565401100,sensor,RTT,3382,"{""us"": 10743}",LAT RTT seq=3382 us=10743
40646247900,sensor,TX,3383,"{""age_min_ms"": 88, ""age_max_ms"": 88}",LAT TX seq=3383 age_min_ms=88 age_max_ms=88
40651586400,screen,RX,3383,{},I (603830) LAT: RX seq=3383
40666396600,sensor,RTT,3383,"{""us"": 7802}",LAT RTT seq=3383 us=7802
40747403400,sensor,TX,3384,"{""age_min_ms"": 89, ""age_max_ms"": 89}",LAT TX seq=3384 age_min_ms=89 age_max_ms=89
40751412700,screen,RX,3384,{},I (603920) LAT: RX seq=3384
40767319200,sensor,RTT,3384,"{""us"": 3331}",LAT RTT seq=3384 us=3331
40848108900,sensor,TX,3385,"{""age_min_ms"": 80, ""age_max_ms"": 80}",LAT TX seq=3385 age_min_ms=80 age_max_ms=80
40854426100,screen,RX,3385,{},I (604030) LAT: RX seq=3385
40867417300,sensor,RTT,3385,"{""us"": 7096}",LAT RTT seq=3385 us=7096
40948154500,sensor,TX,3386,"{""age_min_ms"": 74, ""age_max_ms"": 74}",LAT TX seq=3386 age_min_ms=74 age_max_ms=74
40953558600,screen,RX,3386,{},I (604130) LAT: RX seq=3386
40967625900,sensor,RTT,3386,"{""us"": 8184}",LAT RTT seq=3386 us=8184
41048106300,sensor,TX,3387,"{""age_min_ms"": 34, ""age_max_ms"": 34}",LAT TX seq=3387 age_min_ms=34 age_max_ms=34
41053135700,screen,RX,3387,{},I (604230) LAT: RX seq=3387
41067300700,sensor,RTT,3387,"{""us"": 5889}",LAT RTT seq=3387 us=5889
41148112000,sensor,TX,3388,"{""age_min_ms"": 33, ""age_max_ms"": 33}",LAT TX seq=3388 age_min_ms=33 age_max_ms=33
41153177200,screen,RX,3388,{},I (604330) LAT: RX seq=3388
41167312800,sensor,RTT,3388,"{""us"": 5513}",LAT RTT seq=3388 us=5513
41248203800,sensor,TX,3389,"{""age_min_ms"": 75, ""age_max_ms"": 75}",LAT TX seq=3389 age_min_ms=75 age_max_ms=75
41253010100,screen,RX,3389,{},I (604430) LAT: RX seq=3389
41267400900,sensor,RTT,3389,"{""us"": 5036}",LAT RTT seq=3389 us=5036
41348138400,sensor,TX,3390,"{""age_min_ms"": 75, ""age_max_ms"": 75}",LAT TX seq=3390 age_min_ms=75 age_max_ms=75
41353148100,screen,RX,3390,{},I (604530) LAT: RX seq=3390
41367372800,sensor,RTT,3390,"{""us"": 4556}",LAT RTT seq=3390 us=4556
41448224700,sensor,TX,3391,"{""age_min_ms"": 75, ""age_max_ms"": 75}",LAT TX seq=3391 age_min_ms=75 age_max_ms=75
41452835600,screen,RX,3391,{},I (604630) LAT: RX seq=3391
41467415400,sensor,RTT,3391,"{""us"": 4343}",LAT RTT seq=3391 us=4343
41548108500,sensor,TX,3392,"{""age_min_ms"": 74, ""age_max_ms"": 74}",LAT TX seq=3392 age_min_ms=74 age_max_ms=74
41555297900,screen,RX,3392,{},I (604730) LAT: RX seq=3392
41567389000,sensor,RTT,3392,"{""us"": 6305}",LAT RTT seq=3392 us=6305
41648132800,sensor,TX,3393,"{""age_min_ms"": 75, ""age_max_ms"": 75}",LAT TX seq=3393 age_min_ms=75 age_max_ms=75
41654762800,screen,RX,3393,{},I (604830) LAT: RX seq=3393
41667389500,sensor,RTT,3393,"{""us"": 6558}",LAT RTT seq=3393 us=6558
41748415100,sensor,TX,3394,"{""age_min_ms"": 75, ""age_max_ms"": 75}",LAT TX seq=3394 age_min_ms=75 age_max_ms=75
41754504100,screen,RX,3394,{},I (604930) LAT: RX seq=3394
41767380100,sensor,RTT,3394,"{""us"": 8592}",LAT RTT seq=3394 us=8592
41848113100,sensor,TX,3395,"{""age_min_ms"": 73, ""age_max_ms"": 73}",LAT TX seq=3395 age_min_ms=73 age_max_ms=73
41856738700,screen,RX,3395,{},I (605030) LAT: RX seq=3395
41867367100,sensor,RTT,3395,"{""us"": 7764}",LAT RTT seq=3395 us=7764
41948187000,sensor,TX,3396,"{""age_min_ms"": 75, ""age_max_ms"": 75}",LAT TX seq=3396 age_min_ms=75 age_max_ms=75
41952677500,screen,RX,3396,{},I (605130) LAT: RX seq=3396
41967392100,sensor,RTT,3396,"{""us"": 4113}",LAT RTT seq=3396 us=4113
42048157700,sensor,TX,3397,"{""age_min_ms"": 34, ""age_max_ms"": 34}",LAT TX seq=3397 age_min_ms=34 age_max_ms=34
42055193400,screen,RX,3397,{},I (605230) LAT: RX seq=3397
42067387100,sensor,RTT,3397,"{""us"": 11102}",LAT RTT seq=3397 us=11102
42148206900,sensor,TX,3398,"{""age_min_ms"": 25, ""age_max_ms"": 25}",LAT TX seq=3398 age_min_ms=25 age_max_ms=25
42154419900,screen,RX,3398,{},I (605330) LAT: RX seq=3398
42168366800,sensor,RTT,3398,"{""us"": 6884}",LAT RTT seq=3398 us=6884
42249133700,sensor,TX,3399,"{""age_min_ms"": 67, ""age_max_ms"": 67}",LAT TX seq=3399 age_min_ms=67 age_max_ms=67
42255066000,screen,RX,3399,{},I (605430) LAT: RX seq=3399
42268451300,sensor,RTT,3399,"{""us"": 13151}",LAT RTT seq=3399 us=13151
42349173000,sensor,TX,3400,"{""age_min_ms"": 67, ""age_max_ms"": 67}",LAT TX seq=3400 age_min_ms=67 age_max_ms=67
42354577700,screen,RX,3400,{},I (605530) LAT: RX seq=3400
42368393400,sensor,RTT,3400,"{""us"": 5294}",LAT RTT seq=3400 us=5294
42449127200,sensor,TX,3401,"{""age_min_ms"": 75, ""age_max_ms"": 75}",LAT TX seq=3401 age_min_ms=75 age_max_ms=75
42456560400,screen,RX,3401,{},I (605630) LAT: RX seq=3401
42468392900,sensor,RTT,3401,"{""us"": 7923}",LAT RTT seq=3401 us=7923
42549171800,sensor,TX,3402,"{""age_min_ms"": 76, ""age_max_ms"": 76}",LAT TX seq=3402 age_min_ms=76 age_max_ms=76
42554014700,screen,RX,3402,{},I (605730) LAT: RX seq=3402
42568283800,sensor,RTT,3402,"{""us"": 4140}",LAT RTT seq=3402 us=4140
42649498200,sensor,TX,3403,"{""age_min_ms"": 76, ""age_max_ms"": 76}",LAT TX seq=3403 age_min_ms=76 age_max_ms=76
42654079300,screen,RX,3403,{},I (605830) LAT: RX seq=3403
42669422000,sensor,RTT,3403,"{""us"": 8360}",LAT RTT seq=3403 us=8360
42750244200,sensor,TX,3404,"{""age_min_ms"": 77, ""age_max_ms"": 77}",LAT TX seq=3404 age_min_ms=77 age_max_ms=77
42754498000,screen,RX,3404,{},I (605930) LAT: RX seq=3404
42770415800,sensor,RTT,3404,"{""us"": 6129}",LAT RTT seq=3404 us=6129
42851129300,sensor,TX,3405,"{""age_min_ms"": 69, ""age_max_ms"": 69}",LAT TX seq=3405 age_min_ms=69 age_max_ms=69
42857952500,screen,RX,3405,{},I (606030) LAT: RX seq=3405
42871406200,sensor,RTT,3405,"{""us"": 7750}",LAT RTT seq=3405 us=7750
42952120500,sensor,TX,3406,"{""age_min_ms"": 87, ""age_max_ms"": 87}",LAT TX seq=3406 age_min_ms=87 age_max_ms=87
42958535800,screen,RX,3406,{},I (606130) LAT: RX seq=3406
42971399700,sensor,RTT,3406,"{""us"": 5713}",LAT RTT seq=3406 us=5713
43052139600,sensor,TX,3407,"{""age_min_ms"": 38, ""age_max_ms"": 38}",LAT TX seq=3407 age_min_ms=38 age_max_ms=38
43056248100,screen,RX,3407,{},I (606230) LAT: RX seq=3407
43072320700,sensor,RTT,3407,"{""us"": 3706}",LAT RTT seq=3407 us=3706
43153134600,sensor,TX,3408,"{""age_min_ms"": 46, ""age_max_ms"": 46}",LAT TX seq=3408 age_min_ms=46 age_max_ms=46
43158973000,screen,RX,3408,{},I (606330) LAT: RX seq=3408
43173410000,sensor,RTT,3408,"{""us"": 17950}",LAT RTT seq=3408 us=17950
43254275800,sensor,TX,3409,"{""age_min_ms"": 89, ""age_max_ms"": 89}",LAT TX seq=3409 age_min_ms=89 age_max_ms=89
43258280400,screen,RX,3409,{},I (606430) LAT: RX seq=3409
43273396500,sensor,RTT,3409,"{""us"": 3628}",LAT RTT seq=3409 us=3628
43354212300,sensor,TX,3410,"{""age_min_ms"": 81, ""age_max_ms"": 81}",LAT TX seq=3410 age_min_ms=81 age_max_ms=81
43360903600,screen,RX,3410,{},I (606530) LAT: RX seq=3410
43373423800,sensor,RTT,3410,"{""us"": 7431}",LAT RTT seq=3410 us=7431
43454215000,sensor,TX,3411,"{""age_min_ms"": 72, ""age_max_ms"": 72}",LAT TX seq=3411 age_min_ms=72 age_max_ms=72
43458235000,screen,RX,3411,{},I (606630) LAT: RX seq=3411
43474455800,sensor,RTT,3411,"{""us"": 4726}",LAT RTT seq=3411 us=4726
43555113200,sensor,TX,3412,"{""age_min_ms"": 90, ""age_max_ms"": 90}",LAT TX seq=3412 age_min_ms=90 age_max_ms=90
43562466800,screen,RX,3412,{},I (606740) LAT: RX seq=3412
43574509600,sensor,RTT,3412,"{""us"": 11116}",LAT RTT seq=3412 us=11116
43655201400,sensor,TX,3413,"{""age_min_ms"": 81, ""age_max_ms"": 81}",LAT TX seq=3413 age_min_ms=81 age_max_ms=81
43660622100,screen,RX,3413,{},I (606830) LAT: RX seq=3413
43675424600,sensor,RTT,3413,"{""us"": 5476}",LAT RTT seq=3413 us=5476
43756184600,sensor,TX,3414,"{""age_min_ms"": 82, ""age_max_ms"": 82}",LAT TX seq=3414 age_min_ms=82 age_max_ms=82
43761214800,screen,RX,3414,{},I (606930) LAT: RX seq=3414
43775394600,sensor,RTT,3414,"{""us"": 4999}",LAT RTT seq=3414 us=4999
43856141100,sensor,TX,3415,"{""age_min_ms"": 91, ""age_max_ms"": 91}",LAT TX seq=3415 age_min_ms=91 age_max_ms=91
43861476000,screen,RX,3415,{},I (607040) LAT: RX seq=3415
43875414700,sensor,RTT,3415,"{""us"": 11345}",LAT RTT seq=3415 us=11345
43956212100,sensor,TX,3416,"{""age_min_ms"": 82, ""age_max_ms"": 82}",LAT TX seq=3416 age_min_ms=82 age_max_ms=82
43960870700,screen,RX,3416,{},I (607130) LAT: RX seq=3416
43975410200,sensor,RTT,3416,"{""us"": 4701}",LAT RTT seq=3416 us=4701
44056261600,sensor,TX,3417,"{""age_min_ms"": 33, ""age_max_ms"": 33}",LAT TX seq=3417 age_min_ms=33 age_max_ms=33
44062790200,screen,RX,3417,{},I (607240) LAT: RX seq=3417
44076392100,sensor,RTT,3417,"{""us"": 8108}",LAT RTT seq=3417 us=8108
44157137500,sensor,TX,3418,"{""age_min_ms"": 42, ""age_max_ms"": 42}",LAT TX seq=3418 age_min_ms=42 age_max_ms=42
44162164500,screen,RX,3418,{},I (607340) LAT: RX seq=3418
44177400600,sensor,RTT,3418,"{""us"": 4423}",LAT RTT seq=3418 us=4423
44258241800,sensor,TX,3419,"{""age_min_ms"": 84, ""age_max_ms"": 84}",LAT TX seq=3419 age_min_ms=84 age_max_ms=84
44264527300,screen,RX,3419,{},I (607440) LAT: RX seq=3419
44278403300,sensor,RTT,3419,"{""us"": 6890}",LAT RTT seq=3419 us=6890
44359189400,sensor,TX,3420,"{""age_min_ms"": 77, ""age_max_ms"": 77}",LAT TX seq=3420 age_min_ms=77 age_max_ms=77
44363262000,screen,RX,3420,{},I (607540) LAT: RX seq=3420
44378395300,sensor,RTT,3420,"{""us"": 5835}",LAT RTT seq=3420 us=5835
44464069500,screen,RX,3421,{},I (607640) LAT: RX seq=3421
44478387500,sensor,TX,3421,"{""age_min_ms"": 85, ""age_max_ms"": 85}",LAT TX seq=3421 age_min_ms=85 age_max_ms=85
44478625400,sensor,RTT,3421,"{""us"": 6648}",LAT RTT seq=3421 us=6648
44559143000,sensor,TX,3422,"{""age_min_ms"": 85, ""age_max_ms"": 85}",LAT TX seq=3422 age_min_ms=85 age_max_ms=85
44564675400,screen,RX,3422,{},I (607740) LAT: RX seq=3422
44578404200,sensor,RTT,3422,"{""us"": 5604}",LAT RTT seq=3422 us=5604
44659140600,sensor,TX,3423,"{""age_min_ms"": 85, ""age_max_ms"": 85}",LAT TX seq=3423 age_min_ms=85 age_max_ms=85
44665219000,screen,RX,3423,{},I (607840) LAT: RX seq=3423
44679423700,sensor,RTT,3423,"{""us"": 7128}",LAT RTT seq=3423 us=7128
44760217400,sensor,TX,3424,"{""age_min_ms"": 86, ""age_max_ms"": 86}",LAT TX seq=3424 age_min_ms=86 age_max_ms=86
44764412200,screen,RX,3424,{},I (607940) LAT: RX seq=3424
44779397400,sensor,RTT,3424,"{""us"": 5886}",LAT RTT seq=3424 us=5886
44860215700,sensor,TX,3425,"{""age_min_ms"": 87, ""age_max_ms"": 87}",LAT TX seq=3425 age_min_ms=87 age_max_ms=87
44864703200,screen,RX,3425,{},I (608040) LAT: RX seq=3425
44880419000,sensor,RTT,3425,"{""us"": 5467}",LAT RTT seq=3425 us=5467
44961135900,sensor,TX,3426,"{""age_min_ms"": 88, ""age_max_ms"": 88}",LAT TX seq=3426 age_min_ms=88 age_max_ms=88
44966096500,screen,RX,3426,{},I (608140) LAT: RX seq=3426
44980412400,sensor,RTT,3426,"{""us"": 4994}",LAT RTT seq=3426 us=4994
45061712400,sensor,TX,3427,"{""age_min_ms"": 47, ""age_max_ms"": 47}",LAT TX seq=3427 age_min_ms=47 age_max_ms=47
45066084800,screen,RX,3427,{},I (608240) LAT: RX seq=3427
45081485000,sensor,RTT,3427,"{""us"": 7565}",LAT RTT seq=3427 us=7565
45162319400,sensor,TX,3428,"{""age_min_ms"": 48, ""age_max_ms"": 48}",LAT TX seq=3428 age_min_ms=48 age_max_ms=48
45168454400,screen,RX,3428,{},I (608340) LAT: RX seq=3428
45182404100,sensor,RTT,3428,"{""us"": 5835}",LAT RTT seq=3428 us=5835
45263129800,sensor,TX,3429,"{""age_min_ms"": 90, ""age_max_ms"": 90}",LAT TX seq=3429 age_min_ms=90 age_max_ms=90
45268248200,screen,RX,3429,{},I (608440) LAT: RX seq=3429
45282401700,sensor,RTT,3429,"{""us"": 8032}",LAT RTT seq=3429 us=8032
45363259100,sensor,TX,3430,"{""age_min_ms"": 90, ""age_max_ms"": 90}",LAT TX seq=3430 age_min_ms=90 age_max_ms=90
45367325800,screen,RX,3430,{},I (608540) LAT: RX seq=3430
45463364600,sensor,RTT,3430,"{""us"": 4054}",LAT RTT seq=3430 us=4054
45463364600,sensor,TX,3431,"{""age_min_ms"": 81, ""age_max_ms"": 81}",LAT TX seq=3431 age_min_ms=81 age_max_ms=81
45468432700,screen,RX,3431,{},I (608640) LAT: RX seq=3431
45482422600,sensor,RTT,3431,"{""us"": 5097}",LAT RTT seq=3431 us=5097
45563218600,sensor,TX,3432,"{""age_min_ms"": 81, ""age_max_ms"": 81}",LAT TX seq=3432 age_min_ms=81 age_max_ms=81
45569049300,screen,RX,3432,{},I (608740) LAT: RX seq=3432
45582399700,sensor,RTT,3432,"{""us"": 4793}",LAT RTT seq=3432 us=4793
45663139400,sensor,TX,3433,"{""age_min_ms"": 81, ""age_max_ms"": 81}",LAT TX seq=3433 age_min_ms=81 age_max_ms=81
45668081100,screen,RX,3433,{},I (608840) LAT: RX seq=3433
45683407000,sensor,RTT,3433,"{""us"": 3941}",LAT RTT seq=3433 us=3941
45764182200,sensor,TX,3434,"{""age_min_ms"": 90, ""age_max_ms"": 90}",LAT TX seq=3434 age_min_ms=90 age_max_ms=90
45768465900,screen,RX,3434,{},I (608940) LAT: RX seq=3434
45784390000,sensor,RTT,3434,"{""us"": 6141}",LAT RTT seq=3434 us=6141
45865310700,sensor,TX,3435,"{""age_min_ms"": 83, ""age_max_ms"": 83}",LAT TX seq=3435 age_min_ms=83 age_max_ms=83
45869265600,screen,RX,3435,{},I (609040) LAT: RX seq=3435
45884460800,sensor,RTT,3435,"{""us"": 6574}",LAT RTT seq=3435 us=6574
45965183100,sensor,TX,3436,"{""age_min_ms"": 83, ""age_max_ms"": 83}",LAT TX seq=3436 age_min_ms=83 age_max_ms=83
45970675200,screen,RX,3436,{},I (609140) LAT: RX seq=3436
45984454600,sensor,RTT,3436,"{""us"": 4878}",LAT RTT seq=3436 us=4878
46065295400,sensor,TX,3437,"{""age_min_ms"": 42, ""age_max_ms"": 42}",LAT TX seq=3437 age_min_ms=42 age_max_ms=42
46070627900,screen,RX,3437,{},I (609240) LAT: RX seq=3437
46086092500,sensor,RTT,3437,"{""us"": 5475}",LAT RTT seq=3437 us=5475
46166190600,sensor,TX,3438,"{""age_min_ms"": 51, ""age_max_ms"": 51}",LAT TX seq=3438 age_min_ms=51 age_max_ms=51
46174103700,screen,RX,3438,{},I (609350) LAT: RX seq=3438
46186399100,sensor,RTT,3438,"{""us"": 8860}",LAT RTT seq=3438 us=8860
46267124200,sensor,TX,3439,"{""age_min_ms"": 85, ""age_max_ms"": 85}",LAT TX seq=3439 age_min_ms=85 age_max_ms=85
46272120200,screen,RX,3439,{},I (609440) LAT: RX seq=3439
46286398300,sensor,RTT,3439,"{""us"": 4165}",LAT RTT seq=3439 us=4165
46367231400,sensor,TX,3440,"{""age_min_ms"": 85, ""age_max_ms"": 85}",LAT TX seq=3440 age_min_ms=85 age_max_ms=85
46373157600,screen,RX,3440,{},I (609550) LAT: RX seq=3440
46386428500,sensor,RTT,3440,"{""us"": 5326}",LAT RTT seq=3440 us=5326
46467215600,sensor,TX,3441,"{""age_min_ms"": 85, ""age_max_ms"": 85}",LAT TX seq=3441 age_min_ms=85 age_max_ms=85
46475021500,screen,RX,3441,{},I (609650) LAT: RX seq=3441
46486431400,sensor,RTT,3441,"{""us"": 6814}",LAT RTT seq=3441 us=6814
46567371400,sensor,TX,3442,"{""age_min_ms"": 85, ""age_max_ms"": 85}",LAT TX seq=3442 age_min_ms=85 age_max_ms=85
46572013000,screen,RX,3442,{},I (609750) LAT: RX seq=3442
46586345700,sensor,RTT,3442,"{""us"": 4069}",LAT RTT seq=3442 us=4069
46667274800,sensor,TX,3443,"{""age_min_ms"": 94, ""age_max_ms"": 94}",LAT TX seq=3443 age_min_ms=94 age_max_ms=94
46672095400,screen,RX,3443,{},I (609850) LAT: RX seq=3443
46687374600,sensor,RTT,3443,"{""us"": 3879}",LAT RTT seq=3443 us=3879
46768250400,sensor,TX,3444,"{""age_min_ms"": 86, ""age_max_ms"": 86}",LAT TX seq=3444 age_min_ms=86 age_max_ms=86
46773476800,screen,RX,3444,{},I (609950) LAT: RX seq=3444
46788384800,sensor,RTT,3444,"{""us"": 4475}",LAT RTT seq=3444 us=4475
46869123200,sensor,TX,3445,"{""age_min_ms"": 87, ""age_max_ms"": 87}",LAT TX seq=3445 age_min_ms=87 age_max_ms=87
46874079400,screen,RX,3445,{},I (610050) LAT: RX seq=3445
46889385400,sensor,RTT,3445,"{""us"": 4924}",LAT RTT seq=3445 us=4924
46970169700,sensor,TX,3446,"{""age_min_ms"": 88, ""age_max_ms"": 88}",LAT TX seq=3446 age_min_ms=88 age_max_ms=88
46976444500,screen,RX,3446,{},I (610150) LAT: RX seq=3446
46989402300,sensor,RTT,3446,"{""us"": 5622}",LAT RTT seq=3446 us=5622
47070102500,sensor,TX,3447,"{""age_min_ms"": 47, ""age_max_ms"": 47}",LAT TX seq=3447 age_min_ms=47 age_max_ms=47
47078478800,screen,RX,3447,{},I (610250) LAT: RX seq=3447
47090245600,sensor,RTT,3447,"{""us"": 7298}",LAT RTT seq=3447 us=7298
47171436200,sensor,TX,3448,"{""age_min_ms"": 15, ""age_max_ms"": 15}",LAT TX seq=3448 age_min_ms=15 age_max_ms=15
47175260500,screen,RX,3448,{},I (610350) LAT: RX seq=3448
47190390800,sensor,RTT,3448,"{""us"": 3526}",LAT RTT seq=3448 us=3526
47271291100,sensor,TX,3449,"{""age_min_ms"": 15, ""age_max_ms"": 15}",LAT TX seq=3449 age_min_ms=15 age_max_ms=15
47275595200,screen,RX,3449,{},I (610450) LAT: RX seq=3449
47290402400,sensor,RTT,3449,"{""us"": 4631}",LAT RTT seq=3449 us=4631
47371198200,sensor,TX,3450,"{""age_min_ms"": 115, ""age_max_ms"": 115}",LAT TX seq=3450 age_min_ms=115 age_max_ms=115
47375349500,screen,RX,3450,{},I (610550) LAT: RX seq=3450
47390475100,sensor,RTT,3450,"{""us"": 6561}",LAT RTT seq=3450 us=6561
47471146900,sensor,TX,3451,"{""age_min_ms"": 97, ""age_max_ms"": 97}",LAT TX seq=3451 age_min_ms=97 age_max_ms=97
47477347400,screen,RX,3451,{},I (610650) LAT: RX seq=3451
47490337800,sensor,RTT,3451,"{""us"": 8291}",LAT RTT seq=3451 us=8291
47571104000,sensor,TX,3452,"{""age_min_ms"": 98, ""age_max_ms"": 98}",LAT TX seq=3452 age_min_ms=98 age_max_ms=98
47578797300,screen,RX,3452,{},I (610750) LAT: RX seq=3452
47590323700,sensor,RTT,3452,"{""us"": 8173}",LAT RTT seq=3452 us=8173
47671163200,sensor,TX,3453,"{""age_min_ms"": 97, ""age_max_ms"": 97}",LAT TX seq=3453 age_min_ms=97 age_max_ms=97
47676206900,screen,RX,3453,{},I (610850) LAT: RX seq=3453
47690374100,sensor,RTT,3453,"{""us"": 5217}",LAT RTT seq=3453 us=5217
47771198200,sensor,TX,3454,"{""age_min_ms"": 97, ""age_max_ms"": 97}",LAT TX seq=3454 age_min_ms=97 age_max_ms=97
47775959700,screen,RX,3454,{},I (610950) LAT: RX seq=3454
47790309400,sensor,RTT,3454,"{""us"": 4128}",LAT RTT seq=3454 us=4128
47871214500,sensor,TX,3455,"{""age_min_ms"": 15, ""age_max_ms"": 15}",LAT TX seq=3455 age_min_ms=15 age_max_ms=15
47876058700,screen,RX,3455,{},I (611050) LAT: RX seq=3455
47890342200,sensor,RTT,3455,"{""us"": 5030}",LAT RTT seq=3455 us=5030
47971125300,sensor,TX,3456,"{""age_min_ms"": 115, ""age_max_ms"": 115}",LAT TX seq=3456 age_min_ms=115 age_max_ms=115
47975968900,screen,RX,3456,{},I (611150) LAT: RX seq=3456
47990215800,sensor,RTT,3456,"{""us"": 4051}",LAT RTT seq=3456 us=4051
48071090200,sensor,TX,3457,"{""age_min_ms"": 56, ""age_max_ms"": 56}",LAT TX seq=3457 age_min_ms=56 age_max_ms=56
48075671800,screen,RX,3457,{},I (611250) LAT: RX seq=3457
48090466700,sensor,RTT,3457,"{""us"": 4027}",LAT RTT seq=3457 us=4027
48171281100,sensor,TX,3458,"{""age_min_ms"": 56, ""age_max_ms"": 56}",LAT TX seq=3458 age_min_ms=56 age_max_ms=56
48175363700,screen,RX,3458,{},I (611350) LAT: RX seq=3458
48190360700,sensor,RTT,3458,"{""us"": 4631}",LAT RTT seq=3458 us=4631
48271093500,sensor,TX,3459,"{""age_min_ms"": 97, ""age_max_ms"": 97}",LAT TX seq=3459 age_min_ms=97 age_max_ms=97
48277595200,screen,RX,3459,{},I (611450) LAT: RX seq=3459
48290386300,sensor,RTT,3459,"{""us"": 6146}",LAT RTT seq=3459 us=6146
48371326700,sensor,TX,3460,"{""age_min_ms"": 97, ""age_max_ms"": 97}",LAT TX seq=3460 age_min_ms=97 age_max_ms=97
48376548100,screen,RX,3460,{},I (611550) LAT: RX seq=3460
48390358100,sensor,RTT,3460,"{""us"": 10624}",LAT RTT seq=3460 us=10624
48471102800,sensor,TX,3461,"{""age_min_ms"": 97, ""age_max_ms"": 97}",LAT TX seq=3461 age_min_ms=97 age_max_ms=97
48475763500,screen,RX,3461,{},I (611650) LAT: RX seq=3461
48490375200,sensor,RTT,3461,"{""us"": 5475}",LAT RTT seq=3461 us=5475
48571211800,sensor,TX,3462,"{""age_min_ms"": 97, ""age_max_ms"": 97}",LAT TX seq=3462 age_min_ms=97 age_max_ms=97
48578261800,screen,RX,3462,{},I (611750) LAT: RX seq=3462
48590405300,sensor,RTT,3462,"{""us"": 6939}",LAT RTT seq=3462 us=6939
48671194500,sensor,TX,3463,"{""age_min_ms"": 97, ""age_max_ms"": 97}",LAT TX seq=3463 age_min_ms=97 age_max_ms=97
48675628200,screen,RX,3463,{},I (611850) LAT: RX seq=3463
48691379500,sensor,RTT,3463,"{""us"": 3747}",LAT RTT seq=3463 us=3747
48772181500,sensor,TX,3464,"{""age_min_ms"": 90, ""age_max_ms"": 90}",LAT TX seq=3464 age_min_ms=90 age_max_ms=90
48777018300,screen,RX,3464,{},I (611950) LAT: RX seq=3464
48791374900,sensor,RTT,3464,"{""us"": 6058}",LAT RTT seq=3464 us=6058
48872158200,sensor,TX,3465,"{""age_min_ms"": 90, ""age_max_ms"": 90}",LAT TX seq=3465 age_min_ms=90 age_max_ms=90
48877583600,screen,RX,3465,{},I (612050) LAT: RX seq=3465
48892398900,sensor,RTT,3465,"{""us"": 4575}",LAT RTT seq=3465 us=4575
48973140800,sensor,TX,3466,"{""age_min_ms"": 91, ""age_max_ms"": 91}",LAT TX seq=3466 age_min_ms=91 age_max_ms=91
48980092700,screen,RX,3466,{},I (612150) LAT: RX seq=3466
48992213500,sensor,RTT,3466,"{""us"": 6466}",LAT RTT seq=3466 us=6466
49073176100,sensor,TX,3467,"{""age_min_ms"": 59, ""age_max_ms"": 59}",LAT TX seq=3467 age_min_ms=59 age_max_ms=59
49077442100,screen,RX,3467,{},I (612250) LAT: RX seq=3467
49093393400,sensor,RTT,3467,"{""us"": 3974}",LAT RTT seq=3467 us=3974
49174202700,sensor,TX,3468,"{""age_min_ms"": 51, ""age_max_ms"": 51}",LAT TX seq=3468 age_min_ms=51 age_max_ms=51
49179858100,screen,RX,3468,{},I (612350) LAT: RX seq=3468
49194400500,sensor,RTT,3468,"{""us"": 9649}",LAT RTT seq=3468 us=9649
49275196900,sensor,TX,3469,"{""age_min_ms"": 93, ""age_max_ms"": 93}",LAT TX seq=3469 age_min_ms=93 age_max_ms=93
49280102200,screen,RX,3469,{},I (612450) LAT: RX seq=3469
49294425200,sensor,RTT,3469,"{""us"": 4974}",LAT RTT seq=3469 us=4974
49375195400,sensor,TX,3470,"{""age_min_ms"": 93, ""age_max_ms"": 93}",LAT TX seq=3470 age_min_ms=93 age_max_ms=93
49381903500,screen,RX,3470,{},I (612560) LAT: RX seq=3470
49394392500,sensor,RTT,3470,"{""us"": 6031}",LAT RTT seq=3470 us=6031
49475152700,sensor,TX,3471,"{""age_min_ms"": 93, ""age_max_ms"": 93}",LAT TX seq=3471 age_min_ms=93 age_max_ms=93
49479382500,screen,RX,3471,{},I (612650) LAT: RX seq=3471
49494427000,sensor,RTT,3471,"{""us"": 4199}",LAT RTT seq=3471 us=4199
49575311000,sensor,TX,3472,"{""age_min_ms"": 99, ""age_max_ms"": 99}",LAT TX seq=3472 age_min_ms=99 age_max_ms=99
49579462200,screen,RX,3472,{},I (612750) LAT: RX seq=3472
49594424500,sensor,RTT,3472,"{""us"": 3572}",LAT RTT seq=3472 us=3572
49675444300,sensor,TX,3473,"{""age_min_ms"": 19, ""age_max_ms"": 19}",LAT TX seq=3473 age_min_ms=19 age_max_ms=19
49680601100,screen,RX,3473,{},I (612850) LAT: RX seq=3473
49695444500,sensor,RTT,3473,"{""us"": 6108}",LAT RTT seq=3473 us=6108
49776473700,sensor,TX,3474,"{""age_min_ms"": 8, ""age_max_ms"": 8}",LAT TX seq=3474 age_min_ms=8 age_max_ms=8
49786451900,screen,RX,3474,{},I (612960) LAT: RX seq=3474
49796429600,sensor,RTT,3474,"{""us"": 10442}",LAT RTT seq=3474 us=10442
49877316200,sensor,TX,3475,"{""age_min_ms"": 3, ""age_max_ms"": 3}",LAT TX seq=3475 age_min_ms=3 age_max_ms=3
49881309900,screen,RX,3475,{},I (613050) LAT: RX seq=3475
49897377600,sensor,RTT,3475,"{""us"": 8222}",LAT RTT seq=3475 us=8222
49978086600,sensor,TX,3476,"{""age_min_ms"": 104, ""age_max_ms"": 104}",LAT TX seq=3476 age_min_ms=104 age_max_ms=104
49982312000,screen,RX,3476,{},I (613160) LAT: RX seq=3476
49997315700,sensor,RTT,3476,"{""us"": 4887}",LAT RTT seq=3476 us=4887
50078190100,sensor,TX,3477,"{""age_min_ms"": 62, ""age_max_ms"": 62}",LAT TX seq=3477 age_min_ms=62 age_max_ms=62
50082489100,screen,RX,3477,{},I (613260) LAT: RX seq=3477
50097393100,sensor,RTT,3477,"{""us"": 4338}",LAT RTT seq=3477 us=4338
50178135600,sensor,TX,3478,"{""age_min_ms"": 81, ""age_max_ms"": 81}",LAT TX seq=3478 age_min_ms=81 age_max_ms=81
50183755200,screen,RX,3478,{},I (613360) LAT: RX seq=3478
50197433100,sensor,RTT,3478,"{""us"": 4869}",LAT RTT seq=3478 us=4869
50278244900,sensor,TX,3479,"{""age_min_ms"": 96, ""age_max_ms"": 96}",LAT TX seq=3479 age_min_ms=96 age_max_ms=96
50282258000,screen,RX,3479,{},I (613460) LAT: RX seq=3479
50297411800,sensor,RTT,3479,"{""us"": 3954}",LAT RTT seq=3479 us=3954
50378204700,sensor,TX,3480,"{""age_min_ms"": 4, ""age_max_ms"": 4}",LAT TX seq=3480 age_min_ms=4 age_max_ms=4
50383051800,screen,RX,3480,{},I (613560) LAT: RX seq=3480
50397424200,sensor,RTT,3480,"{""us"": 6523}",LAT RTT seq=3480 us=6523
50478266500,sensor,TX,3481,"{""age_min_ms"": 5, ""age_max_ms"": 5}",LAT TX seq=3481 age_min_ms=5 age_max_ms=5
50483435000,screen,RX,3481,{},I (613660) LAT: RX seq=3481
50497418200,sensor,RTT,3481,"{""us"": 5574}",LAT RTT seq=3481 us=5574
50578142700,sensor,TX,3482,"{""age_min_ms"": 4, ""age_max_ms"": 4}",LAT TX seq=3482 age_min_ms=4 age_max_ms=4
50583210400,screen,RX,3482,{},I (613760) LAT: RX seq=3482
50597433100,sensor,RTT,3482,"{""us"": 4235}",LAT RTT seq=3482 us=4235
50678299300,sensor,TX,3483,"{""age_min_ms"": 5, ""age_max_ms"": 5}",LAT TX seq=3483 age_min_ms=5 age_max_ms=5
50682993000,screen,RX,3483,{},I (613860) LAT: RX seq=3483
50698491600,sensor,RTT,3483,"{""us"": 7941}",LAT RTT seq=3483 us=7941
50779303700,sensor,TX,3484,"{""age_min_ms"": 5, ""age_max_ms"": 5}",LAT TX seq=3484 age_min_ms=5 age_max_ms=5
50783260800,screen,RX,3484,{},I (613960) LAT: RX seq=3484
50798409800,sensor,RTT,3484,"{""us"": 3649}",LAT RTT seq=3484 us=3649
50879160200,sensor,TX,3485,"{""age_min_ms"": 105, ""age_max_ms"": 105}",LAT TX seq=3485 age_min_ms=105 age_max_ms=105
50883429400,screen,RX,3485,{},I (614060) LAT: RX seq=3485
50980225400,sensor,RTT,3485,"{""us"": 6023}",LAT RTT seq=3485 us=6023
50980225400,sensor,TX,3486,"{""age_min_ms"": 98, ""age_max_ms"": 98}",LAT TX seq=3486 age_min_ms=98 age_max_ms=98
50984985000,screen,RX,3486,{},I (614160) LAT: RX seq=3486
50999280900,sensor,RTT,3486,"{""us"": 7899}",LAT RTT seq=3486 us=7899
51080172100,sensor,TX,3487,"{""age_min_ms"": 65, ""age_max_ms"": 65}",LAT TX seq=3487 age_min_ms=65 age_max_ms=65
51084812100,screen,RX,3487,{},I (614260) LAT: RX seq=3487
51100619400,sensor,RTT,3487,"{""us"": 4461}",LAT RTT seq=3487 us=4461
51181152200,sensor,TX,3488,"{""age_min_ms"": 25, ""age_max_ms"": 25}",LAT TX seq=3488 age_min_ms=25 age_max_ms=25
51187281000,screen,RX,3488,{},I (614360) LAT: RX seq=3488
51201417900,sensor,RTT,3488,"{""us"": 5098}",LAT RTT seq=3488 us=5098
51282224400,sensor,TX,3489,"{""age_min_ms"": 26, ""age_max_ms"": 26}",LAT TX seq=3489 age_min_ms=26 age_max_ms=26
51287049800,screen,RX,3489,{},I (614460) LAT: RX seq=3489
51302410200,sensor,RTT,3489,"{""us"": 5760}",LAT RTT seq=3489 us=5760
51383223000,sensor,TX,3490,"{""age_min_ms"": 27, ""age_max_ms"": 27}",LAT TX seq=3490 age_min_ms=27 age_max_ms=27
51391725100,screen,RX,3490,{},I (614560) LAT: RX seq=3490
51403416600,sensor,RTT,3490,"{""us"": 7722}",LAT RTT seq=3490 us=7722
51484149500,sensor,TX,3491,"{""age_min_ms"": 28, ""age_max_ms"": 28}",LAT TX seq=3491 age_min_ms=28 age_max_ms=28
51489151200,screen,RX,3491,{},I (614660) LAT: RX seq=3491
51504412600,sensor,RTT,3491,"{""us"": 5073}",LAT RTT seq=3491 us=5073
51585256500,sensor,TX,3492,"{""age_min_ms"": 12, ""age_max_ms"": 12}",LAT TX seq=3492 age_min_ms=12 age_max_ms=12
51589585200,screen,RX,3492,{},I (614760) LAT: RX seq=3492
51604428200,sensor,RTT,3492,"{""us"": 3757}",LAT RTT seq=3492 us=3757
51685327900,sensor,TX,3493,"{""age_min_ms"": 12, ""age_max_ms"": 12}",LAT TX seq=3493 age_min_ms=12 age_max_ms=12
51690210200,screen,RX,3493,{},I (614860) LAT: RX seq=3493
51705464700,sensor,RTT,3493,"{""us"": 5357}",LAT RTT seq=3493 us=5357
51786277600,sensor,TX,3494,"{""age_min_ms"": 12, ""age_max_ms"": 12}",LAT TX seq=3494 age_min_ms=12 age_max_ms=12
51790940300,screen,RX,3494,{},I (614960) LAT: RX seq=3494
51806445300,sensor,RTT,3494,"{""us"": 8935}",LAT RTT seq=3494 us=8935
51887190600,sensor,TX,3495,"{""age_min_ms"": 14, ""age_max_ms"": 14}",LAT TX seq=3495 age_min_ms=14 age_max_ms=14
51892103400,screen,RX,3495,{},I (615070) LAT: RX seq=3495
51907409900,sensor,RTT,3495,"{""us"": 7716}",LAT RTT seq=3495 us=7716
51988244700,sensor,TX,3496,"{""age_min_ms"": 115, ""age_max_ms"": 115}",LAT TX seq=3496 age_min_ms=115 age_max_ms=115
51992448700,screen,RX,3496,{},I (615170) LAT: RX seq=3496
52007393300,sensor,RTT,3496,"{""us"": 4123}",LAT RTT seq=3496 us=4123
52088194400,sensor,TX,3497,"{""age_min_ms"": 73, ""age_max_ms"": 73}",LAT TX seq=3497 age_min_ms=73 age_max_ms=73
52092306100,screen,RX,3497,{},I (615270) LAT: RX seq=3497
52107322500,sensor,RTT,3497,"{""us"": 3150}",LAT RTT seq=3497 us=3150
52188364600,sensor,TX,3498,"{""age_min_ms"": 14, ""age_max_ms"": 14}",LAT TX seq=3498 age_min_ms=14 age_max_ms=14
52192813100,screen,RX,3498,{},I (615370) LAT: RX seq=3498
52207512800,sensor,RTT,3498,"{""us"": 4294}",LAT RTT seq=3498 us=4294
52288169300,sensor,TX,3499,"{""age_min_ms"": 14, ""age_max_ms"": 14}",LAT TX seq=3499 age_min_ms=14 age_max_ms=14
52292302300,screen,RX,3499,{},I (615470) LAT: RX seq=3499
52307468000,sensor,RTT,3499,"{""us"": 3324}",LAT RTT seq=3499 us=3324
52388207300,sensor,TX,3500,"{""age_min_ms"": 14, ""age_max_ms"": 14}",LAT TX seq=3500 age_min_ms=14 age_max_ms=14
52392409400,screen,RX,3500,{},I (615570) LAT: RX seq=3500
52407411000,sensor,RTT,3500,"{""us"": 4612}",LAT RTT seq=3500 us=4612
52488222500,sensor,TX,3501,"{""age_min_ms"": 14, ""age_max_ms"": 14}",LAT TX seq=3501 age_min_ms=14 age_max_ms=14
52493363700,screen,RX,3501,{},I (615670) LAT: RX seq=3501
52507421000,sensor,RTT,3501,"{""us"": 5744}",LAT RTT seq=3501 us=5744
52588220200,sensor,TX,3502,"{""age_min_ms"": 14, ""age_max_ms"": 14}",LAT TX seq=3502 age_min_ms=14 age_max_ms=14
52593140300,screen,RX,3502,{},I (615770) LAT: RX seq=3502
52607424700,sensor,RTT,3502,"{""us"": 4345}",LAT RTT seq=3502 us=4345
52688413000,sensor,TX,3503,"{""age_min_ms"": 14, ""age_max_ms"": 14}",LAT TX seq=3503 age_min_ms=14 age_max_ms=14
52693434900,screen,RX,3503,{},I (615870) LAT: RX seq=3503
52708418500,sensor,RTT,3503,"{""us"": 4926}",LAT RTT seq=3503 us=4926
52789612600,sensor,TX,3504,"{""age_min_ms"": 30, ""age_max_ms"": 30}",LAT TX seq=3504 age_min_ms=30 age_max_ms=30
52793498600,screen,RX,3504,{},I (615970) LAT: RX seq=3504
52809436000,sensor,RTT,3504,"{""us"": 3258}",LAT RTT seq=3504 us=3258
52890292700,sensor,TX,3505,"{""age_min_ms"": 16, ""age_max_ms"": 16}",LAT TX seq=3505 age_min_ms=16 age_max_ms=16
52895648500,screen,RX,3505,{},I (616070) LAT: RX seq=3505
52910413600,sensor,RTT,3505,"{""us"": 4767}",LAT RTT seq=3505 us=4767
52991550000,sensor,TX,3506,"{""age_min_ms"": 117, ""age_max_ms"": 117}",LAT TX seq=3506 age_min_ms=117 age_max_ms=117
52995473700,screen,RX,3506,{},I (616170) LAT: RX seq=3506
53011470000,sensor,RTT,3506,"{""us"": 4241}",LAT RTT seq=3506 us=4241
53092344400,sensor,TX,3507,"{""age_min_ms"": 76, ""age_max_ms"": 76}",LAT TX seq=3507 age_min_ms=76 age_max_ms=76
53097203300,screen,RX,3507,{},I (616270) LAT: RX seq=3507
53112419800,sensor,RTT,3507,"{""us"": 4763}",LAT RTT seq=3507 us=4763
53193207300,sensor,TX,3508,"{""age_min_ms"": 19, ""age_max_ms"": 19}",LAT TX seq=3508 age_min_ms=19 age_max_ms=19
53198459100,screen,RX,3508,{},I (616370) LAT: RX seq=3508
53212419400,sensor,RTT,3508,"{""us"": 4473}",LAT RTT seq=3508 us=4473
53293224200,sensor,TX,3509,"{""age_min_ms"": 19, ""age_max_ms"": 19}",LAT TX seq=3509 age_min_ms=19 age_max_ms=19
53298295900,screen,RX,3509,{},I (616470) LAT: RX seq=3509
53312478100,sensor,RTT,3509,"{""us"": 5342}",LAT RTT seq=3509 us=5342
53393222400,sensor,TX,3510,"{""age_min_ms"": 19, ""age_max_ms"": 19}",LAT TX seq=3510 age_min_ms=19 age_max_ms=19
53398574200,screen,RX,3510,{},I (616570) LAT: RX seq=3510
53412518700,sensor,RTT,3510,"{""us"": 5345}",LAT RTT seq=3510 us=5345
53493263600,sensor,TX,3511,"{""age_min_ms"": 19, ""age_max_ms"": 19}",LAT TX seq=3511 age_min_ms=19 age_max_ms=19
53498413500,screen,RX,3511,{},I (616670) LAT: RX seq=3511
53512398400,sensor,RTT,3511,"{""us"": 7418}",LAT RTT seq=3511 us=7418
53593213000,sensor,TX,3512,"{""age_min_ms"": 19, ""age_max_ms"": 19}",LAT TX seq=3512 age_min_ms=19 age_max_ms=19
53598146700,screen,RX,3512,{},I (616770) LAT: RX seq=3512
53612390800,sensor,RTT,3512,"{""us"": 4724}",LAT RTT seq=3512 us=4724
53693167600,sensor,TX,3513,"{""age_min_ms"": 19, ""age_max_ms"": 19}",LAT TX seq=3513 age_min_ms=19 age_max_ms=19
53697820100,screen,RX,3513,{},I (616870) LAT: RX seq=3513
53713473800,sensor,RTT,3513,"{""us"": 4705}",LAT RTT seq=3513 us=4705
53794256900,sensor,TX,3514,"{""age_min_ms"": 38, ""age_max_ms"": 38}",LAT TX seq=3514 age_min_ms=38 age_max_ms=38
53800422900,screen,RX,3514,{},I (616970) LAT: RX seq=3514
53814456400,sensor,RTT,3514,"{""us"": 5838}",LAT RTT seq=3514 us=5838
53895375500,sensor,TX,3515,"{""age_min_ms"": 39, ""age_max_ms"": 39}",LAT TX seq=3515 age_min_ms=39 age_max_ms=39
53900120100,screen,RX,3515,{},I (617070) LAT: RX seq=3515
53915412600,sensor,RTT,3515,"{""us"": 5205}",LAT RTT seq=3515 us=5205
53996260200,sensor,TX,3516,"{""age_min_ms"": 140, ""age_max_ms"": 140}",LAT TX seq=3516 age_min_ms=140 age_max_ms=140
54000512200,screen,RX,3516,{},I (617170) LAT: RX seq=3516
54015420300,sensor,RTT,3516,"{""us"": 5266}",LAT RTT seq=3516 us=5266
54096439900,sensor,TX,3517,"{""age_min_ms"": 81, ""age_max_ms"": 81}",LAT TX seq=3517 age_min_ms=81 age_max_ms=81
54100344000,screen,RX,3517,{},I (617270) LAT: RX seq=3517
54115480100,sensor,RTT,3517,"{""us"": 3654}",LAT RTT seq=3517 us=3654
54196205000,sensor,TX,3518,"{""age_min_ms"": 22, ""age_max_ms"": 22}",LAT TX seq=3518 age_min_ms=22 age_max_ms=22
54205068800,screen,RX,3518,{},I (617380) LAT: RX seq=3518
54215541100,sensor,RTT,3518,"{""us"": 16617}",LAT RTT seq=3518 us=16617
54296164100,sensor,TX,3519,"{""age_min_ms"": 22, ""age_max_ms"": 22}",LAT TX seq=3519 age_min_ms=22 age_max_ms=22
54300321700,screen,RX,3519,{},I (617470) LAT: RX seq=3519
54315448400,sensor,RTT,3519,"{""us"": 5958}",LAT RTT seq=3519 us=5958
54396202400,sensor,TX,3520,"{""age_min_ms"": 33, ""age_max_ms"": 33}",LAT TX seq=3520 age_min_ms=33 age_max_ms=33
54401044600,screen,RX,3520,{},I (617570) LAT: RX seq=3520
54415486500,sensor,RTT,3520,"{""us"": 3866}",LAT RTT seq=3520 us=3866
54496220600,sensor,TX,3521,"{""age_min_ms"": 23, ""age_max_ms"": 23}",LAT TX seq=3521 age_min_ms=23 age_max_ms=23
54501463300,screen,RX,3521,{},I (617670) LAT: RX seq=3521
54516445400,sensor,RTT,3521,"{""us"": 5295}",LAT RTT seq=3521 us=5295
54597485200,sensor,TX,3522,"{""age_min_ms"": 23, ""age_max_ms"": 23}",LAT TX seq=3522 age_min_ms=23 age_max_ms=23
54603423000,screen,RX,3522,{},I (617780) LAT: RX seq=3522
54616267300,sensor,RTT,3522,"{""us"": 9536}",LAT RTT seq=3522 us=9536
54697320000,sensor,TX,3523,"{""age_min_ms"": 23, ""age_max_ms"": 23}",LAT TX seq=3523 age_min_ms=23 age_max_ms=23
54702086800,screen,RX,3523,{},I (617880) LAT: RX seq=3523
54717285200,sensor,RTT,3523,"{""us"": 6949}",LAT RTT seq=3523 us=6949
54798178000,sensor,TX,3524,"{""age_min_ms"": 24, ""age_max_ms"": 24}",LAT TX seq=3524 age_min_ms=24 age_max_ms=24
54804303800,screen,RX,3524,{},I (617980) LAT: RX seq=3524
54817290200,sensor,RTT,3524,"{""us"": 5295}",LAT RTT seq=3524 us=5295
54898245200,sensor,TX,3525,"{""age_min_ms"": 42, ""age_max_ms"": 42}",LAT TX seq=3525 age_min_ms=42 age_max_ms=42
54902324000,screen,RX,3525,{},I (618080) LAT: RX seq=3525
54917397800,sensor,RTT,3525,"{""us"": 5246}",LAT RTT seq=3525 us=5246
54998409900,sensor,TX,3526,"{""age_min_ms"": 142, ""age_max_ms"": 142}",LAT TX seq=3526 age_min_ms=142 age_max_ms=142
55002318800,screen,RX,3526,{},I (618180) LAT: RX seq=3526
55017402800,sensor,RTT,3526,"{""us"": 3791}",LAT RTT seq=3526 us=3791
55098215600,sensor,TX,3527,"{""age_min_ms"": 83, ""age_max_ms"": 83}",LAT TX seq=3527 age_min_ms=83 age_max_ms=83
55106323700,screen,RX,3527,{},I (618280) LAT: RX seq=3527
55117424700,sensor,RTT,3527,"{""us"": 8551}",LAT RTT seq=3527 us=8551
55198259800,sensor,TX,3528,"{""age_min_ms"": 24, ""age_max_ms"": 24}",LAT TX seq=3528 age_min_ms=24 age_max_ms=24
55203810000,screen,RX,3528,{},I (618380) LAT: RX seq=3528
55217402700,sensor,RTT,3528,"{""us"": 4948}",LAT RTT seq=3528 us=4948
55304160600,screen,RX,3529,{},I (618480) LAT: RX seq=3529
55318402300,sensor,RTT,3529,"{""us"": 4985}",LAT RTT seq=3529 us=4985
55399145200,sensor,TX,3530,"{""age_min_ms"": 26, ""age_max_ms"": 26}",LAT TX seq=3530 age_min_ms=26 age_max_ms=26
55404401400,screen,RX,3530,{},I (618580) LAT: RX seq=3530
55418358400,sensor,RTT,3530,"{""us"": 5076}",LAT RTT seq=3530 us=5076
55499140800,sensor,TX,3531,"{""age_min_ms"": 25, ""age_max_ms"": 25}",LAT TX seq=3531 age_min_ms=25 age_max_ms=25
55503507800,screen,RX,3531,{},I (618680) LAT: RX seq=3531
55518445000,sensor,RTT,3531,"{""us"": 3971}",LAT RTT seq=3531 us=3971
55599336900,sensor,TX,3532,"{""age_min_ms"": 25, ""age_max_ms"": 25}",LAT TX seq=3532 age_min_ms=25 age_max_ms=25
55603291700,screen,RX,3532,{},I (618780) LAT: RX seq=3532
55618195300,sensor,RTT,3532,"{""us"": 3892}",LAT RTT seq=3532 us=3892
55699202700,sensor,TX,3533,"{""age_min_ms"": 25, ""age_max_ms"": 25}",LAT TX seq=3533 age_min_ms=25 age_max_ms=25
55704878900,screen,RX,3533,{},I (618880) LAT: RX seq=3533
55719239300,sensor,RTT,3533,"{""us"": 6244}",LAT RTT seq=3533 us=6244
55800285300,sensor,TX,3534,"{""age_min_ms"": 26, ""age_max_ms"": 26}",LAT TX seq=3534 age_min_ms=26 age_max_ms=26
55805148900,screen,RX,3534,{},I (618980) LAT: RX seq=3534
55820315300,sensor,RTT,3534,"{""us"": 5297}",LAT RTT seq=3534 us=5297
55901167200,sensor,TX,3535,"{""age_min_ms"": 28, ""age_max_ms"": 28}",LAT TX seq=3535 age_min_ms=28 age_max_ms=28
55905315800,screen,RX,3535,{},I (619080) LAT: RX seq=3535
55921395300,sensor,RTT,3535,"{""us"": 4617}",LAT RTT seq=3535 us=4617
56007518100,screen,RX,3536,{},I (619180) LAT: RX seq=3536
56021553300,sensor,RTT,3536,"{""us"": 5297}",LAT RTT seq=3536 us=5297
56102300700,sensor,TX,3537,"{""age_min_ms"": 87, ""age_max_ms"": 87}",LAT TX seq=3537 age_min_ms=87 age_max_ms=87
56107167100,screen,RX,3537,{},I (619280) LAT: RX seq=3537
56202555400,sensor,RTT,3537,"{""us"": 5011}",LAT RTT seq=3537 us=5011
56202555400,sensor,TX,3538,"{""age_min_ms"": 28, ""age_max_ms"": 28}",LAT TX seq=3538 age_min_ms=28 age_max_ms=28
56207080400,screen,RX,3538,{},I (619380) LAT: RX seq=3538
56221539100,sensor,RTT,3538,"{""us"": 3952}",LAT RTT seq=3538 us=3952
56302232500,sensor,TX,3539,"{""age_min_ms"": 28, ""age_max_ms"": 28}",LAT TX seq=3539 age_min_ms=28 age_max_ms=28
56307446400,screen,RX,3539,{},I (619480) LAT: RX seq=3539
56321428000,sensor,RTT,3539,"{""us"": 4920}",LAT RTT seq=3539 us=4920
56402166800,sensor,TX,3540,"{""age_min_ms"": 28, ""age_max_ms"": 28}",LAT TX seq=3540 age_min_ms=28 age_max_ms=28
56409166600,screen,RX,3540,{},I (619580) LAT: RX seq=3540
56422413400,sensor,RTT,3540,"{""us"": 5943}",LAT RTT seq=3540 us=5943
56503193500,sensor,TX,3541,"{""age_min_ms"": 29, ""age_max_ms"": 29}",LAT TX seq=3541 age_min_ms=29 age_max_ms=29
56512127000,screen,RX,3541,{},I (619690) LAT: RX seq=3541
56523391200,sensor,RTT,3541,"{""us"": 8470}",LAT RTT seq=3541 us=8470
56604484400,sensor,TX,3542,"{""age_min_ms"": 30, ""age_max_ms"": 30}",LAT TX seq=3542 age_min_ms=30 age_max_ms=30
56608298700,screen,RX,3542,{},I (619780) LAT: RX seq=3542
56623323100,sensor,RTT,3542,"{""us"": 3266}",LAT RTT seq=3542 us=3266
56704502300,sensor,TX,3543,"{""age_min_ms"": 30, ""age_max_ms"": 30}",LAT TX seq=3543 age_min_ms=30 age_max_ms=30
56708417500,screen,RX,3543,{},I (619880) LAT: RX seq=3543
56724341500,sensor,RTT,3543,"{""us"": 4137}",LAT RTT seq=3543 us=4137
56805493800,sensor,TX,3544,"{""age_min_ms"": 32, ""age_max_ms"": 32}",LAT TX seq=3544 age_min_ms=32 age_max_ms=32
56812770800,screen,RX,3544,{},I (619990) LAT: RX seq=3544
56825455900,sensor,RTT,3544,"{""us"": 7505}",LAT RTT seq=3544 us=7505
56906254400,sensor,TX,3545,"{""age_min_ms"": 33, ""age_max_ms"": 33}",LAT TX seq=3545 age_min_ms=33 age_max_ms=33
56910493800,screen,RX,3545,{},I (620080) LAT: RX seq=3545
56926435600,sensor,RTT,3545,"{""us"": 3677}",LAT RTT seq=3545 us=3677
57007532300,sensor,TX,3546,"{""age_min_ms"": 134, ""age_max_ms"": 134}",LAT TX seq=3546 age_min_ms=134 age_max_ms=134
57012408000,screen,RX,3546,{},I (620190) LAT: RX seq=3546
57091251400,sensor,RTT,3546,"{""us"": 7612}",LAT RTT seq=3546 us=7612
57107178700,sensor,TX,3547,"{""age_min_ms"": 93, ""age_max_ms"": 93}",LAT TX seq=3547 age_min_ms=93 age_max_ms=93
57111824100,screen,RX,3547,{},I (620290) LAT: RX seq=3547
57127636700,sensor,RTT,3547,"{""us"": 4651}",LAT RTT seq=3547 us=4651
57208498000,sensor,TX,3548,"{""age_min_ms"": 34, ""age_max_ms"": 34}",LAT TX seq=3548 age_min_ms=34 age_max_ms=34
57212448400,screen,RX,3548,{},I (620390) LAT: RX seq=3548
57228423000,sensor,RTT,3548,"{""us"": 4961}",LAT RTT seq=3548 us=4961
57309657500,sensor,TX,3549,"{""age_min_ms"": 36, ""age_max_ms"": 36}",LAT TX seq=3549 age_min_ms=36 age_max_ms=36
57314787900,screen,RX,3549,{},I (620490) LAT: RX seq=3549
57329433500,sensor,RTT,3549,"{""us"": 5080}",LAT RTT seq=3549 us=5080
57410451800,sensor,TX,3550,"{""age_min_ms"": 28, ""age_max_ms"": 28}",LAT TX seq=3550 age_min_ms=28 age_max_ms=28
57414536200,screen,RX,3550,{},I (620590) LAT: RX seq=3550
57429429300,sensor,RTT,3550,"{""us"": 6759}",LAT RTT seq=3550 us=6759
57510271500,sensor,TX,3551,"{""age_min_ms"": 37, ""age_max_ms"": 37}",LAT TX seq=3551 age_min_ms=37 age_max_ms=37
57514603200,screen,RX,3551,{},I (620690) LAT: RX seq=3551
57529402700,sensor,RTT,3551,"{""us"": 4081}",LAT RTT seq=3551 us=4081
57610464000,sensor,TX,3552,"{""age_min_ms"": 37, ""age_max_ms"": 37}",LAT TX seq=3552 age_min_ms=37 age_max_ms=37
57616000300,screen,RX,3552,{},I (620790) LAT: RX seq=3552
57629422600,sensor,RTT,3552,"{""us"": 5486}",LAT RTT seq=3552 us=5486
57710589200,sensor,TX,3553,"{""age_min_ms"": 28, ""age_max_ms"": 28}",LAT TX seq=3553 age_min_ms=28 age_max_ms=28
57715884500,screen,RX,3553,{},I (620890) LAT: RX seq=3553
57730416400,sensor,RTT,3553,"{""us"": 5981}",LAT RTT seq=3553 us=5981
57811555300,sensor,TX,3554,"{""age_min_ms"": 29, ""age_max_ms"": 29}",LAT TX seq=3554 age_min_ms=29 age_max_ms=29
57818504400,screen,RX,3554,{},I (620990) LAT: RX seq=3554
57831456500,sensor,RTT,3554,"{""us"": 6726}",LAT RTT seq=3554 us=6726
57912316200,sensor,TX,3555,"{""age_min_ms"": 39, ""age_max_ms"": 39}",LAT TX seq=3555 age_min_ms=39 age_max_ms=39
57916530600,screen,RX,3555,{},I (621090) LAT: RX seq=3555
57933582400,sensor,RTT,3555,"{""us"": 4220}",LAT RTT seq=3555 us=4220
58013562000,sensor,TX,3556,"{""age_min_ms"": 140, ""age_max_ms"": 140}",LAT TX seq=3556 age_min_ms=140 age_max_ms=140
58017965500,screen,RX,3556,{},I (621190) LAT: RX seq=3556
58032606600,sensor,RTT,3556,"{""us"": 4561}",LAT RTT seq=3556 us=4561
58113494800,sensor,TX,3557,"{""age_min_ms"": 97, ""age_max_ms"": 97}",LAT TX seq=3557 age_min_ms=97 age_max_ms=97
58117778200,screen,RX,3557,{},I (621290) LAT: RX seq=3557
58132644800,sensor,RTT,3557,"{""us"": 4716}",LAT RTT seq=3557 us=4716
58213370400,sensor,TX,3558,"{""age_min_ms"": 39, ""age_max_ms"": 39}",LAT TX seq=3558 age_min_ms=39 age_max_ms=39
58217362800,screen,RX,3558,{},I (621390) LAT: RX seq=3558
58232436100,sensor,RTT,3558,"{""us"": 3980}",LAT RTT seq=3558 us=3980
58313182000,sensor,TX,3559,"{""age_min_ms"": 39, ""age_max_ms"": 39}",LAT TX seq=3559 age_min_ms=39 age_max_ms=39
58318378700,screen,RX,3559,{},I (621490) LAT: RX seq=3559
58332432400,sensor,RTT,3559,"{""us"": 4886}",LAT RTT seq=3559 us=4886
58413311000,sensor,TX,3560,"{""age_min_ms"": 39, ""age_max_ms"": 39}",LAT TX seq=3560 age_min_ms=39 age_max_ms=39
58418363200,screen,RX,3560,{},I (621590) LAT: RX seq=3560
58432509500,sensor,RTT,3560,"{""us"": 5080}",LAT RTT seq=3560 us=5080
58513348800,sensor,TX,3561,"{""age_min_ms"": 39, ""age_max_ms"": 39}",LAT TX seq=3561 age_min_ms=39 age_max_ms=39
58520846400,screen,RX,3561,{},I (621690) LAT: RX seq=3561
58533491000,sensor,RTT,3561,"{""us"": 6906}",LAT RTT seq=3561 us=6906
58614242700,sensor,TX,3562,"{""age_min_ms"": 40, ""age_max_ms"": 40}",LAT TX seq=3562 age_min_ms=40 age_max_ms=40
58618731900,screen,RX,3562,{},I (621790) LAT: RX seq=3562
58634434700,sensor,RTT,3562,"{""us"": 3862}",LAT RTT seq=3562 us=3862
58715603500,sensor,TX,3563,"{""age_min_ms"": 41, ""age_max_ms"": 41}",LAT TX seq=3563 age_min_ms=41 age_max_ms=41
58720442200,screen,RX,3563,{},I (621890) LAT: RX seq=3563
58735480400,sensor,RTT,3563,"{""us"": 4702}",LAT RTT seq=3563 us=4702
58816489200,sensor,TX,3564,"{""age_min_ms"": 42, ""age_max_ms"": 42}",LAT TX seq=3564 age_min_ms=42 age_max_ms=42
58822882000,screen,RX,3564,{},I (622000) LAT: RX seq=3564
58836428700,sensor,RTT,3564,"{""us"": 5662}",LAT RTT seq=3564 us=5662
58917643500,sensor,TX,3565,"{""age_min_ms"": 43, ""age_max_ms"": 43}",LAT TX seq=3565 age_min_ms=43 age_max_ms=43
58922125300,screen,RX,3565,{},I (622090) LAT: RX seq=3565
58937759400,sensor,RTT,3565,"{""us"": 5687}",LAT RTT seq=3565 us=5687
59018186700,sensor,TX,3566,"{""age_min_ms"": 144, ""age_max_ms"": 144}",LAT TX seq=3566 age_min_ms=144 age_max_ms=144
59024510300,screen,RX,3566,{},I (622200) LAT: RX seq=3566
59037415200,sensor,RTT,3566,"{""us"": 6130}",LAT RTT seq=3566 us=6130
59118932300,sensor,TX,3567,"{""age_min_ms"": 95, ""age_max_ms"": 95}",LAT TX seq=3567 age_min_ms=95 age_max_ms=95
59122564400,screen,RX,3567,{},I (622300) LAT: RX seq=3567
59138823900,sensor,RTT,3567,"{""us"": 4050}",LAT RTT seq=3567 us=4050
59219315500,sensor,TX,3568,"{""age_min_ms"": 45, ""age_max_ms"": 45}",LAT TX seq=3568 age_min_ms=45 age_max_ms=45
59224256100,screen,RX,3568,{},I (622400) LAT: RX seq=3568
59238439500,sensor,RTT,3568,"{""us"": 4021}",LAT RTT seq=3568 us=4021
59319189000,sensor,TX,3569,"{""age_min_ms"": 45, ""age_max_ms"": 45}",LAT TX seq=3569 age_min_ms=45 age_max_ms=45
59324512500,screen,RX,3569,{},I (622500) LAT: RX seq=3569
59339462000,sensor,RTT,3569,"{""us"": 5310}",LAT RTT seq=3569 us=5310
59420241400,sensor,TX,3570,"{""age_min_ms"": 46, ""age_max_ms"": 46}",LAT TX seq=3570 age_min_ms=46 age_max_ms=46
59424720200,screen,RX,3570,{},I (622600) LAT: RX seq=3570
59439433900,sensor,RTT,3570,"{""us"": 4186}",LAT RTT seq=3570 us=4186
59520215800,sensor,TX,3571,"{""age_min_ms"": 46, ""age_max_ms"": 46}",LAT TX seq=3571 age_min_ms=46 age_max_ms=46
59524510800,screen,RX,3571,{},I (622700) LAT: RX seq=3571
59540432700,sensor,RTT,3571,"{""us"": 3489}",LAT RTT seq=3571 us=3489
59621343900,sensor,TX,3572,"{""age_min_ms"": 47, ""age_max_ms"": 47}",LAT TX seq=3572 age_min_ms=47 age_max_ms=47
59626178900,screen,RX,3572,{},I (622800) LAT: RX seq=3572
59640437800,sensor,RTT,3572,"{""us"": 4246}",LAT RTT seq=3572 us=4246
59721260900,sensor,TX,3573,"{""age_min_ms"": 47, ""age_max_ms"": 47}",LAT TX seq=3573 age_min_ms=47 age_max_ms=47
59729028200,screen,RX,3573,{},I (622900) LAT: RX seq=3573
59741585200,sensor,RTT,3573,"{""us"": 7272}",LAT RTT seq=3573 us=7272
59822353600,sensor,TX,3574,"{""age_min_ms"": 48, ""age_max_ms"": 48}",LAT TX seq=3574 age_min_ms=48 age_max_ms=48
59826488600,screen,RX,3574,{},I (623000) LAT: RX seq=3574
59841598000,sensor,RTT,3574,"{""us"": 4015}",LAT RTT seq=3574 us=4015
59922327900,sensor,TX,3575,"{""age_min_ms"": 48, ""age_max_ms"": 48}",LAT TX seq=3575 age_min_ms=48 age_max_ms=48
59926589700,screen,RX,3575,{},I (623100) LAT: RX seq=3575
59941686200,sensor,RTT,3575,"{""us"": 4892}",LAT RTT seq=3575 us=4892
60022289700,sensor,TX,3576,"{""age_min_ms"": 7, ""age_max_ms"": 7}",LAT TX seq=3576 age_min_ms=7 age_max_ms=7
60027468600,screen,RX,3576,{},I (623200) LAT: RX seq=3576
60044369500,sensor,RTT,3576,"{""us"": 6585}",LAT RTT seq=3576 us=6585
60123406300,sensor,TX,3577,"{""age_min_ms"": 8, ""age_max_ms"": 8}",LAT TX seq=3577 age_min_ms=8 age_max_ms=8
60127511100,screen,RX,3577,{},I (623300) LAT: RX seq=3577
60143580800,sensor,RTT,3577,"{""us"": 7363}",LAT RTT seq=3577 us=7363
60224459700,sensor,TX,3578,"{""age_min_ms"": 50, ""age_max_ms"": 50}",LAT TX seq=3578 age_min_ms=50 age_max_ms=50
60229304500,screen,RX,3578,{},I (623400) LAT: RX seq=3578
60243628300,sensor,RTT,3578,"{""us"": 4119}",LAT RTT seq=3578 us=4119
60324538400,sensor,TX,3579,"{""age_min_ms"": 50, ""age_max_ms"": 50}",LAT TX seq=3579 age_min_ms=50 age_max_ms=50
60329007200,screen,RX,3579,{},I (623500) LAT: RX seq=3579
60343486500,sensor,RTT,3579,"{""us"": 4797}",LAT RTT seq=3579 us=4797
60424319800,sensor,TX,3580,"{""age_min_ms"": 50, ""age_max_ms"": 50}",LAT TX seq=3580 age_min_ms=50 age_max_ms=50
60429000800,screen,RX,3580,{},I (623600) LAT: RX seq=3580
60443441500,sensor,RTT,3580,"{""us"": 4615}",LAT RTT seq=3580 us=4615
60524209200,sensor,TX,3581,"{""age_min_ms"": 50, ""age_max_ms"": 50}",LAT TX seq=3581 age_min_ms=50 age_max_ms=50
60528501000,screen,RX,3581,{},I (623700) LAT: RX seq=3581
60543427100,sensor,RTT,3581,"{""us"": 4022}",LAT RTT seq=3581 us=4022
60624307500,sensor,TX,3582,"{""age_min_ms"": 50, ""age_max_ms"": 50}",LAT TX seq=3582 age_min_ms=50 age_max_ms=50
60628628600,screen,RX,3582,{},I (623800) LAT: RX seq=3582
60644993500,sensor,RTT,3582,"{""us"": 3644}",LAT RTT seq=3582 us=3644
60725244700,sensor,TX,3583,"{""age_min_ms"": 51, ""age_max_ms"": 51}",LAT TX seq=3583 age_min_ms=51 age_max_ms=51
60730265700,screen,RX,3583,{},I (623900) LAT: RX seq=3583
60745608500,sensor,RTT,3583,"{""us"": 5022}",LAT RTT seq=3583 us=5022
60826312000,sensor,TX,3584,"{""age_min_ms"": 52, ""age_max_ms"": 52}",LAT TX seq=3584 age_min_ms=52 age_max_ms=52
60833461700,screen,RX,3584,{},I (624010) LAT: RX seq=3584
60846965700,sensor,RTT,3584,"{""us"": 12185}",LAT RTT seq=3584 us=12185
60927973000,sensor,TX,3585,"{""age_min_ms"": 53, ""age_max_ms"": 53}",LAT TX seq=3585 age_min_ms=53 age_max_ms=53
60932392700,screen,RX,3585,{},I (624110) LAT: RX seq=3585
60946508300,sensor,RTT,3585,"{""us"": 5982}",LAT RTT seq=3585 us=5982
61028501500,sensor,TX,3586,"{""age_min_ms"": 12, ""age_max_ms"": 12}",LAT TX seq=3586 age_min_ms=12 age_max_ms=12
61032136400,screen,RX,3586,{},I (624200) LAT: RX seq=3586
61047608400,sensor,RTT,3586,"{""us"": 4072}",LAT RTT seq=3586 us=4072
61128225300,sensor,TX,3587,"{""age_min_ms"": 13, ""age_max_ms"": 13}",LAT TX seq=3587 age_min_ms=13 age_max_ms=13
61132637400,screen,RX,3587,{},I (624310) LAT: RX seq=3587
61148456100,sensor,RTT,3587,"{""us"": 9977}",LAT RTT seq=3587 us=9977
61229267300,sensor,TX,3588,"{""age_min_ms"": 55, ""age_max_ms"": 55}",LAT TX seq=3588 age_min_ms=55 age_max_ms=55
61233455100,screen,RX,3588,{},I (624410) LAT: RX seq=3588
61248459300,sensor,RTT,3588,"{""us"": 4134}",LAT RTT seq=3588 us=4134
61329267100,sensor,TX,3589,"{""age_min_ms"": 55, ""age_max_ms"": 55}",LAT TX seq=3589 age_min_ms=55 age_max_ms=55
61334104900,screen,RX,3589,{},I (624510) LAT: RX seq=3589
61349425500,sensor,RTT,3589,"{""us"": 5327}",LAT RTT seq=3589 us=5327
61430340200,sensor,TX,3590,"{""age_min_ms"": 56, ""age_max_ms"": 56}",LAT TX seq=3590 age_min_ms=56 age_max_ms=56
61434604800,screen,RX,3590,{},I (624610) LAT: RX seq=3590
61449454100,sensor,RTT,3590,"{""us"": 4146}",LAT RTT seq=3590 us=4146
61530189600,sensor,TX,3591,"{""age_min_ms"": 56, ""age_max_ms"": 56}",LAT TX seq=3591 age_min_ms=56 age_max_ms=56
61534424500,screen,RX,3591,{},I (624710) LAT: RX seq=3591
61549411500,sensor,RTT,3591,"{""us"": 4503}",LAT RTT seq=3591 us=4503
61630202300,sensor,TX,3592,"{""age_min_ms"": 56, ""age_max_ms"": 56}",LAT TX seq=3592 age_min_ms=56 age_max_ms=56
61634931600,screen,RX,3592,{},I (624810) LAT: RX seq=3592
61650456100,sensor,RTT,3592,"{""us"": 5364}",LAT RTT seq=3592 us=5364
61731279700,sensor,TX,3593,"{""age_min_ms"": 57, ""age_max_ms"": 57}",LAT TX seq=3593 age_min_ms=57 age_max_ms=57
61735466100,screen,RX,3593,{},I (624910) LAT: RX seq=3593
61751432500,sensor,RTT,3593,"{""us"": 3868}",LAT RTT seq=3593 us=3868
61832286800,sensor,TX,3594,"{""age_min_ms"": 50, ""age_max_ms"": 50}",LAT TX seq=3594 age_min_ms=50 age_max_ms=50
61837278200,screen,RX,3594,{},I (625010) LAT: RX seq=3594
61852473500,sensor,RTT,3594,"{""us"": 4718}",LAT RTT seq=3594 us=4718
61933209300,sensor,TX,3595,"{""age_min_ms"": 51, ""age_max_ms"": 51}",LAT TX seq=3595 age_min_ms=51 age_max_ms=51
61937969400,screen,RX,3595,{},I (625110) LAT: RX seq=3595
61952456900,sensor,RTT,3595,"{""us"": 4947}",LAT RTT seq=3595 us=4947
62033302600,sensor,TX,3596,"{""age_min_ms"": 10, ""age_max_ms"": 10}",LAT TX seq=3596 age_min_ms=10 age_max_ms=10
62037446100,screen,RX,3596,{},I (625210) LAT: RX seq=3596
62053989900,sensor,RTT,3596,"{""us"": 3905}",LAT RTT seq=3596 us=3905
62134441500,sensor,TX,3597,"{""age_min_ms"": 11, ""age_max_ms"": 11}",LAT TX seq=3597 age_min_ms=11 age_max_ms=11
62139120700,screen,RX,3597,{},I (625310) LAT: RX seq=3597
62154449500,sensor,RTT,3597,"{""us"": 3982}",LAT RTT seq=3597 us=3982
62235179100,sensor,TX,3598,"{""age_min_ms"": 57, ""age_max_ms"": 57}",LAT TX seq=3598 age_min_ms=57 age_max_ms=57
62239561800,screen,RX,3598,{},I (625410) LAT: RX seq=3598
62254466900,sensor,RTT,3598,"{""us"": 4643}",LAT RTT seq=3598 us=4643
62335169600,sensor,TX,3599,"{""age_min_ms"": 53, ""age_max_ms"": 53}",LAT TX seq=3599 age_min_ms=53 age_max_ms=53
62339473100,screen,RX,3599,{},I (625510) LAT: RX seq=3599
62354419000,sensor,RTT,3599,"{""us"": 3258}",LAT RTT seq=3599 us=3258
62435386200,sensor,TX,3600,"{""age_min_ms"": 53, ""age_max_ms"": 53}",LAT TX seq=3600 age_min_ms=53 age_max_ms=53
62442612000,screen,RX,3600,{},I (625620) LAT: RX seq=3600
62454423400,sensor,RTT,3600,"{""us"": 8335}",LAT RTT seq=3600 us=8335
62535257700,sensor,TX,3601,"{""age_min_ms"": 53, ""age_max_ms"": 53}",LAT TX seq=3601 age_min_ms=53 age_max_ms=53
62541680400,screen,RX,3601,{},I (625720) LAT: RX seq=3601
62554442000,sensor,RTT,3601,"{""us"": 10579}",LAT RTT seq=3601 us=10579
62635247400,sensor,TX,3602,"{""age_min_ms"": 53, ""age_max_ms"": 53}",LAT TX seq=3602 age_min_ms=53 age_max_ms=53
62639382700,screen,RX,3602,{},I (625810) LAT: RX seq=3602
62654455100,sensor,RTT,3602,"{""us"": 4109}",LAT RTT seq=3602 us=4109
62735265600,sensor,TX,3603,"{""age_min_ms"": 53, ""age_max_ms"": 53}",LAT TX seq=3603 age_min_ms=53 age_max_ms=53
62741151300,screen,RX,3603,{},I (625910) LAT: RX seq=3603
62754471300,sensor,RTT,3603,"{""us"": 6146}",LAT RTT seq=3603 us=6146
62835870500,sensor,TX,3604,"{""age_min_ms"": 53, ""age_max_ms"": 53}",LAT TX seq=3604 age_min_ms=53 age_max_ms=53
62841284000,screen,RX,3604,{},I (626010) LAT: RX seq=3604
62854513100,sensor,RTT,3604,"{""us"": 4939}",LAT RTT seq=3604 us=4939
62935221000,sensor,TX,3605,"{""age_min_ms"": 53, ""age_max_ms"": 53}",LAT TX seq=3605 age_min_ms=53 age_max_ms=53
62940185300,screen,RX,3605,{},I (626110) LAT: RX seq=3605
62954469600,sensor,RTT,3605,"{""us"": 7634}",LAT RTT seq=3605 us=7634
63035325300,sensor,TX,3606,"{""age_min_ms"": 12, ""age_max_ms"": 12}",LAT TX seq=3606 age_min_ms=12 age_max_ms=12
63040457100,screen,RX,3606,{},I (626210) LAT: RX seq=3606
63054468600,sensor,RTT,3606,"{""us"": 4395}",LAT RTT seq=3606 us=4395
63135566500,sensor,TX,3607,"{""age_min_ms"": 12, ""age_max_ms"": 12}",LAT TX seq=3607 age_min_ms=12 age_max_ms=12
63140200200,screen,RX,3607,{},I (626310) LAT: RX seq=3607
63155477600,sensor,RTT,3607,"{""us"": 4412}",LAT RTT seq=3607 us=4412
63236297500,sensor,TX,3608,"{""age_min_ms"": 54, ""age_max_ms"": 54}",LAT TX seq=3608 age_min_ms=54 age_max_ms=54
63240341900,screen,RX,3608,{},I (626410) LAT: RX seq=3608
63255692200,sensor,RTT,3608,"{""us"": 3901}",LAT RTT seq=3608 us=3901
63336184800,sensor,TX,3609,"{""age_min_ms"": 63, ""age_max_ms"": 63}",LAT TX seq=3609 age_min_ms=63 age_max_ms=63
63341130800,screen,RX,3609,{},I (626510) LAT: RX seq=3609
63355558200,sensor,RTT,3609,"{""us"": 5036}",LAT RTT seq=3609 us=5036
63436215500,sensor,TX,3610,"{""age_min_ms"": 54, ""age_max_ms"": 54}",LAT TX seq=3610 age_min_ms=54 age_max_ms=54
63441677400,screen,RX,3610,{},I (626620) LAT: RX seq=3610
63455456700,sensor,RTT,3610,"{""us"": 4704}",LAT RTT seq=3610 us=4704
63536216000,sensor,TX,3611,"{""age_min_ms"": 54, ""age_max_ms"": 54}",LAT TX seq=3611 age_min_ms=54 age_max_ms=54
63543079300,screen,RX,3611,{},I (626720) LAT: RX seq=3611
63555959600,sensor,RTT,3611,"{""us"": 8137}",LAT RTT seq=3611 us=8137
63636259400,sensor,TX,3612,"{""age_min_ms"": 54, ""age_max_ms"": 54}",LAT TX seq=3612 age_min_ms=54 age_max_ms=54
63643128100,screen,RX,3612,{},I (626820) LAT: RX seq=3612
63655531900,sensor,RTT,3612,"{""us"": 8918}",LAT RTT seq=3612 us=8918
63736229200,sensor,TX,3613,"{""age_min_ms"": 54, ""age_max_ms"": 54}",LAT TX seq=3613 age_min_ms=54 age_max_ms=54
63742348100,screen,RX,3613,{},I (626920) LAT: RX seq=3613
63756433400,sensor,RTT,3613,"{""us"": 5528}",LAT RTT seq=3613 us=5528
63837233000,sensor,TX,3614,"{""age_min_ms"": 55, ""age_max_ms"": 55}",LAT TX seq=3614 age_min_ms=55 age_max_ms=55
63842149500,screen,RX,3614,{},I (627020) LAT: RX seq=3614
63857432800,sensor,RTT,3614,"{""us"": 4288}",LAT RTT seq=3614 us=4288
63938271400,sensor,TX,3615,"{""age_min_ms"": 64, ""age_max_ms"": 64}",LAT TX seq=3615 age_min_ms=64 age_max_ms=64
63942504200,screen,RX,3615,{},I (627120) LAT: RX seq=3615
63957449400,sensor,RTT,3615,"{""us"": 7053}",LAT RTT seq=3615 us=7053
64038285400,sensor,TX,3616,"{""age_min_ms"": 24, ""age_max_ms"": 24}",LAT TX seq=3616 age_min_ms=24 age_max_ms=24
64043261900,screen,RX,3616,{},I (627220) LAT: RX seq=3616
64058433600,sensor,RTT,3616,"{""us"": 6319}",LAT RTT seq=3616 us=6319
64139428700,sensor,TX,3617,"{""age_min_ms"": 25, ""age_max_ms"": 25}",LAT TX seq=3617 age_min_ms=25 age_max_ms=25
64144104500,screen,RX,3617,{},I (627320) LAT: RX seq=3617
64158496800,sensor,RTT,3617,"{""us"": 3939}",LAT RTT seq=3617 us=3939
64239270900,sensor,TX,3618,"{""age_min_ms"": 65, ""age_max_ms"": 65}",LAT TX seq=3618 age_min_ms=65 age_max_ms=65
64244165900,screen,RX,3618,{},I (627420) LAT: RX seq=3618
64258450000,sensor,RTT,3618,"{""us"": 4332}",LAT RTT seq=3618 us=4332
64339530600,sensor,TX,3619,"{""age_min_ms"": 65, ""age_max_ms"": 65}",LAT TX seq=3619 age_min_ms=65 age_max_ms=65
64344270100,screen,RX,3619,{},I (627520) LAT: RX seq=3619
64358429500,sensor,RTT,3619,"{""us"": 7833}",LAT RTT seq=3619 us=7833
64439240400,sensor,TX,3620,"{""age_min_ms"": 65, ""age_max_ms"": 65}",LAT TX seq=3620 age_min_ms=65 age_max_ms=65
64444014000,screen,RX,3620,{},I (627620) LAT: RX seq=3620
64458566600,sensor,RTT,3620,"{""us"": 4971}",LAT RTT seq=3620 us=4971
64539204100,sensor,TX,3621,"{""age_min_ms"": 65, ""age_max_ms"": 65}",LAT TX seq=3621 age_min_ms=65 age_max_ms=65
64543823300,screen,RX,3621,{},I (627720) LAT: RX seq=3621
64558422700,sensor,RTT,3621,"{""us"": 7708}",LAT RTT seq=3621 us=7708
64639241800,sensor,TX,3622,"{""age_min_ms"": 65, ""age_max_ms"": 65}",LAT TX seq=3622 age_min_ms=65 age_max_ms=65
64643575200,screen,RX,3622,{},I (627820) LAT: RX seq=3622
64659535200,sensor,RTT,3622,"{""us"": 4767}",LAT RTT seq=3622 us=4767
64740250700,sensor,TX,3623,"{""age_min_ms"": 66, ""age_max_ms"": 66}",LAT TX seq=3623 age_min_ms=66 age_max_ms=66
64744465200,screen,RX,3623,{},I (627920) LAT: RX seq=3623
64760660500,sensor,RTT,3623,"{""us"": 6985}",LAT RTT seq=3623 us=6985
64841586700,sensor,TX,3624,"{""age_min_ms"": 67, ""age_max_ms"": 67}",LAT TX seq=3624 age_min_ms=67 age_max_ms=67
64845745600,screen,RX,3624,{},I (628020) LAT: RX seq=3624
64861435500,sensor,RTT,3624,"{""us"": 4970}",LAT RTT seq=3624 us=4970
64942541000,sensor,TX,3625,"{""age_min_ms"": 68, ""age_max_ms"": 68}",LAT TX seq=3625 age_min_ms=68 age_max_ms=68
64946950700,screen,RX,3625,{},I (628120) LAT: RX seq=3625
64961464500,sensor,RTT,3625,"{""us"": 3969}",LAT RTT seq=3625 us=3969
65042694600,sensor,TX,3626,"{""age_min_ms"": 28, ""age_max_ms"": 28}",LAT TX seq=3626 age_min_ms=28 age_max_ms=28
65046763500,screen,RX,3626,{},I (628220) LAT: RX seq=3626
65062452600,sensor,RTT,3626,"{""us"": 4318}",LAT RTT seq=3626 us=4318
65143336400,sensor,TX,3627,"{""age_min_ms"": 29, ""age_max_ms"": 29}",LAT TX seq=3627 age_min_ms=29 age_max_ms=29
65149104400,screen,RX,3627,{},I (628320) LAT: RX seq=3627
65164437200,sensor,RTT,3627,"{""us"": 6237}",LAT RTT seq=3627 us=6237
65244253200,sensor,TX,3628,"{""age_min_ms"": 70, ""age_max_ms"": 70}",LAT TX seq=3628 age_min_ms=70 age_max_ms=70
65249234400,screen,RX,3628,{},I (628420) LAT: RX seq=3628
65263502500,sensor,RTT,3628,"{""us"": 7806}",LAT RTT seq=3628 us=7806
65344306600,sensor,TX,3629,"{""age_min_ms"": 70, ""age_max_ms"": 70}",LAT TX seq=3629 age_min_ms=70 age_max_ms=70
65349077200,screen,RX,3629,{},I (628520) LAT: RX seq=3629
65363466600,sensor,RTT,3629,"{""us"": 4283}",LAT RTT seq=3629 us=4283
65444694100,sensor,TX,3630,"{""age_min_ms"": 70, ""age_max_ms"": 70}",LAT TX seq=3630 age_min_ms=70 age_max_ms=70
65448566800,screen,RX,3630,{},I (628620) LAT: RX seq=3630
65491386200,sensor,RTT,3630,"{""us"": 3533}",LAT RTT seq=3630 us=3533
65544330200,sensor,TX,3631,"{""age_min_ms"": 70, ""age_max_ms"": 70}",LAT TX seq=3631 age_min_ms=70 age_max_ms=70
65548504300,screen,RX,3631,{},I (628720) LAT: RX seq=3631
65563983500,sensor,RTT,3631,"{""us"": 3850}",LAT RTT seq=3631 us=3850
65644315500,sensor,TX,3632,"{""age_min_ms"": 70, ""age_max_ms"": 70}",LAT TX seq=3632 age_min_ms=70 age_max_ms=70
65648671500,screen,RX,3632,{},I (628820) LAT: RX seq=3632
65664582000,sensor,RTT,3632,"{""us"": 4915}",LAT RTT seq=3632 us=4915
65745284600,sensor,TX,3633,"{""age_min_ms"": 71, ""age_max_ms"": 71}",LAT TX seq=3633 age_min_ms=71 age_max_ms=71
65751126300,screen,RX,3633,{},I (628920) LAT: RX seq=3633
65765546000,sensor,RTT,3633,"{""us"": 5673}",LAT RTT seq=3633 us=5673
65846351500,sensor,TX,3634,"{""age_min_ms"": 72, ""age_max_ms"": 72}",LAT TX seq=3634 age_min_ms=72 age_max_ms=72
65850606500,screen,RX,3634,{},I (629020) LAT: RX seq=3634
65866817500,sensor,RTT,3634,"{""us"": 4853}",LAT RTT seq=3634 us=4853
65949679400,sensor,TX,3635,"{""age_min_ms"": 73, ""age_max_ms"": 73}",LAT TX seq=3635 age_min_ms=73 age_max_ms=73
65952240700,screen,RX,3635,{},I (629120) LAT: RX seq=3635
65991226500,sensor,RTT,3635,"{""us"": 4970}",LAT RTT seq=3635 us=4970
66047546500,sensor,TX,3636,"{""age_min_ms"": 32, ""age_max_ms"": 32}",LAT TX seq=3636 age_min_ms=32 age_max_ms=32
66052258200,screen,RX,3636,{},I (629230) LAT: RX seq=3636
66067481400,sensor,RTT,3636,"{""us"": 3981}",LAT RTT seq=3636 us=3981
66148384400,sensor,TX,3637,"{""age_min_ms"": 33, ""age_max_ms"": 33}",LAT TX seq=3637 age_min_ms=33 age_max_ms=33
66154384300,screen,RX,3637,{},I (629330) LAT: RX seq=3637
66168462200,sensor,RTT,3637,"{""us"": 5098}",LAT RTT seq=3637 us=5098
66249856200,sensor,TX,3638,"{""age_min_ms"": 75, ""age_max_ms"": 75}",LAT TX seq=3638 age_min_ms=75 age_max_ms=75
66255529100,screen,RX,3638,{},I (629430) LAT: RX seq=3638
66268499600,sensor,RTT,3638,"{""us"": 5937}",LAT RTT seq=3638 us=5937
66349389600,sensor,TX,3639,"{""age_min_ms"": 75, ""age_max_ms"": 75}",LAT TX seq=3639 age_min_ms=75 age_max_ms=75
66354605000,screen,RX,3639,{},I (629530) LAT: RX seq=3639
66368738600,sensor,RTT,3639,"{""us"": 4385}",LAT RTT seq=3639 us=4385
66449325200,sensor,TX,3640,"{""age_min_ms"": 75, ""age_max_ms"": 75}",LAT TX seq=3640 age_min_ms=75 age_max_ms=75
66454313100,screen,RX,3640,{},I (629630) LAT: RX seq=3640
66468985400,sensor,RTT,3640,"{""us"": 5108}",LAT RTT seq=3640 us=5108
66549244400,sensor,TX,3641,"{""age_min_ms"": 75, ""age_max_ms"": 75}",LAT TX seq=3641 age_min_ms=75 age_max_ms=75
66553696500,screen,RX,3641,{},I (629730) LAT: RX seq=3641
66568471800,sensor,RTT,3641,"{""us"": 3553}",LAT RTT seq=3641 us=3553
66649657800,sensor,TX,3642,"{""age_min_ms"": 75, ""age_max_ms"": 75}",LAT TX seq=3642 age_min_ms=75 age_max_ms=75
66653523900,screen,RX,3642,{},I (629830) LAT: RX seq=3642
66669715600,sensor,RTT,3642,"{""us"": 4584}",LAT RTT seq=3642 us=4584
66750578900,sensor,TX,3643,"{""age_min_ms"": 76, ""age_max_ms"": 76}",LAT TX seq=3643 age_min_ms=76 age_max_ms=76
66757618000,screen,RX,3643,{},I (629930) LAT: RX seq=3643
66770456800,sensor,RTT,3643,"{""us"": 7519}",LAT RTT seq=3643 us=7519
66851580100,sensor,TX,3644,"{""age_min_ms"": 77, ""age_max_ms"": 77}",LAT TX seq=3644 age_min_ms=77 age_max_ms=77
66855558800,screen,RX,3644,{},I (630030) LAT: RX seq=3644
66871449700,sensor,RTT,3644,"{""us"": 3509}",LAT RTT seq=3644 us=3509
66952318300,sensor,TX,3645,"{""age_min_ms"": 78, ""age_max_ms"": 78}",LAT TX seq=3645 age_min_ms=78 age_max_ms=78
66957254500,screen,RX,3645,{},I (630130) LAT: RX seq=3645
66971452900,sensor,RTT,3645,"{""us"": 3990}",LAT RTT seq=3645 us=3990
67052266800,sensor,TX,3646,"{""age_min_ms"": 37, ""age_max_ms"": 37}",LAT TX seq=3646 age_min_ms=37 age_max_ms=37
67057950500,screen,RX,3646,{},I (630230) LAT: RX seq=3646
67072478700,sensor,RTT,3646,"{""us"": 7521}",LAT RTT seq=3646 us=7521
67153262100,sensor,TX,3647,"{""age_min_ms"": 38, ""age_max_ms"": 38}",LAT TX seq=3647 age_min_ms=38 age_max_ms=38
67157535000,screen,RX,3647,{},I (630330) LAT: RX seq=3647
67173536800,sensor,RTT,3647,"{""us"": 4477}",LAT RTT seq=3647 us=4477
67254336000,sensor,TX,3648,"{""age_min_ms"": 72, ""age_max_ms"": 72}",LAT TX seq=3648 age_min_ms=72 age_max_ms=72
67259637600,screen,RX,3648,{},I (630430) LAT: RX seq=3648
67274522600,sensor,RTT,3648,"{""us"": 4526}",LAT RTT seq=3648 us=4526
67355445200,sensor,TX,3649,"{""age_min_ms"": 82, ""age_max_ms"": 82}",LAT TX seq=3649 age_min_ms=82 age_max_ms=82
67359497400,screen,RX,3649,{},I (630530) LAT: RX seq=3649
67455813200,sensor,RTT,3649,"{""us"": 4354}",LAT RTT seq=3649 us=4354
67455813200,sensor,TX,3650,"{""age_min_ms"": 81, ""age_max_ms"": 81}",LAT TX seq=3650 age_min_ms=81 age_max_ms=81
67459601600,screen,RX,3650,{},I (630630) LAT: RX seq=3650
67474792000,sensor,RTT,3650,"{""us"": 4427}",LAT RTT seq=3650 us=4427
67555864400,sensor,TX,3651,"{""age_min_ms"": 81, ""age_max_ms"": 81}",LAT TX seq=3651 age_min_ms=81 age_max_ms=81
67559359700,screen,RX,3651,{},I (630730) LAT: RX seq=3651
67574580900,sensor,RTT,3651,"{""us"": 6154}",LAT RTT seq=3651 us=6154
67655521400,sensor,TX,3652,"{""age_min_ms"": 81, ""age_max_ms"": 81}",LAT TX seq=3652 age_min_ms=81 age_max_ms=81
67659443800,screen,RX,3652,{},I (630830) LAT: RX seq=3652
67675615300,sensor,RTT,3652,"{""us"": 8580}",LAT RTT seq=3652 us=8580
67756411800,sensor,TX,3653,"{""age_min_ms"": 82, ""age_max_ms"": 82}",LAT TX seq=3653 age_min_ms=82 age_max_ms=82
67760929500,screen,RX,3653,{},I (630930) LAT: RX seq=3653
67776426600,sensor,RTT,3653,"{""us"": 8249}",LAT RTT seq=3653 us=8249
67857425900,sensor,TX,3654,"{""age_min_ms"": 75, ""age_max_ms"": 75}",LAT TX seq=3654 age_min_ms=75 age_max_ms=75
67861470000,screen,RX,3654,{},I (631030) LAT: RX seq=3654
67877561300,sensor,RTT,3654,"{""us"": 6018}",LAT RTT seq=3654 us=6018
67958257400,sensor,TX,3655,"{""age_min_ms"": 84, ""age_max_ms"": 84}",LAT TX seq=3655 age_min_ms=84 age_max_ms=84
67963179900,screen,RX,3655,{},I (631140) LAT: RX seq=3655
67977443700,sensor,RTT,3655,"{""us"": 3943}",LAT RTT seq=3655 us=3943
68058603900,sensor,TX,3656,"{""age_min_ms"": 43, ""age_max_ms"": 43}",LAT TX seq=3656 age_min_ms=43 age_max_ms=43
68063024200,screen,RX,3656,{},I (631240) LAT: RX seq=3656
68078507900,sensor,RTT,3656,"{""us"": 4093}",LAT RTT seq=3656 us=4093
68159597200,sensor,TX,3657,"{""age_min_ms"": 44, ""age_max_ms"": 44}",LAT TX seq=3657 age_min_ms=44 age_max_ms=44
68164696200,screen,RX,3657,{},I (631340) LAT: RX seq=3657
68179516400,sensor,RTT,3657,"{""us"": 4646}",LAT RTT seq=3657 us=4646
68260272500,sensor,TX,3658,"{""age_min_ms"": 86, ""age_max_ms"": 86}",LAT TX seq=3658 age_min_ms=86 age_max_ms=86
68265240900,screen,RX,3658,{},I (631440) LAT: RX seq=3658
68279605100,sensor,RTT,3658,"{""us"": 11245}",LAT RTT seq=3658 us=11245
68360245300,sensor,TX,3659,"{""age_min_ms"": 86, ""age_max_ms"": 86}",LAT TX seq=3659 age_min_ms=86 age_max_ms=86
68364790100,screen,RX,3659,{},I (631540) LAT: RX seq=3659
68379520100,sensor,RTT,3659,"{""us"": 5076}",LAT RTT seq=3659 us=5076
68460254000,sensor,TX,3660,"{""age_min_ms"": 86, ""age_max_ms"": 86}",LAT TX seq=3660 age_min_ms=86 age_max_ms=86
68464453600,screen,RX,3660,{},I (631640) LAT: RX seq=3660
68479560700,sensor,RTT,3660,"{""us"": 5961}",LAT RTT seq=3660 us=5961
68560227400,sensor,TX,3661,"{""age_min_ms"": 86, ""age_max_ms"": 86}",LAT TX seq=3661 age_min_ms=86 age_max_ms=86
68566095100,screen,RX,3661,{},I (631740) LAT: RX seq=3661
68579499600,sensor,RTT,3661,"{""us"": 7891}",LAT RTT seq=3661 us=7891
68660448500,sensor,TX,3662,"{""age_min_ms"": 86, ""age_max_ms"": 86}",LAT TX seq=3662 age_min_ms=86 age_max_ms=86
68666620200,screen,RX,3662,{},I (631840) LAT: RX seq=3662
68680537400,sensor,RTT,3662,"{""us"": 8540}",LAT RTT seq=3662 us=8540
68761424200,sensor,TX,3663,"{""age_min_ms"": 87, ""age_max_ms"": 87}",LAT TX seq=3663 age_min_ms=87 age_max_ms=87
68765845000,screen,RX,3663,{},I (631940) LAT: RX seq=3663
68781651900,sensor,RTT,3663,"{""us"": 5435}",LAT RTT seq=3663 us=5435
68862576400,sensor,TX,3664,"{""age_min_ms"": 88, ""age_max_ms"": 88}",LAT TX seq=3664 age_min_ms=88 age_max_ms=88
68867342200,screen,RX,3664,{},I (632040) LAT: RX seq=3664
68882544600,sensor,RTT,3664,"{""us"": 4065}",LAT RTT seq=3664 us=4065
68963288100,sensor,TX,3665,"{""age_min_ms"": 90, ""age_max_ms"": 90}",LAT TX seq=3665 age_min_ms=90 age_max_ms=90
68967861200,screen,RX,3665,{},I (632140) LAT: RX seq=3665
68982509300,sensor,RTT,3665,"{""us"": 4527}",LAT RTT seq=3665 us=4527
69063335200,sensor,TX,3666,"{""age_min_ms"": 49, ""age_max_ms"": 49}",LAT TX seq=3666 age_min_ms=49 age_max_ms=49
69067997600,screen,RX,3666,{},I (632240) LAT: RX seq=3666
69083582700,sensor,RTT,3666,"{""us"": 4614}",LAT RTT seq=3666 us=4614
69164440900,sensor,TX,3667,"{""age_min_ms"": 50, ""age_max_ms"": 50}",LAT TX seq=3667 age_min_ms=50 age_max_ms=50
69173133500,screen,RX,3667,{},I (632350) LAT: RX seq=3667
69184997900,sensor,RTT,3667,"{""us"": 8361}",LAT RTT seq=3667 us=8361
69265403400,sensor,TX,3668,"{""age_min_ms"": 9, ""age_max_ms"": 9}",LAT TX seq=3668 age_min_ms=9 age_max_ms=9
69270222600,screen,RX,3668,{},I (632440) LAT: RX seq=3668
69285384500,sensor,RTT,3668,"{""us"": 4805}",LAT RTT seq=3668 us=4805
69365538700,sensor,TX,3669,"{""age_min_ms"": 9, ""age_max_ms"": 9}",LAT TX seq=3669 age_min_ms=9 age_max_ms=9
69372405600,screen,RX,3669,{},I (632550) LAT: RX seq=3669
69385421500,sensor,RTT,3669,"{""us"": 6192}",LAT RTT seq=3669 us=6192
69465517200,sensor,TX,3670,"{""age_min_ms"": 9, ""age_max_ms"": 9}",LAT TX seq=3670 age_min_ms=9 age_max_ms=9
69472243200,screen,RX,3670,{},I (632650) LAT: RX seq=3670
69485946700,sensor,RTT,3670,"{""us"": 8916}",LAT RTT seq=3670 us=8916
69566676200,sensor,TX,3671,"{""age_min_ms"": 10, ""age_max_ms"": 10}",LAT TX seq=3671 age_min_ms=10 age_max_ms=10
69571574800,screen,RX,3671,{},I (632740) LAT: RX seq=3671
69587100900,sensor,RTT,3671,"{""us"": 5751}",LAT RTT seq=3671 us=5751
69668934100,sensor,TX,3672,"{""age_min_ms"": 111, ""age_max_ms"": 111}",LAT TX seq=3672 age_min_ms=111 age_max_ms=111
69673769100,screen,RX,3672,{},I (632850) LAT: RX seq=3672
69687910900,sensor,RTT,3672,"{""us"": 6242}",LAT RTT seq=3672 us=6242
69769054500,sensor,TX,3673,"{""age_min_ms"": 95, ""age_max_ms"": 95}",LAT TX seq=3673 age_min_ms=95 age_max_ms=95
69776680900,screen,RX,3673,{},I (632950) LAT: RX seq=3673
69787721300,sensor,RTT,3673,"{""us"": 7798}",LAT RTT seq=3673 us=7798
69870371300,sensor,TX,3674,"{""age_min_ms"": 86, ""age_max_ms"": 86}",LAT TX seq=3674 age_min_ms=86 age_max_ms=86
69874843400,screen,RX,3674,{},I (633050) LAT: RX seq=3674
69888659200,sensor,RTT,3674,"{""us"": 6207}",LAT RTT seq=3674 us=6207
69969301800,sensor,TX,3675,"{""age_min_ms"": 94, ""age_max_ms"": 94}",LAT TX seq=3675 age_min_ms=94 age_max_ms=94
69973397100,screen,RX,3675,{},I (633150) LAT: RX seq=3675
69987609000,sensor,RTT,3675,"{""us"": 5584}",LAT RTT seq=3675 us=5584
70072219500,sensor,TX,3676,"{""age_min_ms"": 53, ""age_max_ms"": 53}",LAT TX seq=3676 age_min_ms=53 age_max_ms=53
70073501900,screen,RX,3676,{},I (633250) LAT: RX seq=3676
70088578500,sensor,RTT,3676,"{""us"": 3759}",LAT RTT seq=3676 us=3759
70173303500,sensor,TX,3677,"{""age_min_ms"": 46, ""age_max_ms"": 46}",LAT TX seq=3677 age_min_ms=46 age_max_ms=46
70174356200,screen,RX,3677,{},I (633350) LAT: RX seq=3677
70188648000,sensor,RTT,3677,"{""us"": 4599}",LAT RTT seq=3677 us=4599
70270128900,sensor,TX,3678,"{""age_min_ms"": 95, ""age_max_ms"": 95}",LAT TX seq=3678 age_min_ms=95 age_max_ms=95
70274830700,screen,RX,3678,{},I (633450) LAT: RX seq=3678
70288574500,sensor,RTT,3678,"{""us"": 8920}",LAT RTT seq=3678 us=8920
70374177600,screen,RX,3679,{},I (633550) LAT: RX seq=3679
70388857500,sensor,TX,3679,"{""age_min_ms"": 87, ""age_max_ms"": 87}",LAT TX seq=3679 age_min_ms=87 age_max_ms=87
70388857500,sensor,RTT,3679,"{""us"": 4167}",LAT RTT seq=3679 us=4167
70469685200,sensor,TX,3680,"{""age_min_ms"": 95, ""age_max_ms"": 95}",LAT TX seq=3680 age_min_ms=95 age_max_ms=95
70473895400,screen,RX,3680,{},I (633650) LAT: RX seq=3680
70488814200,sensor,RTT,3680,"{""us"": 3634}",LAT RTT seq=3680 us=3634
70569920600,sensor,TX,3681,"{""age_min_ms"": 96, ""age_max_ms"": 96}",LAT TX seq=3681 age_min_ms=96 age_max_ms=96
70573767400,screen,RX,3681,{},I (633750) LAT: RX seq=3681
70589209600,sensor,RTT,3681,"{""us"": 5266}",LAT RTT seq=3681 us=5266
70669979000,sensor,TX,3682,"{""age_min_ms"": 96, ""age_max_ms"": 96}",LAT TX seq=3682 age_min_ms=96 age_max_ms=96
70673703800,screen,RX,3682,{},I (633850) LAT: RX seq=3682
70689744200,sensor,RTT,3682,"{""us"": 4400}",LAT RTT seq=3682 us=4400
70772146600,sensor,TX,3683,"{""age_min_ms"": 97, ""age_max_ms"": 97}",LAT TX seq=3683 age_min_ms=97 age_max_ms=97
70775425400,screen,RX,3683,{},I (633950) LAT: RX seq=3683
70790754300,sensor,RTT,3683,"{""us"": 3983}",LAT RTT seq=3683 us=3983
70872104500,sensor,TX,3684,"{""age_min_ms"": 97, ""age_max_ms"": 97}",LAT TX seq=3684 age_min_ms=97 age_max_ms=97
70876275900,screen,RX,3684,{},I (634050) LAT: RX seq=3684
70890961700,sensor,RTT,3684,"{""us"": 3844}",LAT RTT seq=3684 us=3844
70971673300,sensor,TX,3685,"{""age_min_ms"": 97, ""age_max_ms"": 97}",LAT TX seq=3685 age_min_ms=97 age_max_ms=97
70975757200,screen,RX,3685,{},I (634150) LAT: RX seq=3685
70990656000,sensor,RTT,3685,"{""us"": 3909}",LAT RTT seq=3685 us=3909
71072001600,sensor,TX,3686,"{""age_min_ms"": 56, ""age_max_ms"": 56}",LAT TX seq=3686 age_min_ms=56 age_max_ms=56
71075625300,screen,RX,3686,{},I (634250) LAT: RX seq=3686
71091564600,sensor,RTT,3686,"{""us"": 3859}",LAT RTT seq=3686 us=3859
71172691400,sensor,TX,3687,"{""age_min_ms"": 57, ""age_max_ms"": 57}",LAT TX seq=3687 age_min_ms=57 age_max_ms=57
71177835100,screen,RX,3687,{},I (634350) LAT: RX seq=3687
71192714800,sensor,RTT,3687,"{""us"": 8112}",LAT RTT seq=3687 us=8112
71273500300,sensor,TX,3688,"{""age_min_ms"": 99, ""age_max_ms"": 99}",LAT TX seq=3688 age_min_ms=99 age_max_ms=99
71278309100,screen,RX,3688,{},I (634450) LAT: RX seq=3688
71292749300,sensor,RTT,3688,"{""us"": 6872}",LAT RTT seq=3688 us=6872
71373281000,sensor,TX,3689,"{""age_min_ms"": 99, ""age_max_ms"": 99}",LAT TX seq=3689 age_min_ms=99 age_max_ms=99
71379899400,screen,RX,3689,{},I (634550) LAT: RX seq=3689
71392554600,sensor,RTT,3689,"{""us"": 6631}",LAT RTT seq=3689 us=6631
71473285000,sensor,TX,3690,"{""age_min_ms"": 99, ""age_max_ms"": 99}",LAT TX seq=3690 age_min_ms=99 age_max_ms=99
71477842800,screen,RX,3690,{},I (634650) LAT: RX seq=3690
71492562300,sensor,RTT,3690,"{""us"": 7093}",LAT RTT seq=3690 us=7093
71573426500,sensor,TX,3691,"{""age_min_ms"": 99, ""age_max_ms"": 99}",LAT TX seq=3691 age_min_ms=99 age_max_ms=99
71577464700,screen,RX,3691,{},I (634750) LAT: RX seq=3691
71592571200,sensor,RTT,3691,"{""us"": 3199}",LAT RTT seq=3691 us=3199
71674188500,sensor,TX,3692,"{""age_min_ms"": 99, ""age_max_ms"": 99}",LAT TX seq=3692 age_min_ms=99 age_max_ms=99
71678029900,screen,RX,3692,{},I (634850) LAT: RX seq=3692
71693740400,sensor,RTT,3692,"{""us"": 6219}",LAT RTT seq=3692 us=6219
71775076200,sensor,TX,3693,"{""age_min_ms"": 0, ""age_max_ms"": 0}",LAT TX seq=3693 age_min_ms=0 age_max_ms=0
71779582700,screen,RX,3693,{},I (634950) LAT: RX seq=3693
71794530000,sensor,RTT,3693,"{""us"": 7815}",LAT RTT seq=3693 us=7815
71875483100,sensor,TX,3694,"{""age_min_ms"": 1, ""age_max_ms"": 1}",LAT TX seq=3694 age_min_ms=1 age_max_ms=1
71882689700,screen,RX,3694,{},I (635060) LAT: RX seq=3694
71894643600,sensor,RTT,3694,"{""us"": 6406}",LAT RTT seq=3694 us=6406
71975739500,sensor,TX,3695,"{""age_min_ms"": 101, ""age_max_ms"": 101}",LAT TX seq=3695 age_min_ms=101 age_max_ms=101
71979984700,screen,RX,3695,{},I (635150) LAT: RX seq=3695
71994438400,sensor,RTT,3695,"{""us"": 4440}",LAT RTT seq=3695 us=4440
72075519100,sensor,TX,3696,"{""age_min_ms"": 60, ""age_max_ms"": 60}",LAT TX seq=3696 age_min_ms=60 age_max_ms=60
72080330800,screen,RX,3696,{},I (635250) LAT: RX seq=3696
72095558700,sensor,RTT,3696,"{""us"": 6990}",LAT RTT seq=3696 us=6990
72176467400,sensor,TX,3697,"{""age_min_ms"": 61, ""age_max_ms"": 61}",LAT TX seq=3697 age_min_ms=61 age_max_ms=61
72180551500,screen,RX,3697,{},I (635350) LAT: RX seq=3697
72196561800,sensor,RTT,3697,"{""us"": 9270}",LAT RTT seq=3697 us=9270
72277615500,sensor,TX,3698,"{""age_min_ms"": 3, ""age_max_ms"": 3}",LAT TX seq=3698 age_min_ms=3 age_max_ms=3
72282975200,screen,RX,3698,{},I (635460) LAT: RX seq=3698
72297142800,sensor,RTT,3698,"{""us"": 10430}",LAT RTT seq=3698 us=10430
72378000500,sensor,TX,3699,"{""age_min_ms"": 3, ""age_max_ms"": 3}",LAT TX seq=3699 age_min_ms=3 age_max_ms=3
72384528800,screen,RX,3699,{},I (635560) LAT: RX seq=3699
72397044300,sensor,RTT,3699,"{""us"": 7058}",LAT RTT seq=3699 us=7058
72477469700,sensor,TX,3700,"{""age_min_ms"": 4, ""age_max_ms"": 4}",LAT TX seq=3700 age_min_ms=4 age_max_ms=4
72489910800,screen,RX,3700,{},I (635660) LAT: RX seq=3700
72496699200,sensor,RTT,3700,"{""us"": 14976}",LAT RTT seq=3700 us=14976
72577561600,sensor,TX,3701,"{""age_min_ms"": 104, ""age_max_ms"": 104}",LAT TX seq=3701 age_min_ms=104 age_max_ms=104
72582298500,screen,RX,3701,{},I (635760) LAT: RX seq=3701
72596571500,sensor,RTT,3701,"{""us"": 6897}",LAT RTT seq=3701 us=6897
72677549000,sensor,TX,3702,"{""age_min_ms"": 4, ""age_max_ms"": 4}",LAT TX seq=3702 age_min_ms=4 age_max_ms=4
72684247600,screen,RX,3702,{},I (635860) LAT: RX seq=3702
72697635600,sensor,RTT,3702,"{""us"": 6508}",LAT RTT seq=3702 us=6508
72778294300,sensor,TX,3703,"{""age_min_ms"": 5, ""age_max_ms"": 5}",LAT TX seq=3703 age_min_ms=5 age_max_ms=5
72783234600,screen,RX,3703,{},I (635960) LAT: RX seq=3703
72797549800,sensor,RTT,3703,"{""us"": 5445}",LAT RTT seq=3703 us=5445
72878293600,sensor,TX,3704,"{""age_min_ms"": 105, ""age_max_ms"": 105}",LAT TX seq=3704 age_min_ms=105 age_max_ms=105
72883874600,screen,RX,3704,{},I (636060) LAT: RX seq=3704
72898577000,sensor,RTT,3704,"{""us"": 5493}",LAT RTT seq=3704 us=5493
72979470800,sensor,TX,3705,"{""age_min_ms"": 97, ""age_max_ms"": 97}",LAT TX seq=3705 age_min_ms=97 age_max_ms=97
72984935500,screen,RX,3705,{},I (636160) LAT: RX seq=3705
72998460200,sensor,RTT,3705,"{""us"": 7307}",LAT RTT seq=3705 us=7307
73083713200,screen,RX,3706,{},I (636260) LAT: RX seq=3706
73099431500,sensor,RTT,3706,"{""us"": 4539}",LAT RTT seq=3706 us=4539
73180289800,sensor,TX,3707,"{""age_min_ms"": 6, ""age_max_ms"": 6}",LAT TX seq=3707 age_min_ms=6 age_max_ms=6
73185269500,screen,RX,3707,{},I (636360) LAT: RX seq=3707
73199520400,sensor,RTT,3707,"{""us"": 5962}",LAT RTT seq=3707 us=5962
73280236000,sensor,TX,3708,"{""age_min_ms"": 6, ""age_max_ms"": 6}",LAT TX seq=3708 age_min_ms=6 age_max_ms=6
73284609800,screen,RX,3708,{},I (636460) LAT: RX seq=3708
73299446500,sensor,RTT,3708,"{""us"": 5404}",LAT RTT seq=3708 us=5404
73380245900,sensor,TX,3709,"{""age_min_ms"": 12, ""age_max_ms"": 12}",LAT TX seq=3709 age_min_ms=12 age_max_ms=12
73384444100,screen,RX,3709,{},I (636560) LAT: RX seq=3709
73399543700,sensor,RTT,3709,"{""us"": 4080}",LAT RTT seq=3709 us=4080
73480236900,sensor,TX,3710,"{""age_min_ms"": 6, ""age_max_ms"": 6}",LAT TX seq=3710 age_min_ms=6 age_max_ms=6
73488590600,screen,RX,3710,{},I (636660) LAT: RX seq=3710
73499479700,sensor,RTT,3710,"{""us"": 7582}",LAT RTT seq=3710 us=7582
73580367100,sensor,TX,3711,"{""age_min_ms"": 106, ""age_max_ms"": 106}",LAT TX seq=3711 age_min_ms=106 age_max_ms=106
73585334500,screen,RX,3711,{},I (636760) LAT: RX seq=3711
73599543900,sensor,RTT,3711,"{""us"": 4062}",LAT RTT seq=3711 us=4062
73680525100,sensor,TX,3712,"{""age_min_ms"": 7, ""age_max_ms"": 7}",LAT TX seq=3712 age_min_ms=7 age_max_ms=7
73685425700,screen,RX,3712,{},I (636860) LAT: RX seq=3712
73700535100,sensor,RTT,3712,"{""us"": 8162}",LAT RTT seq=3712 us=8162
73781343100,sensor,TX,3713,"{""age_min_ms"": 7, ""age_max_ms"": 7}",LAT TX seq=3713 age_min_ms=7 age_max_ms=7
73785469800,screen,RX,3713,{},I (636960) LAT: RX seq=3713
73801675200,sensor,RTT,3713,"{""us"": 3327}",LAT RTT seq=3713 us=3327
73882421400,sensor,TX,3714,"{""age_min_ms"": 9, ""age_max_ms"": 9}",LAT TX seq=3714 age_min_ms=9 age_max_ms=9
73887832000,screen,RX,3714,{},I (637060) LAT: RX seq=3714
73902522700,sensor,RTT,3714,"{""us"": 4421}",LAT RTT seq=3714 us=4421
73983373700,sensor,TX,3715,"{""age_min_ms"": 110, ""age_max_ms"": 110}",LAT TX seq=3715 age_min_ms=110 age_max_ms=110
73987553400,screen,RX,3715,{},I (637160) LAT: RX seq=3715
74002447500,sensor,RTT,3715,"{""us"": 3941}",LAT RTT seq=3715 us=3941
74083608400,sensor,TX,3716,"{""age_min_ms"": 67, ""age_max_ms"": 67}",LAT TX seq=3716 age_min_ms=67 age_max_ms=67
74087932600,screen,RX,3716,{},I (637260) LAT: RX seq=3716
74103465800,sensor,RTT,3716,"{""us"": 6042}",LAT RTT seq=3716 us=6042
74184459700,sensor,TX,3717,"{""age_min_ms"": 10, ""age_max_ms"": 10}",LAT TX seq=3717 age_min_ms=10 age_max_ms=10
74189753900,screen,RX,3717,{},I (637360) LAT: RX seq=3717
74204546200,sensor,RTT,3717,"{""us"": 6318}",LAT RTT seq=3717 us=6318
74285347300,sensor,TX,3718,"{""age_min_ms"": 12, ""age_max_ms"": 12}",LAT TX seq=3718 age_min_ms=12 age_max_ms=12
74289546100,screen,RX,3718,{},I (637460) LAT: RX seq=3718
74304434000,sensor,RTT,3718,"{""us"": 4163}",LAT RTT seq=3718 us=4163
74385475500,sensor,TX,3719,"{""age_min_ms"": 11, ""age_max_ms"": 11}",LAT TX seq=3719 age_min_ms=11 age_max_ms=11
74389493100,screen,RX,3719,{},I (637560) LAT: RX seq=3719
74405477300,sensor,RTT,3719,"{""us"": 3363}",LAT RTT seq=3719 us=3363
74486381600,sensor,TX,3720,"{""age_min_ms"": 13, ""age_max_ms"": 13}",LAT TX seq=3720 age_min_ms=13 age_max_ms=13
74492249000,screen,RX,3720,{},I (637670) LAT: RX seq=3720
74505574300,sensor,RTT,3720,"{""us"": 6030}",LAT RTT seq=3720 us=6030
74586272700,sensor,TX,3721,"{""age_min_ms"": 12, ""age_max_ms"": 12}",LAT TX seq=3721 age_min_ms=12 age_max_ms=12
74591189700,screen,RX,3721,{},I (637760) LAT: RX seq=3721
74605533600,sensor,RTT,3721,"{""us"": 4523}",LAT RTT seq=3721 us=4523
74686509700,sensor,TX,3722,"{""age_min_ms"": 12, ""age_max_ms"": 12}",LAT TX seq=3722 age_min_ms=12 age_max_ms=12
74691211800,screen,RX,3722,{},I (637860) LAT: RX seq=3722
74706492900,sensor,RTT,3722,"{""us"": 4012}",LAT RTT seq=3722 us=4012
74787535500,sensor,TX,3723,"{""age_min_ms"": 13, ""age_max_ms"": 13}",LAT TX seq=3723 age_min_ms=13 age_max_ms=13
74793896200,screen,RX,3723,{},I (637970) LAT: RX seq=3723
74807524200,sensor,RTT,3723,"{""us"": 7824}",LAT RTT seq=3723 us=7824
74888601300,sensor,TX,3724,"{""age_min_ms"": 6, ""age_max_ms"": 6}",LAT TX seq=3724 age_min_ms=6 age_max_ms=6
74893352000,screen,RX,3724,{},I (638070) LAT: RX seq=3724
74907549800,sensor,RTT,3724,"{""us"": 5371}",LAT RTT seq=3724 us=5371
74988451200,sensor,TX,3725,"{""age_min_ms"": 106, ""age_max_ms"": 106}",LAT TX seq=3725 age_min_ms=106 age_max_ms=106
74992453200,screen,RX,3725,{},I (638170) LAT: RX seq=3725
75007543400,sensor,RTT,3725,"{""us"": 7910}",LAT RTT seq=3725 us=7910
75088319900,sensor,TX,3726,"{""age_min_ms"": 65, ""age_max_ms"": 65}",LAT TX seq=3726 age_min_ms=65 age_max_ms=65
75092482200,screen,RX,3726,{},I (638270) LAT: RX seq=3726
75107481700,sensor,RTT,3726,"{""us"": 7998}",LAT RTT seq=3726 us=7998
75188252900,sensor,TX,3727,"{""age_min_ms"": 14, ""age_max_ms"": 14}",LAT TX seq=3727 age_min_ms=14 age_max_ms=14
75192448400,screen,RX,3727,{},I (638370) LAT: RX seq=3727
75207535100,sensor,RTT,3727,"{""us"": 4448}",LAT RTT seq=3727 us=4448
75288355600,sensor,TX,3728,"{""age_min_ms"": 14, ""age_max_ms"": 14}",LAT TX seq=3728 age_min_ms=14 age_max_ms=14
75294467600,screen,RX,3728,{},I (638470) LAT: RX seq=3728
75307563300,sensor,RTT,3728,"{""us"": 6035}",LAT RTT seq=3728 us=6035
75388335500,sensor,TX,3729,"{""age_min_ms"": 14, ""age_max_ms"": 14}",LAT TX seq=3729 age_min_ms=14 age_max_ms=14
75393807100,screen,RX,3729,{},I (638570) LAT: RX seq=3729
75407452200,sensor,RTT,3729,"{""us"": 5654}",LAT RTT seq=3729 us=5654
75488455600,sensor,TX,3730,"{""age_min_ms"": 15, ""age_max_ms"": 15}",LAT TX seq=3730 age_min_ms=15 age_max_ms=15
75493181500,screen,RX,3730,{},I (638670) LAT: RX seq=3730
75507512600,sensor,RTT,3730,"{""us"": 5309}",LAT RTT seq=3730 us=5309
75588316000,sensor,TX,3731,"{""age_min_ms"": 15, ""age_max_ms"": 15}",LAT TX seq=3731 age_min_ms=15 age_max_ms=15
75593302000,screen,RX,3731,{},I (638770) LAT: RX seq=3731
75607552500,sensor,RTT,3731,"{""us"": 7042}",LAT RTT seq=3731 us=7042
75688403500,sensor,TX,3732,"{""age_min_ms"": 14, ""age_max_ms"": 14}",LAT TX seq=3732 age_min_ms=14 age_max_ms=14
75693059800,screen,RX,3732,{},I (638870) LAT: RX seq=3732
75708515500,sensor,RTT,3732,"{""us"": 6905}",LAT RTT seq=3732 us=6905
75789410300,sensor,TX,3733,"{""age_min_ms"": 15, ""age_max_ms"": 15}",LAT TX seq=3733 age_min_ms=15 age_max_ms=15
75793440700,screen,RX,3733,{},I (638970) LAT: RX seq=3733
75809524300,sensor,RTT,3733,"{""us"": 3522}",LAT RTT seq=3733 us=3522
75890274800,sensor,TX,3734,"{""age_min_ms"": 16, ""age_max_ms"": 16}",LAT TX seq=3734 age_min_ms=16 age_max_ms=16
75895342500,screen,RX,3734,{},I (639070) LAT: RX seq=3734
75910518600,sensor,RTT,3734,"{""us"": 5111}",LAT RTT seq=3734 us=5111
75991687500,sensor,TX,3735,"{""age_min_ms"": 117, ""age_max_ms"": 117}",LAT TX seq=3735 age_min_ms=117 age_max_ms=117
75995458300,screen,RX,3735,{},I (639170) LAT: RX seq=3735
76011553700,sensor,RTT,3735,"{""us"": 3574}",LAT RTT seq=3735 us=3574
76092313700,sensor,TX,3736,"{""age_min_ms"": 76, ""age_max_ms"": 76}",LAT TX seq=3736 age_min_ms=76 age_max_ms=76
76097461900,screen,RX,3736,{},I (639270) LAT: RX seq=3736
76112541600,sensor,RTT,3736,"{""us"": 4299}",LAT RTT seq=3736 us=4299
76193354300,sensor,TX,3737,"{""age_min_ms"": 19, ""age_max_ms"": 19}",LAT TX seq=3737 age_min_ms=19 age_max_ms=19
76197848200,screen,RX,3737,{},I (639370) LAT: RX seq=3737
76212571800,sensor,RTT,3737,"{""us"": 4097}",LAT RTT seq=3737 us=4097
76293379700,sensor,TX,3738,"{""age_min_ms"": 19, ""age_max_ms"": 19}",LAT TX seq=3738 age_min_ms=19 age_max_ms=19
76298104900,screen,RX,3738,{},I (639470) LAT: RX seq=3738
76312536700,sensor,RTT,3738,"{""us"": 4712}",LAT RTT seq=3738 us=4712
76393272400,sensor,TX,3739,"{""age_min_ms"": 19, ""age_max_ms"": 19}",LAT TX seq=3739 age_min_ms=19 age_max_ms=19
76399631000,screen,RX,3739,{},I (639570) LAT: RX seq=3739
76412648500,sensor,RTT,3739,"{""us"": 10350}",LAT RTT seq=3739 us=10350
76493323100,sensor,TX,3740,"{""age_min_ms"": 19, ""age_max_ms"": 19}",LAT TX seq=3740 age_min_ms=19 age_max_ms=19
76499517000,screen,RX,3740,{},I (639670) LAT: RX seq=3740
76512540300,sensor,RTT,3740,"{""us"": 6605}",LAT RTT seq=3740 us=6605
76593530400,sensor,TX,3741,"{""age_min_ms"": 11, ""age_max_ms"": 11}",LAT TX seq=3741 age_min_ms=11 age_max_ms=11
76601468300,screen,RX,3741,{},I (639770) LAT: RX seq=3741
76612545700,sensor,RTT,3741,"{""us"": 7480}",LAT RTT seq=3741 us=7480
76693632900,sensor,TX,3742,"{""age_min_ms"": 11, ""age_max_ms"": 11}",LAT TX seq=3742 age_min_ms=11 age_max_ms=11
76700255200,screen,RX,3742,{},I (639870) LAT: RX seq=3742
76713499900,sensor,RTT,3742,"{""us"": 8787}",LAT RTT seq=3742 us=8787
76794375000,sensor,TX,3743,"{""age_min_ms"": 12, ""age_max_ms"": 12}",LAT TX seq=3743 age_min_ms=12 age_max_ms=12
76799662000,screen,RX,3743,{},I (639970) LAT: RX seq=3743
76814534300,sensor,RTT,3743,"{""us"": 9232}",LAT RTT seq=3743 us=9232
76895495200,sensor,TX,3744,"{""age_min_ms"": 21, ""age_max_ms"": 21}",LAT TX seq=3744 age_min_ms=21 age_max_ms=21
76900096100,screen,RX,3744,{},I (640070) LAT: RX seq=3744
76915519500,sensor,RTT,3744,"{""us"": 4678}",LAT RTT seq=3744 us=4678
76996483500,sensor,TX,3745,"{""age_min_ms"": 122, ""age_max_ms"": 122}",LAT TX seq=3745 age_min_ms=122 age_max_ms=122
77000470800,screen,RX,3745,{},I (640170) LAT: RX seq=3745
77015523700,sensor,RTT,3745,"{""us"": 6374}",LAT RTT seq=3745 us=6374
77096380100,sensor,TX,3746,"{""age_min_ms"": 73, ""age_max_ms"": 73}",LAT TX seq=3746 age_min_ms=73 age_max_ms=73
77101312600,screen,RX,3746,{},I (640270) LAT: RX seq=3746
77116507000,sensor,RTT,3746,"{""us"": 6337}",LAT RTT seq=3746 us=6337
77197417500,sensor,TX,3747,"{""age_min_ms"": 41, ""age_max_ms"": 41}",LAT TX seq=3747 age_min_ms=41 age_max_ms=41
77201879300,screen,RX,3747,{},I (640380) LAT: RX seq=3747
77217493800,sensor,RTT,3747,"{""us"": 3867}",LAT RTT seq=3747 us=3867
77298286000,sensor,TX,3748,"{""age_min_ms"": 16, ""age_max_ms"": 16}",LAT TX seq=3748 age_min_ms=16 age_max_ms=16
77303871900,screen,RX,3748,{},I (640480) LAT: RX seq=3748
77317600200,sensor,RTT,3748,"{""us"": 6448}",LAT RTT seq=3748 us=6448
77398557200,sensor,TX,3749,"{""age_min_ms"": 16, ""age_max_ms"": 16}",LAT TX seq=3749 age_min_ms=16 age_max_ms=16
77402417700,screen,RX,3749,{},I (640580) LAT: RX seq=3749
77418535100,sensor,RTT,3749,"{""us"": 5120}",LAT RTT seq=3749 us=5120
77499256100,sensor,TX,3750,"{""age_min_ms"": 17, ""age_max_ms"": 17}",LAT TX seq=3750 age_min_ms=17 age_max_ms=17
77503920500,screen,RX,3750,{},I (640680) LAT: RX seq=3750
77518533300,sensor,RTT,3750,"{""us"": 3619}",LAT RTT seq=3750 us=3619
77599591600,sensor,TX,3751,"{""age_min_ms"": 17, ""age_max_ms"": 17}",LAT TX seq=3751 age_min_ms=17 age_max_ms=17
77606450600,screen,RX,3751,{},I (640780) LAT: RX seq=3751
77618519900,sensor,RTT,3751,"{""us"": 7809}",LAT RTT seq=3751 us=7809
77699438900,sensor,TX,3752,"{""age_min_ms"": 17, ""age_max_ms"": 17}",LAT TX seq=3752 age_min_ms=17 age_max_ms=17
77703622300,screen,RX,3752,{},I (640880) LAT: RX seq=3752
77719525000,sensor,RTT,3752,"{""us"": 4801}",LAT RTT seq=3752 us=4801
77800425400,sensor,TX,3753,"{""age_min_ms"": 32, ""age_max_ms"": 32}",LAT TX seq=3753 age_min_ms=32 age_max_ms=32
77808020900,screen,RX,3753,{},I (640980) LAT: RX seq=3753
77820526400,sensor,RTT,3753,"{""us"": 10090}",LAT RTT seq=3753 us=10090
77901336800,sensor,TX,3754,"{""age_min_ms"": 27, ""age_max_ms"": 27}",LAT TX seq=3754 age_min_ms=27 age_max_ms=27
77905672400,screen,RX,3754,{},I (641080) LAT: RX seq=3754
77920533000,sensor,RTT,3754,"{""us"": 3522}",LAT RTT seq=3754 us=3522
78001564300,sensor,TX,3755,"{""age_min_ms"": 127, ""age_max_ms"": 127}",LAT TX seq=3755 age_min_ms=127 age_max_ms=127
78005701800,screen,RX,3755,{},I (641180) LAT: RX seq=3755
78020588100,sensor,RTT,3755,"{""us"": 4129}",LAT RTT seq=3755 us=4129
78101554000,sensor,TX,3756,"{""age_min_ms"": 86, ""age_max_ms"": 86}",LAT TX seq=3756 age_min_ms=86 age_max_ms=86
78107976000,screen,RX,3756,{},I (641280) LAT: RX seq=3756
78120532800,sensor,RTT,3756,"{""us"": 9748}",LAT RTT seq=3756 us=9748
78201401600,sensor,TX,3757,"{""age_min_ms"": 19, ""age_max_ms"": 19}",LAT TX seq=3757 age_min_ms=19 age_max_ms=19
78210005900,screen,RX,3757,{},I (641380) LAT: RX seq=3757
78220520800,sensor,RTT,3757,"{""us"": 9026}",LAT RTT seq=3757 us=9026
78301303800,sensor,TX,3758,"{""age_min_ms"": 19, ""age_max_ms"": 19}",LAT TX seq=3758 age_min_ms=19 age_max_ms=19
78306139700,screen,RX,3758,{},I (641480) LAT: RX seq=3758
78320512600,sensor,RTT,3758,"{""us"": 9530}",LAT RTT seq=3758 us=9530
78401422300,sensor,TX,3759,"{""age_min_ms"": 27, ""age_max_ms"": 27}",LAT TX seq=3759 age_min_ms=27 age_max_ms=27
78405871400,screen,RX,3759,{},I (641580) LAT: RX seq=3759
78420556800,sensor,RTT,3759,"{""us"": 5238}",LAT RTT seq=3759 us=5238
78501301700,sensor,TX,3760,"{""age_min_ms"": 19, ""age_max_ms"": 19}",LAT TX seq=3760 age_min_ms=19 age_max_ms=19
78505909400,screen,RX,3760,{},I (641680) LAT: RX seq=3760
78520537600,sensor,RTT,3760,"{""us"": 4108}",LAT RTT seq=3760 us=4108
78601614400,sensor,TX,3761,"{""age_min_ms"": 19, ""age_max_ms"": 19}",LAT TX seq=3761 age_min_ms=19 age_max_ms=19
78606240100,screen,RX,3761,{},I (641780) LAT: RX seq=3761
78621553500,sensor,RTT,3761,"{""us"": 7956}",LAT RTT seq=3761 us=7956
78702440900,sensor,TX,3762,"{""age_min_ms"": 20, ""age_max_ms"": 20}",LAT TX seq=3762 age_min_ms=20 age_max_ms=20
78710632600,screen,RX,3762,{},I (641880) LAT: RX seq=3762
78722521500,sensor,RTT,3762,"{""us"": 10894}",LAT RTT seq=3762 us=10894
78803405800,sensor,TX,3763,"{""age_min_ms"": 21, ""age_max_ms"": 21}",LAT TX seq=3763 age_min_ms=21 age_max_ms=21
78808057000,screen,RX,3763,{},I (641980) LAT: RX seq=3763
78823487000,sensor,RTT,3763,"{""us"": 3798}",LAT RTT seq=3763 us=3798
78904454300,sensor,TX,3764,"{""age_min_ms"": 22, ""age_max_ms"": 22}",LAT TX seq=3764 age_min_ms=22 age_max_ms=22
78913731100,screen,RX,3764,{},I (642090) LAT: RX seq=3764
78924519700,sensor,RTT,3764,"{""us"": 11304}",LAT RTT seq=3764 us=11304
79005255200,sensor,TX,3765,"{""age_min_ms"": 123, ""age_max_ms"": 123}",LAT TX seq=3765 age_min_ms=123 age_max_ms=123
79009989200,screen,RX,3765,{},I (642180) LAT: RX seq=3765
79024518800,sensor,RTT,3765,"{""us"": 3890}",LAT RTT seq=3765 us=3890
79105468900,sensor,TX,3766,"{""age_min_ms"": 8, ""age_max_ms"": 8}",LAT TX seq=3766 age_min_ms=8 age_max_ms=8
79113460200,screen,RX,3766,{},I (642290) LAT: RX seq=3766
79124558800,sensor,RTT,3766,"{""us"": 10240}",LAT RTT seq=3766 us=10240
79205415300,sensor,TX,3767,"{""age_min_ms"": 23, ""age_max_ms"": 23}",LAT TX seq=3767 age_min_ms=23 age_max_ms=23
79214666400,screen,RX,3767,{},I (642390) LAT: RX seq=3767
79225541000,sensor,RTT,3767,"{""us"": 16075}",LAT RTT seq=3767 us=16075
79306608800,sensor,TX,3768,"{""age_min_ms"": 42, ""age_max_ms"": 42}",LAT TX seq=3768 age_min_ms=42 age_max_ms=42
79314797500,screen,RX,3768,{},I (642490) LAT: RX seq=3768
79325525600,sensor,RTT,3768,"{""us"": 7514}",LAT RTT seq=3768 us=7514
79406343600,sensor,TX,3769,"{""age_min_ms"": 24, ""age_max_ms"": 24}",LAT TX seq=3769 age_min_ms=24 age_max_ms=24
79411821800,screen,RX,3769,{},I (642590) LAT: RX seq=3769
79425517600,sensor,RTT,3769,"{""us"": 8194}",LAT RTT seq=3769 us=8194
79506409800,sensor,TX,3770,"{""age_min_ms"": 24, ""age_max_ms"": 24}",LAT TX seq=3770 age_min_ms=24 age_max_ms=24
79511214100,screen,RX,3770,{},I (642680) LAT: RX seq=3770
79525523800,sensor,RTT,3770,"{""us"": 4473}",LAT RTT seq=3770 us=4473
79606271200,sensor,TX,3771,"{""age_min_ms"": 24, ""age_max_ms"": 24}",LAT TX seq=3771 age_min_ms=24 age_max_ms=24
79614026600,screen,RX,3771,{},I (642790) LAT: RX seq=3771
79625404300,sensor,RTT,3771,"{""us"": 6716}",LAT RTT seq=3771 us=6716
79706401100,sensor,TX,3772,"{""age_min_ms"": 24, ""age_max_ms"": 24}",LAT TX seq=3772 age_min_ms=24 age_max_ms=24
79711066700,screen,RX,3772,{},I (642880) LAT: RX seq=3772
79726418900,sensor,RTT,3772,"{""us"": 5141}",LAT RTT seq=3772 us=5141
79807260700,sensor,TX,3773,"{""age_min_ms"": 51, ""age_max_ms"": 51}",LAT TX seq=3773 age_min_ms=51 age_max_ms=51
79813647700,screen,RX,3773,{},I (642990) LAT: RX seq=3773
79827589000,sensor,RTT,3773,"{""us"": 9516}",LAT RTT seq=3773 us=9516
79908325400,sensor,TX,3774,"{""age_min_ms"": 35, ""age_max_ms"": 35}",LAT TX seq=3774 age_min_ms=35 age_max_ms=35
79914443200,screen,RX,3774,{},I (643090) LAT: RX seq=3774
79927531500,sensor,RTT,3774,"{""us"": 9213}",LAT RTT seq=3774 us=9213
80008588600,sensor,TX,3775,"{""age_min_ms"": 135, ""age_max_ms"": 135}",LAT TX seq=3775 age_min_ms=135 age_max_ms=135
80014772000,screen,RX,3775,{},I (643190) LAT: RX seq=3775
80027524300,sensor,RTT,3775,"{""us"": 10278}",LAT RTT seq=3775 us=10278
80108839000,sensor,TX,3776,"{""age_min_ms"": 85, ""age_max_ms"": 85}",LAT TX seq=3776 age_min_ms=85 age_max_ms=85
80112560700,screen,RX,3776,{},I (643290) LAT: RX seq=3776
80127588000,sensor,RTT,3776,"{""us"": 7527}",LAT RTT seq=3776 us=7527
80208387800,sensor,TX,3777,"{""age_min_ms"": 26, ""age_max_ms"": 26}",LAT TX seq=3777 age_min_ms=26 age_max_ms=26
80214172300,screen,RX,3777,{},I (643390) LAT: RX seq=3777
80227710600,sensor,RTT,3777,"{""us"": 8435}",LAT RTT seq=3777 us=8435
80308487200,sensor,TX,3778,"{""age_min_ms"": 26, ""age_max_ms"": 26}",LAT TX seq=3778 age_min_ms=26 age_max_ms=26
80313527600,screen,RX,3778,{},I (643490) LAT: RX seq=3778
80327512400,sensor,RTT,3778,"{""us"": 8429}",LAT RTT seq=3778 us=8429
80408375300,sensor,TX,3779,"{""age_min_ms"": 26, ""age_max_ms"": 26}",LAT TX seq=3779 age_min_ms=26 age_max_ms=26
80413691900,screen,RX,3779,{},I (643590) LAT: RX seq=3779
80427917900,sensor,RTT,3779,"{""us"": 11054}",LAT RTT seq=3779 us=11054
80508587100,sensor,TX,3780,"{""age_min_ms"": 26, ""age_max_ms"": 26}",LAT TX seq=3780 age_min_ms=26 age_max_ms=26
80513414900,screen,RX,3780,{},I (643690) LAT: RX seq=3780
80527808600,sensor,RTT,3780,"{""us"": 8553}",LAT RTT seq=3780 us=8553
80608550000,sensor,TX,3781,"{""age_min_ms"": 26, ""age_max_ms"": 26}",LAT TX seq=3781 age_min_ms=26 age_max_ms=26
80616180100,screen,RX,3781,{},I (643790) LAT: RX seq=3781
80627858400,sensor,RTT,3781,"{""us"": 7252}",LAT RTT seq=3781 us=7252
80708710300,sensor,TX,3782,"{""age_min_ms"": 26, ""age_max_ms"": 26}",LAT TX seq=3782 age_min_ms=26 age_max_ms=26
80718086400,screen,RX,3782,{},I (643890) LAT: RX seq=3782
80728490300,sensor,RTT,3782,"{""us"": 12675}",LAT RTT seq=3782 us=12675
80809590900,sensor,TX,3783,"{""age_min_ms"": 27, ""age_max_ms"": 27}",LAT TX seq=3783 age_min_ms=27 age_max_ms=27
80813973500,screen,RX,3783,{},I (643990) LAT: RX seq=3783
80829767600,sensor,RTT,3783,"{""us"": 8306}",LAT RTT seq=3783 us=8306
80910409300,sensor,TX,3784,"{""age_min_ms"": 28, ""age_max_ms"": 28}",LAT TX seq=3784 age_min_ms=28 age_max_ms=28
80915174000,screen,RX,3784,{},I (644090) LAT: RX seq=3784
80930600900,sensor,RTT,3784,"{""us"": 4878}",LAT RTT seq=3784 us=4878
81011603800,sensor,TX,3785,"{""age_min_ms"": 129, ""age_max_ms"": 129}",LAT TX seq=3785 age_min_ms=129 age_max_ms=129
81020365100,screen,RX,3785,{},I (644190) LAT: RX seq=3785
81030586000,sensor,RTT,3785,"{""us"": 14445}",LAT RTT seq=3785 us=14445
81111765300,sensor,TX,3786,"{""age_min_ms"": 96, ""age_max_ms"": 96}",LAT TX seq=3786 age_min_ms=96 age_max_ms=96
81115499900,screen,RX,3786,{},I (644290) LAT: RX seq=3786
81130561200,sensor,RTT,3786,"{""us"": 3423}",LAT RTT seq=3786 us=3423
81211441700,sensor,TX,3787,"{""age_min_ms"": 37, ""age_max_ms"": 37}",LAT TX seq=3787 age_min_ms=37 age_max_ms=37
81215482600,screen,RX,3787,{},I (644390) LAT: RX seq=3787
81230546200,sensor,RTT,3787,"{""us"": 5014}",LAT RTT seq=3787 us=5014
81311819500,sensor,TX,3788,"{""age_min_ms"": 37, ""age_max_ms"": 37}",LAT TX seq=3788 age_min_ms=37 age_max_ms=37
81317267400,screen,RX,3788,{},I (644490) LAT: RX seq=3788
81330829100,sensor,RTT,3788,"{""us"": 5271}",LAT RTT seq=3788 us=5271
81411380600,sensor,TX,3789,"{""age_min_ms"": 37, ""age_max_ms"": 37}",LAT TX seq=3789 age_min_ms=37 age_max_ms=37
81419006600,screen,RX,3789,{},I (644590) LAT: RX seq=3789
81430801300,sensor,RTT,3789,"{""us"": 8196}",LAT RTT seq=3789 us=8196
81511833300,sensor,TX,3790,"{""age_min_ms"": 37, ""age_max_ms"": 37}",LAT TX seq=3790 age_min_ms=37 age_max_ms=37
81522720800,screen,RX,3790,{},I (644700) LAT: RX seq=3790
81530759300,sensor,RTT,3790,"{""us"": 10994}",LAT RTT seq=3790 us=10994
81611346500,sensor,TX,3791,"{""age_min_ms"": 37, ""age_max_ms"": 37}",LAT TX seq=3791 age_min_ms=37 age_max_ms=37
81615819900,screen,RX,3791,{},I (644790) LAT: RX seq=3791
81630531100,sensor,RTT,3791,"{""us"": 3300}",LAT RTT seq=3791 us=3300
81711571000,sensor,TX,3792,"{""age_min_ms"": 37, ""age_max_ms"": 37}",LAT TX seq=3792 age_min_ms=37 age_max_ms=37
81717138400,screen,RX,3792,{},I (644890) LAT: RX seq=3792
81731765300,sensor,RTT,3792,"{""us"": 8746}",LAT RTT seq=3792 us=8746
81812406900,sensor,TX,3793,"{""age_min_ms"": 38, ""age_max_ms"": 38}",LAT TX seq=3793 age_min_ms=38 age_max_ms=38
81822406500,screen,RX,3793,{},I (644990) LAT: RX seq=3793
81833038600,sensor,RTT,3793,"{""us"": 12927}",LAT RTT seq=3793 us=12927
81913432300,sensor,TX,3794,"{""age_min_ms"": 39, ""age_max_ms"": 39}",LAT TX seq=3794 age_min_ms=39 age_max_ms=39
81920274000,screen,RX,3794,{},I (645090) LAT: RX seq=3794
81932579700,sensor,RTT,3794,"{""us"": 6435}",LAT RTT seq=3794 us=6435
82013441800,sensor,TX,3795,"{""age_min_ms"": 139, ""age_max_ms"": 139}",LAT TX seq=3795 age_min_ms=139 age_max_ms=139
82018876900,screen,RX,3795,{},I (645190) LAT: RX seq=3795
82032838000,sensor,RTT,3795,"{""us"": 6003}",LAT RTT seq=3795 us=6003
82113425400,sensor,TX,3796,"{""age_min_ms"": 90, ""age_max_ms"": 90}",LAT TX seq=3796 age_min_ms=90 age_max_ms=90
82118502200,screen,RX,3796,{},I (645290) LAT: RX seq=3796
82132676800,sensor,RTT,3796,"{""us"": 11482}",LAT RTT seq=3796 us=11482
82214701300,sensor,TX,3797,"{""age_min_ms"": 31, ""age_max_ms"": 31}",LAT TX seq=3797 age_min_ms=31 age_max_ms=31
82218361600,screen,RX,3797,{},I (645390) LAT: RX seq=3797
82232739200,sensor,RTT,3797,"{""us"": 6103}",LAT RTT seq=3797 us=6103
82313660800,sensor,TX,3798,"{""age_min_ms"": 31, ""age_max_ms"": 31}",LAT TX seq=3798 age_min_ms=31 age_max_ms=31
82324996500,screen,RX,3798,{},I (645500) LAT: RX seq=3798
82332701400,sensor,RTT,3798,"{""us"": 14327}",LAT RTT seq=3798 us=14327
82413695000,sensor,TX,3799,"{""age_min_ms"": 31, ""age_max_ms"": 31}",LAT TX seq=3799 age_min_ms=31 age_max_ms=31
82419115800,screen,RX,3799,{},I (645590) LAT: RX seq=3799
82432944100,sensor,RTT,3799,"{""us"": 5630}",LAT RTT seq=3799 us=5630
82513401300,sensor,TX,3800,"{""age_min_ms"": 31, ""age_max_ms"": 31}",LAT TX seq=3800 age_min_ms=31 age_max_ms=31
82518442100,screen,RX,3800,{},I (645690) LAT: RX seq=3800
82532699900,sensor,RTT,3800,"{""us"": 4950}",LAT RTT seq=3800 us=4950
82613507400,sensor,TX,3801,"{""age_min_ms"": 31, ""age_max_ms"": 31}",LAT TX seq=3801 age_min_ms=31 age_max_ms=31
82618312400,screen,RX,3801,{},I (645790) LAT: RX seq=3801
82632551700,sensor,RTT,3801,"{""us"": 7001}",LAT RTT seq=3801 us=7001
82713493400,sensor,TX,3802,"{""age_min_ms"": 31, ""age_max_ms"": 31}",LAT TX seq=3802 age_min_ms=31 age_max_ms=31
82720231500,screen,RX,3802,{},I (645890) LAT: RX seq=3802
82733517700,sensor,RTT,3802,"{""us"": 6213}",LAT RTT seq=3802 us=6213
82814451500,sensor,TX,3803,"{""age_min_ms"": 32, ""age_max_ms"": 32}",LAT TX seq=3803 age_min_ms=32 age_max_ms=32
82820615100,screen,RX,3803,{},I (645990) LAT: RX seq=3803
82834519000,sensor,RTT,3803,"{""us"": 5628}",LAT RTT seq=3803 us=5628
82915454800,sensor,TX,3804,"{""age_min_ms"": 33, ""age_max_ms"": 33}",LAT TX seq=3804 age_min_ms=33 age_max_ms=33
82919566700,screen,RX,3804,{},I (646090) LAT: RX seq=3804
82935510200,sensor,RTT,3804,"{""us"": 5997}",LAT RTT seq=3804 us=5997
83016415100,sensor,TX,3805,"{""age_min_ms"": 134, ""age_max_ms"": 134}",LAT TX seq=3805 age_min_ms=134 age_max_ms=134
83021224000,screen,RX,3805,{},I (646190) LAT: RX seq=3805
83035526900,sensor,RTT,3805,"{""us"": 8744}",LAT RTT seq=3805 us=8744
83116620200,sensor,TX,3806,"{""age_min_ms"": 2, ""age_max_ms"": 2}",LAT TX seq=3806 age_min_ms=2 age_max_ms=2
83121190200,screen,RX,3806,{},I (646290) LAT: RX seq=3806
83136537700,sensor,RTT,3806,"{""us"": 5242}",LAT RTT seq=3806 us=5242
83217495300,sensor,TX,3807,"{""age_min_ms"": 44, ""age_max_ms"": 44}",LAT TX seq=3807 age_min_ms=44 age_max_ms=44
83223461000,screen,RX,3807,{},I (646400) LAT: RX seq=3807
83236549300,sensor,RTT,3807,"{""us"": 6320}",LAT RTT seq=3807 us=6320
83317503600,sensor,TX,3808,"{""age_min_ms"": 44, ""age_max_ms"": 44}",LAT TX seq=3808 age_min_ms=44 age_max_ms=44
83324114500,screen,RX,3808,{},I (646500) LAT: RX seq=3808
83336556900,sensor,RTT,3808,"{""us"": 11066}",LAT RTT seq=3808 us=11066
83417576400,sensor,TX,3809,"{""age_min_ms"": 44, ""age_max_ms"": 44}",LAT TX seq=3809 age_min_ms=44 age_max_ms=44
83422508800,screen,RX,3809,{},I (646600) LAT: RX seq=3809
83436643300,sensor,RTT,3809,"{""us"": 10263}",LAT RTT seq=3809 us=10263
83517339400,sensor,TX,3810,"{""age_min_ms"": 44, ""age_max_ms"": 44}",LAT TX seq=3810 age_min_ms=44 age_max_ms=44
83522907200,screen,RX,3810,{},I (646700) LAT: RX seq=3810
83556693900,sensor,RTT,3810,"{""us"": 20365}",LAT RTT seq=3810 us=20365
83617366200,sensor,TX,3811,"{""age_min_ms"": 44, ""age_max_ms"": 44}",LAT TX seq=3811 age_min_ms=44 age_max_ms=44
83622479200,screen,RX,3811,{},I (646800) LAT: RX seq=3811
83637526900,sensor,RTT,3811,"{""us"": 4198}",LAT RTT seq=3811 us=4198
83718306000,sensor,TX,3812,"{""age_min_ms"": 45, ""age_max_ms"": 45}",LAT TX seq=3812 age_min_ms=45 age_max_ms=45
83722520200,screen,RX,3812,{},I (646900) LAT: RX seq=3812
83738562600,sensor,RTT,3812,"{""us"": 3953}",LAT RTT seq=3812 us=3953
83819373700,sensor,TX,3813,"{""age_min_ms"": 46, ""age_max_ms"": 46}",LAT TX seq=3813 age_min_ms=46 age_max_ms=46
83827605800,screen,RX,3813,{},I (647000) LAT: RX seq=3813
83839567600,sensor,RTT,3813,"{""us"": 11622}",LAT RTT seq=3813 us=11622
83920445900,sensor,TX,3814,"{""age_min_ms"": 47, ""age_max_ms"": 47}",LAT TX seq=3814 age_min_ms=47 age_max_ms=47
83924624600,screen,RX,3814,{},I (647100) LAT: RX seq=3814
83940558400,sensor,RTT,3814,"{""us"": 3429}",LAT RTT seq=3814 us=3429
84021545500,sensor,TX,3815,"{""age_min_ms"": 7, ""age_max_ms"": 7}",LAT TX seq=3815 age_min_ms=7 age_max_ms=7
84029458400,screen,RX,3815,{},I (647200) LAT: RX seq=3815
84041547600,sensor,RTT,3815,"{""us"": 10294}",LAT RTT seq=3815 us=10294
84122531300,sensor,TX,3816,"{""age_min_ms"": 8, ""age_max_ms"": 8}",LAT TX seq=3816 age_min_ms=8 age_max_ms=8
84126874800,screen,RX,3816,{},I (647300) LAT: RX seq=3816
84142578700,sensor,RTT,3816,"{""us"": 4267}",LAT RTT seq=3816 us=4267
84223408700,sensor,TX,3817,"{""age_min_ms"": 50, ""age_max_ms"": 50}",LAT TX seq=3817 age_min_ms=50 age_max_ms=50
84227515200,screen,RX,3817,{},I (647400) LAT: RX seq=3817
84242583500,sensor,RTT,3817,"{""us"": 4336}",LAT RTT seq=3817 us=4336
84323578300,sensor,TX,3818,"{""age_min_ms"": 50, ""age_max_ms"": 50}",LAT TX seq=3818 age_min_ms=50 age_max_ms=50
84330990000,screen,RX,3818,{},I (647500) LAT: RX seq=3818
84342567000,sensor,RTT,3818,"{""us"": 10679}",LAT RTT seq=3818 us=10679
84423435700,sensor,TX,3819,"{""age_min_ms"": 50, ""age_max_ms"": 50}",LAT TX seq=3819 age_min_ms=50 age_max_ms=50
84428239600,screen,RX,3819,{},I (647600) LAT: RX seq=3819
84442549200,sensor,RTT,3819,"{""us"": 9725}",LAT RTT seq=3819 us=9725
84523618600,sensor,TX,3820,"{""age_min_ms"": 41, ""age_max_ms"": 41}",LAT TX seq=3820 age_min_ms=41 age_max_ms=41
84528212500,screen,RX,3820,{},I (647700) LAT: RX seq=3820
84542551000,sensor,RTT,3820,"{""us"": 8363}",LAT RTT seq=3820 us=8363
84623679900,sensor,TX,3821,"{""age_min_ms"": 41, ""age_max_ms"": 41}",LAT TX seq=3821 age_min_ms=41 age_max_ms=41
84627713800,screen,RX,3821,{},I (647800) LAT: RX seq=3821
84643541500,sensor,RTT,3821,"{""us"": 6561}",LAT RTT seq=3821 us=6561
84724416300,sensor,TX,3822,"{""age_min_ms"": 42, ""age_max_ms"": 42}",LAT TX seq=3822 age_min_ms=42 age_max_ms=42
84730564800,screen,RX,3822,{},I (647900) LAT: RX seq=3822
84744543000,sensor,RTT,3822,"{""us"": 5184}",LAT RTT seq=3822 us=5184
84825267800,sensor,TX,3823,"{""age_min_ms"": 43, ""age_max_ms"": 43}",LAT TX seq=3823 age_min_ms=43 age_max_ms=43
84831718500,screen,RX,3823,{},I (648010) LAT: RX seq=3823
84845811300,sensor,RTT,3823,"{""us"": 7348}",LAT RTT seq=3823 us=7348
84926722200,sensor,TX,3824,"{""age_min_ms"": 44, ""age_max_ms"": 44}",LAT TX seq=3824 age_min_ms=44 age_max_ms=44
84934439800,screen,RX,3824,{},I (648110) LAT: RX seq=3824
84945559200,sensor,RTT,3824,"{""us"": 9349}",LAT RTT seq=3824 us=9349
85026360500,sensor,TX,3825,"{""age_min_ms"": 11, ""age_max_ms"": 11}",LAT TX seq=3825 age_min_ms=11 age_max_ms=11
85031573700,screen,RX,3825,{},I (648200) LAT: RX seq=3825
85045730500,sensor,RTT,3825,"{""us"": 5563}",LAT RTT seq=3825 us=5563
85126415300,sensor,TX,3826,"{""age_min_ms"": 3, ""age_max_ms"": 3}",LAT TX seq=3826 age_min_ms=3 age_max_ms=3
85131307800,screen,RX,3826,{},I (648300) LAT: RX seq=3826
85145611800,sensor,RTT,3826,"{""us"": 6549}",LAT RTT seq=3826 us=6549
85226529000,sensor,TX,3827,"{""age_min_ms"": 53, ""age_max_ms"": 53}",LAT TX seq=3827 age_min_ms=53 age_max_ms=53
85231080000,screen,RX,3827,{},I (648400) LAT: RX seq=3827
85245571900,sensor,RTT,3827,"{""us"": 7492}",LAT RTT seq=3827 us=7492
85326473600,sensor,TX,3828,"{""age_min_ms"": 44, ""age_max_ms"": 44}",LAT TX seq=3828 age_min_ms=44 age_max_ms=44
85333618400,screen,RX,3828,{},I (648510) LAT: RX seq=3828
85345551700,sensor,RTT,3828,"{""us"": 9909}",LAT RTT seq=3828 us=9909
85426384100,sensor,TX,3829,"{""age_min_ms"": 53, ""age_max_ms"": 53}",LAT TX seq=3829 age_min_ms=53 age_max_ms=53
85435468700,screen,RX,3829,{},I (648610) LAT: RX seq=3829
85445676300,sensor,RTT,3829,"{""us"": 12813}",LAT RTT seq=3829 us=12813
85526444200,sensor,TX,3830,"{""age_min_ms"": 52, ""age_max_ms"": 52}",LAT TX seq=3830 age_min_ms=52 age_max_ms=52
85530557100,screen,RX,3830,{},I (648700) LAT: RX seq=3830
85545533300,sensor,RTT,3830,"{""us"": 3848}",LAT RTT seq=3830 us=3848
85626341700,sensor,TX,3831,"{""age_min_ms"": 53, ""age_max_ms"": 53}",LAT TX seq=3831 age_min_ms=53 age_max_ms=53
85632505000,screen,RX,3831,{},I (648810) LAT: RX seq=3831
85672162800,sensor,RTT,3831,"{""us"": 7080}",LAT RTT seq=3831 us=7080
85727416100,sensor,TX,3832,"{""age_min_ms"": 53, ""age_max_ms"": 53}",LAT TX seq=3832 age_min_ms=53 age_max_ms=53
85732273700,screen,RX,3832,{},I (648910) LAT: RX seq=3832
85747580600,sensor,RTT,3832,"{""us"": 3928}",LAT RTT seq=3832 us=3928
85828651200,sensor,TX,3833,"{""age_min_ms"": 46, ""age_max_ms"": 46}",LAT TX seq=3833 age_min_ms=46 age_max_ms=46
85832722700,screen,RX,3833,{},I (649010) LAT: RX seq=3833
85848542900,sensor,RTT,3833,"{""us"": 6863}",LAT RTT seq=3833 us=6863
85929404100,sensor,TX,3834,"{""age_min_ms"": 55, ""age_max_ms"": 55}",LAT TX seq=3834 age_min_ms=55 age_max_ms=55
85934259500,screen,RX,3834,{},I (649110) LAT: RX seq=3834
85948580700,sensor,RTT,3834,"{""us"": 14291}",LAT RTT seq=3834 us=14291
86029531500,sensor,TX,3835,"{""age_min_ms"": 15, ""age_max_ms"": 15}",LAT TX seq=3835 age_min_ms=15 age_max_ms=15
86034266600,screen,RX,3835,{},I (649210) LAT: RX seq=3835
86048543100,sensor,RTT,3835,"{""us"": 8292}",LAT RTT seq=3835 us=8292
86129515900,sensor,TX,3836,"{""age_min_ms"": 14, ""age_max_ms"": 14}",LAT TX seq=3836 age_min_ms=14 age_max_ms=14
86137465900,screen,RX,3836,{},I (649310) LAT: RX seq=3836
86149584800,sensor,RTT,3836,"{""us"": 10618}",LAT RTT seq=3836 us=10618
86230379100,sensor,TX,3837,"{""age_min_ms"": 56, ""age_max_ms"": 56}",LAT TX seq=3837 age_min_ms=56 age_max_ms=56
86234486400,screen,RX,3837,{},I (649410) LAT: RX seq=3837
86249777700,sensor,RTT,3837,"{""us"": 3073}",LAT RTT seq=3837 us=3073
86330390300,sensor,TX,3838,"{""age_min_ms"": 57, ""age_max_ms"": 57}",LAT TX seq=3838 age_min_ms=57 age_max_ms=57
86335327300,screen,RX,3838,{},I (649510) LAT: RX seq=3838
86349545900,sensor,RTT,3838,"{""us"": 3999}",LAT RTT seq=3838 us=3999
86430476200,sensor,TX,3839,"{""age_min_ms"": 56, ""age_max_ms"": 56}",LAT TX seq=3839 age_min_ms=56 age_max_ms=56
86435123800,screen,RX,3839,{},I (649610) LAT: RX seq=3839
86450067700,sensor,RTT,3839,"{""us"": 5733}",LAT RTT seq=3839 us=5733
86530759700,sensor,TX,3840,"{""age_min_ms"": 56, ""age_max_ms"": 56}",LAT TX seq=3840 age_min_ms=56 age_max_ms=56
86535701500,screen,RX,3840,{},I (649710) LAT: RX seq=3840
86549862800,sensor,RTT,3840,"{""us"": 5850}",LAT RTT seq=3840 us=5850
86630465500,sensor,TX,3841,"{""age_min_ms"": 56, ""age_max_ms"": 56}",LAT TX seq=3841 age_min_ms=56 age_max_ms=56
86634886300,screen,RX,3841,{},I (649810) LAT: RX seq=3841
86650807700,sensor,RTT,3841,"{""us"": 8737}",LAT RTT seq=3841 us=8737
86731449500,sensor,TX,3842,"{""age_min_ms"": 49, ""age_max_ms"": 49}",LAT TX seq=3842 age_min_ms=49 age_max_ms=49
86735513100,screen,RX,3842,{},I (649910) LAT: RX seq=3842
86750794500,sensor,RTT,3842,"{""us"": 6054}",LAT RTT seq=3842 us=6054
86831571600,sensor,TX,3843,"{""age_min_ms"": 49, ""age_max_ms"": 49}",LAT TX seq=3843 age_min_ms=49 age_max_ms=49
86839727900,screen,RX,3843,{},I (650010) LAT: RX seq=3843
86851698000,sensor,RTT,3843,"{""us"": 10999}",LAT RTT seq=3843 us=10999
86932438200,sensor,TX,3844,"{""age_min_ms"": 58, ""age_max_ms"": 58}",LAT TX seq=3844 age_min_ms=58 age_max_ms=58
86936696100,screen,RX,3844,{},I (650110) LAT: RX seq=3844
86951783700,sensor,RTT,3844,"{""us"": 3400}",LAT RTT seq=3844 us=3400
87032425200,sensor,TX,3845,"{""age_min_ms"": 18, ""age_max_ms"": 18}",LAT TX seq=3845 age_min_ms=18 age_max_ms=18
87036569900,screen,RX,3845,{},I (650210) LAT: RX seq=3845
87052548400,sensor,RTT,3845,"{""us"": 6499}",LAT RTT seq=3845 us=6499
87133607600,sensor,TX,3846,"{""age_min_ms"": 18, ""age_max_ms"": 18}",LAT TX seq=3846 age_min_ms=18 age_max_ms=18
87138214000,screen,RX,3846,{},I (650310) LAT: RX seq=3846
87152556100,sensor,RTT,3846,"{""us"": 4163}",LAT RTT seq=3846 us=4163
87233621800,sensor,TX,3847,"{""age_min_ms"": 59, ""age_max_ms"": 59}",LAT TX seq=3847 age_min_ms=59 age_max_ms=59
87243622200,screen,RX,3847,{},I (650420) LAT: RX seq=3847
87252571500,sensor,RTT,3847,"{""us"": 11160}",LAT RTT seq=3847 us=11160
87333422300,sensor,TX,3848,"{""age_min_ms"": 59, ""age_max_ms"": 59}",LAT TX seq=3848 age_min_ms=59 age_max_ms=59
87340744300,screen,RX,3848,{},I (650510) LAT: RX seq=3848
87352589400,sensor,RTT,3848,"{""us"": 8100}",LAT RTT seq=3848 us=8100
87433574100,sensor,TX,3849,"{""age_min_ms"": 59, ""age_max_ms"": 59}",LAT TX seq=3849 age_min_ms=59 age_max_ms=59
87438218900,screen,RX,3849,{},I (650610) LAT: RX seq=3849
87452529800,sensor,RTT,3849,"{""us"": 4610}",LAT RTT seq=3849 us=4610
87533628500,sensor,TX,3850,"{""age_min_ms"": 59, ""age_max_ms"": 59}",LAT TX seq=3850 age_min_ms=59 age_max_ms=59
87538200100,screen,RX,3850,{},I (650710) LAT: RX seq=3850
87552567100,sensor,RTT,3850,"{""us"": 7198}",LAT RTT seq=3850 us=7198
87633442700,sensor,TX,3851,"{""age_min_ms"": 59, ""age_max_ms"": 59}",LAT TX seq=3851 age_min_ms=59 age_max_ms=59
87637758300,screen,RX,3851,{},I (650810) LAT: RX seq=3851
87652558100,sensor,RTT,3851,"{""us"": 3428}",LAT RTT seq=3851 us=3428
87733398100,sensor,TX,3852,"{""age_min_ms"": 51, ""age_max_ms"": 51}",LAT TX seq=3852 age_min_ms=51 age_max_ms=51
87737480400,screen,RX,3852,{},I (650910) LAT: RX seq=3852
87752581800,sensor,RTT,3852,"{""us"": 3602}",LAT RTT seq=3852 us=3602
87833371800,sensor,TX,3853,"{""age_min_ms"": 59, ""age_max_ms"": 59}",LAT TX seq=3853 age_min_ms=59 age_max_ms=59
87838628700,screen,RX,3853,{},I (651010) LAT: RX seq=3853
87852557100,sensor,RTT,3853,"{""us"": 6523}",LAT RTT seq=3853 us=6523
87933450300,sensor,TX,3854,"{""age_min_ms"": 59, ""age_max_ms"": 59}",LAT TX seq=3854 age_min_ms=59 age_max_ms=59
87941166100,screen,RX,3854,{},I (651110) LAT: RX seq=3854
87952575100,sensor,RTT,3854,"{""us"": 7819}",LAT RTT seq=3854 us=7819
88033480800,sensor,TX,3855,"{""age_min_ms"": 18, ""age_max_ms"": 18}",LAT TX seq=3855 age_min_ms=18 age_max_ms=18
88038197000,screen,RX,3855,{},I (651210) LAT: RX seq=3855
88052649400,sensor,RTT,3855,"{""us"": 5814}",LAT RTT seq=3855 us=5814
88133472600,sensor,TX,3856,"{""age_min_ms"": 10, ""age_max_ms"": 10}",LAT TX seq=3856 age_min_ms=10 age_max_ms=10
88137984100,screen,RX,3856,{},I (651310) LAT: RX seq=3856
88152580300,sensor,RTT,3856,"{""us"": 4514}",LAT RTT seq=3856 us=4514
88233676700,sensor,TX,3857,"{""age_min_ms"": 51, ""age_max_ms"": 51}",LAT TX seq=3857 age_min_ms=51 age_max_ms=51
88237780600,screen,RX,3857,{},I (651410) LAT: RX seq=3857
88252570700,sensor,RTT,3857,"{""us"": 4365}",LAT RTT seq=3857 us=4365
88333759000,sensor,TX,3858,"{""age_min_ms"": 59, ""age_max_ms"": 59}",LAT TX seq=3858 age_min_ms=59 age_max_ms=59
88337570400,screen,RX,3858,{},I (651510) LAT: RX seq=3858
88352542900,sensor,RTT,3858,"{""us"": 4527}",LAT RTT seq=3858 us=4527
88433414700,sensor,TX,3859,"{""age_min_ms"": 59, ""age_max_ms"": 59}",LAT TX seq=3859 age_min_ms=59 age_max_ms=59
88437579900,screen,RX,3859,{},I (651610) LAT: RX seq=3859
88452554400,sensor,RTT,3859,"{""us"": 4286}",LAT RTT seq=3859 us=4286
88533444200,sensor,TX,3860,"{""age_min_ms"": 59, ""age_max_ms"": 59}",LAT TX seq=3860 age_min_ms=59 age_max_ms=59
88537625100,screen,RX,3860,{},I (651710) LAT: RX seq=3860
88552597800,sensor,RTT,3860,"{""us"": 6639}",LAT RTT seq=3860 us=6639
88633470300,sensor,TX,3861,"{""age_min_ms"": 59, ""age_max_ms"": 59}",LAT TX seq=3861 age_min_ms=59 age_max_ms=59
88639697700,screen,RX,3861,{},I (651810) LAT: RX seq=3861
88652576100,sensor,RTT,3861,"{""us"": 6454}",LAT RTT seq=3861 us=6454
88733545500,sensor,TX,3862,"{""age_min_ms"": 59, ""age_max_ms"": 59}",LAT TX seq=3862 age_min_ms=59 age_max_ms=59
88737635700,screen,RX,3862,{},I (651910) LAT: RX seq=3862
88753573400,sensor,RTT,3862,"{""us"": 10457}",LAT RTT seq=3862 us=10457
88834418600,sensor,TX,3863,"{""age_min_ms"": 52, ""age_max_ms"": 52}",LAT TX seq=3863 age_min_ms=52 age_max_ms=52
88839328500,screen,RX,3863,{},I (652010) LAT: RX seq=3863
88854617000,sensor,RTT,3863,"{""us"": 4479}",LAT RTT seq=3863 us=4479
88935495500,sensor,TX,3864,"{""age_min_ms"": 53, ""age_max_ms"": 53}",LAT TX seq=3864 age_min_ms=53 age_max_ms=53
88939780300,screen,RX,3864,{},I (652110) LAT: RX seq=3864
88954542600,sensor,RTT,3864,"{""us"": 4841}",LAT RTT seq=3864 us=4841
89035536900,sensor,TX,3865,"{""age_min_ms"": 12, ""age_max_ms"": 12}",LAT TX seq=3865 age_min_ms=12 age_max_ms=12
89039506100,screen,RX,3865,{},I (652210) LAT: RX seq=3865
89055616800,sensor,RTT,3865,"{""us"": 6990}",LAT RTT seq=3865 us=6990
89136457100,sensor,TX,3866,"{""age_min_ms"": 13, ""age_max_ms"": 13}",LAT TX seq=3866 age_min_ms=13 age_max_ms=13
89141586400,screen,RX,3866,{},I (652310) LAT: RX seq=3866
89155572400,sensor,RTT,3866,"{""us"": 7718}",LAT RTT seq=3866 us=7718
89236406800,sensor,TX,3867,"{""age_min_ms"": 54, ""age_max_ms"": 54}",LAT TX seq=3867 age_min_ms=54 age_max_ms=54
89241156800,screen,RX,3867,{},I (652410) LAT: RX seq=3867
89255556900,sensor,RTT,3867,"{""us"": 5390}",LAT RTT seq=3867 us=5390
89336445600,sensor,TX,3868,"{""age_min_ms"": 54, ""age_max_ms"": 54}",LAT TX seq=3868 age_min_ms=54 age_max_ms=54
89341384200,screen,RX,3868,{},I (652510) LAT: RX seq=3868
89355557100,sensor,RTT,3868,"{""us"": 14154}",LAT RTT seq=3868 us=14154
89436482600,sensor,TX,3869,"{""age_min_ms"": 54, ""age_max_ms"": 54}",LAT TX seq=3869 age_min_ms=54 age_max_ms=54
89442153900,screen,RX,3869,{},I (652620) LAT: RX seq=3869
89455597400,sensor,RTT,3869,"{""us"": 9488}",LAT RTT seq=3869 us=9488
89536318200,sensor,TX,3870,"{""age_min_ms"": 68, ""age_max_ms"": 68}",LAT TX seq=3870 age_min_ms=68 age_max_ms=68
89542249500,screen,RX,3870,{},I (652720) LAT: RX seq=3870
89555577200,sensor,RTT,3870,"{""us"": 8240}",LAT RTT seq=3870 us=8240
89636691500,sensor,TX,3871,"{""age_min_ms"": 54, ""age_max_ms"": 54}",LAT TX seq=3871 age_min_ms=54 age_max_ms=54
89644834600,screen,RX,3871,{},I (652820) LAT: RX seq=3871
89656562100,sensor,RTT,3871,"{""us"": 7669}",LAT RTT seq=3871 us=7669
89737382700,sensor,TX,3872,"{""age_min_ms"": 55, ""age_max_ms"": 55}",LAT TX seq=3872 age_min_ms=55 age_max_ms=55
89741519000,screen,RX,3872,{},I (652910) LAT: RX seq=3872
89756536100,sensor,RTT,3872,"{""us"": 3229}",LAT RTT seq=3872 us=3229
89837456500,sensor,TX,3873,"{""age_min_ms"": 81, ""age_max_ms"": 81}",LAT TX seq=3873 age_min_ms=81 age_max_ms=81
89843545600,screen,RX,3873,{},I (653020) LAT: RX seq=3873
89856540700,sensor,RTT,3873,"{""us"": 8060}",LAT RTT seq=3873 us=8060
89937665500,sensor,TX,3874,"{""age_min_ms"": 55, ""age_max_ms"": 55}",LAT TX seq=3874 age_min_ms=55 age_max_ms=55
89941577000,screen,RX,3874,{},I (653110) LAT: RX seq=3874
89956563500,sensor,RTT,3874,"{""us"": 6648}",LAT RTT seq=3874 us=6648
90037465600,sensor,TX,3875,"{""age_min_ms"": 22, ""age_max_ms"": 22}",LAT TX seq=3875 age_min_ms=22 age_max_ms=22
90043128300,screen,RX,3875,{},I (653220) LAT: RX seq=3875
90056562100,sensor,RTT,3875,"{""us"": 6979}",LAT RTT seq=3875 us=6979
90137466200,sensor,TX,3876,"{""age_min_ms"": 23, ""age_max_ms"": 23}",LAT TX seq=3876 age_min_ms=23 age_max_ms=23
90143857400,screen,RX,3876,{},I (653320) LAT: RX seq=3876
90156542500,sensor,RTT,3876,"{""us"": 6612}",LAT RTT seq=3876 us=6612
90237427800,sensor,TX,3877,"{""age_min_ms"": 63, ""age_max_ms"": 63}",LAT TX seq=3877 age_min_ms=63 age_max_ms=63
90243576200,screen,RX,3877,{},I (653420) LAT: RX seq=3877
90256543300,sensor,RTT,3877,"{""us"": 8108}",LAT RTT seq=3877 us=8108
90337386100,sensor,TX,3878,"{""age_min_ms"": 55, ""age_max_ms"": 55}",LAT TX seq=3878 age_min_ms=55 age_max_ms=55
90343184600,screen,RX,3878,{},I (653520) LAT: RX seq=3878
90356589000,sensor,RTT,3878,"{""us"": 8014}",LAT RTT seq=3878 us=8014
90437454800,sensor,TX,3879,"{""age_min_ms"": 55, ""age_max_ms"": 55}",LAT TX seq=3879 age_min_ms=55 age_max_ms=55
90442185200,screen,RX,3879,{},I (653620) LAT: RX seq=3879
90456564600,sensor,RTT,3879,"{""us"": 9276}",LAT RTT seq=3879 us=9276
90537454200,sensor,TX,3880,"{""age_min_ms"": 71, ""age_max_ms"": 71}",LAT TX seq=3880 age_min_ms=71 age_max_ms=71
90542800600,screen,RX,3880,{},I (653720) LAT: RX seq=3880
90556573100,sensor,RTT,3880,"{""us"": 7241}",LAT RTT seq=3880 us=7241
90637423900,sensor,TX,3881,"{""age_min_ms"": 55, ""age_max_ms"": 55}",LAT TX seq=3881 age_min_ms=55 age_max_ms=55
90644306800,screen,RX,3881,{},I (653820) LAT: RX seq=3881
90656633400,sensor,RTT,3881,"{""us"": 7478}",LAT RTT seq=3881 us=7478
90737528900,sensor,TX,3882,"{""age_min_ms"": 55, ""age_max_ms"": 55}",LAT TX seq=3882 age_min_ms=55 age_max_ms=55
90742362700,screen,RX,3882,{},I (653910) LAT: RX seq=3882
90757586100,sensor,RTT,3882,"{""us"": 6988}",LAT RTT seq=3882 us=6988
90838381300,sensor,TX,3883,"{""age_min_ms"": 65, ""age_max_ms"": 65}",LAT TX seq=3883 age_min_ms=65 age_max_ms=65
90845288300,screen,RX,3883,{},I (654020) LAT: RX seq=3883
90857608600,sensor,RTT,3883,"{""us"": 8428}",LAT RTT seq=3883 us=8428
90938415500,sensor,TX,3884,"{""age_min_ms"": 65, ""age_max_ms"": 65}",LAT TX seq=3884 age_min_ms=65 age_max_ms=65
90942598100,screen,RX,3884,{},I (654120) LAT: RX seq=3884
90957561200,sensor,RTT,3884,"{""us"": 3586}",LAT RTT seq=3884 us=3586
91038609000,sensor,TX,3885,"{""age_min_ms"": 41, ""age_max_ms"": 41}",LAT TX seq=3885 age_min_ms=41 age_max_ms=41
91046693400,screen,RX,3885,{},I (654220) LAT: RX seq=3885
91059060800,sensor,RTT,3885,"{""us"": 13826}",LAT RTT seq=3885 us=13826
91138556900,sensor,TX,3886,"{""age_min_ms"": 15, ""age_max_ms"": 15}",LAT TX seq=3886 age_min_ms=15 age_max_ms=15
91142702800,screen,RX,3886,{},I (654320) LAT: RX seq=3886
91157570200,sensor,RTT,3886,"{""us"": 9350}",LAT RTT seq=3886 us=9350
91238435500,sensor,TX,3887,"{""age_min_ms"": 65, ""age_max_ms"": 65}",LAT TX seq=3887 age_min_ms=65 age_max_ms=65
91242575100,screen,RX,3887,{},I (654420) LAT: RX seq=3887
91257545100,sensor,RTT,3887,"{""us"": 6845}",LAT RTT seq=3887 us=6845
91338484600,sensor,TX,3888,"{""age_min_ms"": 64, ""age_max_ms"": 64}",LAT TX seq=3888 age_min_ms=64 age_max_ms=64
91343591000,screen,RX,3888,{},I (654520) LAT: RX seq=3888
91357550900,sensor,RTT,3888,"{""us"": 5584}",LAT RTT seq=3888 us=5584
91438461700,sensor,TX,3889,"{""age_min_ms"": 64, ""age_max_ms"": 64}",LAT TX seq=3889 age_min_ms=64 age_max_ms=64
91444036800,screen,RX,3889,{},I (654620) LAT: RX seq=3889
91457541800,sensor,RTT,3889,"{""us"": 4788}",LAT RTT seq=3889 us=4788
91538419400,sensor,TX,3890,"{""age_min_ms"": 64, ""age_max_ms"": 64}",LAT TX seq=3890 age_min_ms=64 age_max_ms=64
91543740400,screen,RX,3890,{},I (654720) LAT: RX seq=3890
91557566100,sensor,RTT,3890,"{""us"": 6320}",LAT RTT seq=3890 us=6320
91638430200,sensor,TX,3891,"{""age_min_ms"": 65, ""age_max_ms"": 65}",LAT TX seq=3891 age_min_ms=65 age_max_ms=65
91644451100,screen,RX,3891,{},I (654820) LAT: RX seq=3891
91658554900,sensor,RTT,3891,"{""us"": 13685}",LAT RTT seq=3891 us=13685
91739457700,sensor,TX,3892,"{""age_min_ms"": 65, ""age_max_ms"": 65}",LAT TX seq=3892 age_min_ms=65 age_max_ms=65
91743591500,screen,RX,3892,{},I (654920) LAT: RX seq=3892
91759609500,sensor,RTT,3892,"{""us"": 3724}",LAT RTT seq=3892 us=3724
91840465300,sensor,TX,3893,"{""age_min_ms"": 66, ""age_max_ms"": 66}",LAT TX seq=3893 age_min_ms=66 age_max_ms=66
91845748100,screen,RX,3893,{},I (655020) LAT: RX seq=3893
91860587300,sensor,RTT,3893,"{""us"": 7885}",LAT RTT seq=3893 us=7885
91941465500,sensor,TX,3894,"{""age_min_ms"": 59, ""age_max_ms"": 59}",LAT TX seq=3894 age_min_ms=59 age_max_ms=59
91949363400,screen,RX,3894,{},I (655120) LAT: RX seq=3894
91960588100,sensor,RTT,3894,"{""us"": 9636}",LAT RTT seq=3894 us=9636
92041421700,sensor,TX,3895,"{""age_min_ms"": 26, ""age_max_ms"": 26}",LAT TX seq=3895 age_min_ms=26 age_max_ms=26
92045593000,screen,RX,3895,{},I (655220) LAT: RX seq=3895
92061567800,sensor,RTT,3895,"{""us"": 5229}",LAT RTT seq=3895 us=5229
92142409100,sensor,TX,3896,"{""age_min_ms"": 27, ""age_max_ms"": 27}",LAT TX seq=3896 age_min_ms=27 age_max_ms=27
92147782300,screen,RX,3896,{},I (655320) LAT: RX seq=3896
92162569700,sensor,RTT,3896,"{""us"": 10232}",LAT RTT seq=3896 us=10232
92243464500,sensor,TX,3897,"{""age_min_ms"": 69, ""age_max_ms"": 69}",LAT TX seq=3897 age_min_ms=69 age_max_ms=69
92250899600,screen,RX,3897,{},I (655420) LAT: RX seq=3897
92262583200,sensor,RTT,3897,"{""us"": 7195}",LAT RTT seq=3897 us=7195
92343384600,sensor,TX,3898,"{""age_min_ms"": 69, ""age_max_ms"": 69}",LAT TX seq=3898 age_min_ms=69 age_max_ms=69
92349063400,screen,RX,3898,{},I (655520) LAT: RX seq=3898
92362538800,sensor,RTT,3898,"{""us"": 9058}",LAT RTT seq=3898 us=9058
92443371100,sensor,TX,3899,"{""age_min_ms"": 75, ""age_max_ms"": 75}",LAT TX seq=3899 age_min_ms=75 age_max_ms=75
92448475700,screen,RX,3899,{},I (655620) LAT: RX seq=3899
92462582700,sensor,RTT,3899,"{""us"": 4308}",LAT RTT seq=3899 us=4308
92543391700,sensor,TX,3900,"{""age_min_ms"": 86, ""age_max_ms"": 86}",LAT TX seq=3900 age_min_ms=86 age_max_ms=86
92548811500,screen,RX,3900,{},I (655720) LAT: RX seq=3900
92562571200,sensor,RTT,3900,"{""us"": 5337}",LAT RTT seq=3900 us=5337
92643437000,sensor,TX,3901,"{""age_min_ms"": 86, ""age_max_ms"": 86}",LAT TX seq=3901 age_min_ms=86 age_max_ms=86
92649924500,screen,RX,3901,{},I (655820) LAT: RX seq=3901
92663533800,sensor,RTT,3901,"{""us"": 8123}",LAT RTT seq=3901 us=8123
92744409900,sensor,TX,3902,"{""age_min_ms"": 72, ""age_max_ms"": 72}",LAT TX seq=3902 age_min_ms=72 age_max_ms=72
92748707400,screen,RX,3902,{},I (655920) LAT: RX seq=3902
92764589700,sensor,RTT,3902,"{""us"": 4506}",LAT RTT seq=3902 us=4506
92845291200,sensor,TX,3903,"{""age_min_ms"": 72, ""age_max_ms"": 72}",LAT TX seq=3903 age_min_ms=72 age_max_ms=72
92850326100,screen,RX,3903,{},I (656020) LAT: RX seq=3903
92864508500,sensor,RTT,3903,"{""us"": 7587}",LAT RTT seq=3903 us=7587
92945523400,sensor,TX,3904,"{""age_min_ms"": 63, ""age_max_ms"": 63}",LAT TX seq=3904 age_min_ms=63 age_max_ms=63
92952764100,screen,RX,3904,{},I (656130) LAT: RX seq=3904
92964524400,sensor,RTT,3904,"{""us"": 12373}",LAT RTT seq=3904 us=12373
93045534900,sensor,TX,3905,"{""age_min_ms"": 31, ""age_max_ms"": 31}",LAT TX seq=3905 age_min_ms=31 age_max_ms=31
93049828900,screen,RX,3905,{},I (656220) LAT: RX seq=3905
93065559100,sensor,RTT,3905,"{""us"": 4551}",LAT RTT seq=3905 us=4551
93146391200,sensor,TX,3906,"{""age_min_ms"": 31, ""age_max_ms"": 31}",LAT TX seq=3906 age_min_ms=31 age_max_ms=31
93152300800,screen,RX,3906,{},I (656330) LAT: RX seq=3906
93165524600,sensor,RTT,3906,"{""us"": 5006}",LAT RTT seq=3906 us=5006
93246547200,sensor,TX,3907,"{""age_min_ms"": 72, ""age_max_ms"": 72}",LAT TX seq=3907 age_min_ms=72 age_max_ms=72
93254972900,screen,RX,3907,{},I (656430) LAT: RX seq=3907
93265548200,sensor,RTT,3907,"{""us"": 8755}",LAT RTT seq=3907 us=8755
93346492000,sensor,TX,3908,"{""age_min_ms"": 72, ""age_max_ms"": 72}",LAT TX seq=3908 age_min_ms=72 age_max_ms=72
93352117800,screen,RX,3908,{},I (656530) LAT: RX seq=3908
93365607800,sensor,RTT,3908,"{""us"": 5896}",LAT RTT seq=3908 us=5896
93446422100,sensor,TX,3909,"{""age_min_ms"": 72, ""age_max_ms"": 72}",LAT TX seq=3909 age_min_ms=72 age_max_ms=72
93457094400,screen,RX,3909,{},I (656630) LAT: RX seq=3909
93465545500,sensor,RTT,3909,"{""us"": 9888}",LAT RTT seq=3909 us=9888
93546425300,sensor,TX,3910,"{""age_min_ms"": 72, ""age_max_ms"": 72}",LAT TX seq=3910 age_min_ms=72 age_max_ms=72
93551459600,screen,RX,3910,{},I (656720) LAT: RX seq=3910
93565556300,sensor,RTT,3910,"{""us"": 5224}",LAT RTT seq=3910 us=5224
93646453200,sensor,TX,3911,"{""age_min_ms"": 64, ""age_max_ms"": 64}",LAT TX seq=3911 age_min_ms=64 age_max_ms=64
93653182200,screen,RX,3911,{},I (656830) LAT: RX seq=3911
93665558400,sensor,RTT,3911,"{""us"": 6119}",LAT RTT seq=3911 us=6119
93746563600,sensor,TX,3912,"{""age_min_ms"": 64, ""age_max_ms"": 64}",LAT TX seq=3912 age_min_ms=64 age_max_ms=64
93753974300,screen,RX,3912,{},I (656930) LAT: RX seq=3912
93765557100,sensor,RTT,3912,"{""us"": 10640}",LAT RTT seq=3912 us=10640
93846470200,sensor,TX,3913,"{""age_min_ms"": 64, ""age_max_ms"": 64}",LAT TX seq=3913 age_min_ms=64 age_max_ms=64
93852009800,screen,RX,3913,{},I (657030) LAT: RX seq=3913
93865622400,sensor,RTT,3913,"{""us"": 7978}",LAT RTT seq=3913 us=7978
93946489100,sensor,TX,3914,"{""age_min_ms"": 64, ""age_max_ms"": 64}",LAT TX seq=3914 age_min_ms=64 age_max_ms=64
93951477000,screen,RX,3914,{},I (657120) LAT: RX seq=3914
93965531000,sensor,RTT,3914,"{""us"": 6368}",LAT RTT seq=3914 us=6368
94046541600,sensor,TX,3915,"{""age_min_ms"": 23, ""age_max_ms"": 23}",LAT TX seq=3915 age_min_ms=23 age_max_ms=23
94051349900,screen,RX,3915,{},I (657220) LAT: RX seq=3915
94065559700,sensor,RTT,3915,"{""us"": 8865}",LAT RTT seq=3915 us=8865
94146445000,sensor,TX,3916,"{""age_min_ms"": 48, ""age_max_ms"": 48}",LAT TX seq=3916 age_min_ms=48 age_max_ms=48
94154071200,screen,RX,3916,{},I (657330) LAT: RX seq=3916
94166530800,sensor,RTT,3916,"{""us"": 6969}",LAT RTT seq=3916 us=6969
94247481400,sensor,TX,3917,"{""age_min_ms"": 65, ""age_max_ms"": 65}",LAT TX seq=3917 age_min_ms=65 age_max_ms=65
94251505300,screen,RX,3917,{},I (657420) LAT: RX seq=3917
94266552000,sensor,RTT,3917,"{""us"": 9169}",LAT RTT seq=3917 us=9169
94350568100,sensor,TX,3918,"{""age_min_ms"": 79, ""age_max_ms"": 79}",LAT TX seq=3918 age_min_ms=79 age_max_ms=79
94353522700,screen,RX,3918,{},I (657530) LAT: RX seq=3918
94366535300,sensor,RTT,3918,"{""us"": 8267}",LAT RTT seq=3918 us=8267
94447522400,sensor,TX,3919,"{""age_min_ms"": 65, ""age_max_ms"": 65}",LAT TX seq=3919 age_min_ms=65 age_max_ms=65
94453372200,screen,RX,3919,{},I (657630) LAT: RX seq=3919
94466556400,sensor,RTT,3919,"{""us"": 8634}",LAT RTT seq=3919 us=8634
94547469600,sensor,TX,3920,"{""age_min_ms"": 72, ""age_max_ms"": 72}",LAT TX seq=3920 age_min_ms=72 age_max_ms=72
94551581300,screen,RX,3920,{},I (657720) LAT: RX seq=3920
94566667400,sensor,RTT,3920,"{""us"": 5855}",LAT RTT seq=3920 us=5855
94647455600,sensor,TX,3921,"{""age_min_ms"": 65, ""age_max_ms"": 65}",LAT TX seq=3921 age_min_ms=65 age_max_ms=65
94655551200,screen,RX,3921,{},I (657830) LAT: RX seq=3921
94667670000,sensor,RTT,3921,"{""us"": 10285}",LAT RTT seq=3921 us=10285
94748537100,sensor,TX,3922,"{""age_min_ms"": 80, ""age_max_ms"": 80}",LAT TX seq=3922 age_min_ms=80 age_max_ms=80
94755379900,screen,RX,3922,{},I (657930) LAT: RX seq=3922
94767543800,sensor,RTT,3922,"{""us"": 6414}",LAT RTT seq=3922 us=6414
94848510500,sensor,TX,3923,"{""age_min_ms"": 66, ""age_max_ms"": 66}",LAT TX seq=3923 age_min_ms=66 age_max_ms=66
94855348700,screen,RX,3923,{},I (658030) LAT: RX seq=3923
94868543100,sensor,RTT,3923,"{""us"": 7613}",LAT RTT seq=3923 us=7613
94949524900,sensor,TX,3924,"{""age_min_ms"": 67, ""age_max_ms"": 67}",LAT TX seq=3924 age_min_ms=67 age_max_ms=67
94954932300,screen,RX,3924,{},I (658130) LAT: RX seq=3924
94968573700,sensor,RTT,3924,"{""us"": 5549}",LAT RTT seq=3924 us=5549
95049468400,sensor,TX,3925,"{""age_min_ms"": 26, ""age_max_ms"": 26}",LAT TX seq=3925 age_min_ms=26 age_max_ms=26
95054712500,screen,RX,3925,{},I (658230) LAT: RX seq=3925
95068546900,sensor,RTT,3925,"{""us"": 5144}",LAT RTT seq=3925 us=5144
95149496200,sensor,TX,3926,"{""age_min_ms"": 26, ""age_max_ms"": 26}",LAT TX seq=3926 age_min_ms=26 age_max_ms=26
95154481000,screen,RX,3926,{},I (658330) LAT: RX seq=3926
95169668400,sensor,RTT,3926,"{""us"": 5303}",LAT RTT seq=3926 us=5303
95250427800,sensor,TX,3927,"{""age_min_ms"": 68, ""age_max_ms"": 68}",LAT TX seq=3927 age_min_ms=68 age_max_ms=68
95257272400,screen,RX,3927,{},I (658430) LAT: RX seq=3927
95270575300,sensor,RTT,3927,"{""us"": 6108}",LAT RTT seq=3927 us=6108
95351410200,sensor,TX,3928,"{""age_min_ms"": 69, ""age_max_ms"": 69}",LAT TX seq=3928 age_min_ms=69 age_max_ms=69
95355757000,screen,RX,3928,{},I (658530) LAT: RX seq=3928
95370540800,sensor,RTT,3928,"{""us"": 3621}",LAT RTT seq=3928 us=3621
95451460300,sensor,TX,3929,"{""age_min_ms"": 76, ""age_max_ms"": 76}",LAT TX seq=3929 age_min_ms=76 age_max_ms=76
95457331000,screen,RX,3929,{},I (658630) LAT: RX seq=3929
95470574500,sensor,RTT,3929,"{""us"": 7436}",LAT RTT seq=3929 us=7436
95551452100,sensor,TX,3930,"{""age_min_ms"": 69, ""age_max_ms"": 69}",LAT TX seq=3930 age_min_ms=69 age_max_ms=69
95555463000,screen,RX,3930,{},I (658730) LAT: RX seq=3930
95570560400,sensor,RTT,3930,"{""us"": 3110}",LAT RTT seq=3930 us=3110
95651701900,sensor,TX,3931,"{""age_min_ms"": 69, ""age_max_ms"": 69}",LAT TX seq=3931 age_min_ms=69 age_max_ms=69
95662859100,screen,RX,3931,{},I (658840) LAT: RX seq=3931
95671527500,sensor,RTT,3931,"{""us"": 12870}",LAT RTT seq=3931 us=12870
95752624400,sensor,TX,3932,"{""age_min_ms"": 78, ""age_max_ms"": 78}",LAT TX seq=3932 age_min_ms=78 age_max_ms=78
95757133900,screen,RX,3932,{},I (658930) LAT: RX seq=3932
95772533300,sensor,RTT,3932,"{""us"": 4273}",LAT RTT seq=3932 us=4273
95853419700,sensor,TX,3933,"{""age_min_ms"": 79, ""age_max_ms"": 79}",LAT TX seq=3933 age_min_ms=79 age_max_ms=79
95857737400,screen,RX,3933,{},I (659030) LAT: RX seq=3933
95872550200,sensor,RTT,3933,"{""us"": 3314}",LAT RTT seq=3933 us=3314
95953516700,sensor,TX,3934,"{""age_min_ms"": 79, ""age_max_ms"": 79}",LAT TX seq=3934 age_min_ms=79 age_max_ms=79
95959529600,screen,RX,3934,{},I (659130) LAT: RX seq=3934
95972533400,sensor,RTT,3934,"{""us"": 8801}",LAT RTT seq=3934 us=8801
96053405400,sensor,TX,3935,"{""age_min_ms"": 38, ""age_max_ms"": 38}",LAT TX seq=3935 age_min_ms=38 age_max_ms=38
96057519700,screen,RX,3935,{},I (659230) LAT: RX seq=3935
96072515800,sensor,RTT,3935,"{""us"": 4008}",LAT RTT seq=3935 us=4008
96153356700,sensor,TX,3936,"{""age_min_ms"": 38, ""age_max_ms"": 38}",LAT TX seq=3936 age_min_ms=38 age_max_ms=38
96254654100,sensor,TX,3937,"{""age_min_ms"": 86, ""age_max_ms"": 86}",LAT TX seq=3937 age_min_ms=86 age_max_ms=86
96258981900,screen,RX,3937,{},I (659430) LAT: RX seq=3937
96273565800,sensor,RTT,3937,"{""us"": 4546}",LAT RTT seq=3937 us=4546
96354435800,sensor,TX,3938,"{""age_min_ms"": 86, ""age_max_ms"": 86}",LAT TX seq=3938 age_min_ms=86 age_max_ms=86
96358629800,screen,RX,3938,{},I (659530) LAT: RX seq=3938
96373557600,sensor,RTT,3938,"{""us"": 3794}",LAT RTT seq=3938 us=3794
96454412400,sensor,TX,3939,"{""age_min_ms"": 81, ""age_max_ms"": 81}",LAT TX seq=3939 age_min_ms=81 age_max_ms=81
96458572200,screen,RX,3939,{},I (659630) LAT: RX seq=3939
96473638900,sensor,RTT,3939,"{""us"": 3758}",LAT RTT seq=3939 us=3758
96554472900,sensor,TX,3940,"{""age_min_ms"": 81, ""age_max_ms"": 81}",LAT TX seq=3940 age_min_ms=81 age_max_ms=81
96558441900,screen,RX,3940,{},I (659730) LAT: RX seq=3940
96573546700,sensor,RTT,3940,"{""us"": 3194}",LAT RTT seq=3940 us=3194
96654569300,sensor,TX,3941,"{""age_min_ms"": 72, ""age_max_ms"": 72}",LAT TX seq=3941 age_min_ms=72 age_max_ms=72
96658477500,screen,RX,3941,{},I (659830) LAT: RX seq=3941
96674533400,sensor,RTT,3941,"{""us"": 3832}",LAT RTT seq=3941 us=3832
96755414700,sensor,TX,3942,"{""age_min_ms"": 81, ""age_max_ms"": 81}",LAT TX seq=3942 age_min_ms=81 age_max_ms=81
96760279900,screen,RX,3942,{},I (659930) LAT: RX seq=3942
96775617800,sensor,RTT,3942,"{""us"": 4477}",LAT RTT seq=3942 us=4477
96856443500,sensor,TX,3943,"{""age_min_ms"": 88, ""age_max_ms"": 88}",LAT TX seq=3943 age_min_ms=88 age_max_ms=88
96860468700,screen,RX,3943,{},I (660030) LAT: RX seq=3943
96957617100,sensor,RTT,3943,"{""us"": 4498}",LAT RTT seq=3943 us=4498
96957617100,sensor,TX,3944,"{""age_min_ms"": 84, ""age_max_ms"": 84}",LAT TX seq=3944 age_min_ms=84 age_max_ms=84
96961551300,screen,RX,3944,{},I (660130) LAT: RX seq=3944
96976548200,sensor,RTT,3944,"{""us"": 3381}",LAT RTT seq=3944 us=3381
97057541700,sensor,TX,3945,"{""age_min_ms"": 42, ""age_max_ms"": 42}",LAT TX seq=3945 age_min_ms=42 age_max_ms=42
97063462600,screen,RX,3945,{},I (660240) LAT: RX seq=3945
97077549700,sensor,RTT,3945,"{""us"": 6984}",LAT RTT seq=3945 us=6984
97158492800,sensor,TX,3946,"{""age_min_ms"": 49, ""age_max_ms"": 49}",LAT TX seq=3946 age_min_ms=49 age_max_ms=49
97163740100,screen,RX,3946,{},I (660340) LAT: RX seq=3946
97178560900,sensor,RTT,3946,"{""us"": 8210}",LAT RTT seq=3946 us=8210
97259619700,sensor,TX,3947,"{""age_min_ms"": 86, ""age_max_ms"": 86}",LAT TX seq=3947 age_min_ms=86 age_max_ms=86
97263564500,screen,RX,3947,{},I (660440) LAT: RX seq=3947
97278573400,sensor,RTT,3947,"{""us"": 4104}",LAT RTT seq=3947 us=4104
97359408200,sensor,TX,3948,"{""age_min_ms"": 91, ""age_max_ms"": 91}",LAT TX seq=3948 age_min_ms=91 age_max_ms=91
97363658100,screen,RX,3948,{},I (660540) LAT: RX seq=3948
97378574600,sensor,RTT,3948,"{""us"": 3522}",LAT RTT seq=3948 us=3522
97459468000,sensor,TX,3949,"{""age_min_ms"": 91, ""age_max_ms"": 91}",LAT TX seq=3949 age_min_ms=91 age_max_ms=91
97463577000,screen,RX,3949,{},I (660640) LAT: RX seq=3949
97478567100,sensor,RTT,3949,"{""us"": 5633}",LAT RTT seq=3949 us=5633
97559461700,sensor,TX,3950,"{""age_min_ms"": 86, ""age_max_ms"": 86}",LAT TX seq=3950 age_min_ms=86 age_max_ms=86
97563648700,screen,RX,3950,{},I (660740) LAT: RX seq=3950
97578619000,sensor,RTT,3950,"{""us"": 8900}",LAT RTT seq=3950 us=8900
97659434900,sensor,TX,3951,"{""age_min_ms"": 91, ""age_max_ms"": 91}",LAT TX seq=3951 age_min_ms=91 age_max_ms=91
97667779100,screen,RX,3951,{},I (660840) LAT: RX seq=3951
97679588000,sensor,RTT,3951,"{""us"": 8134}",LAT RTT seq=3951 us=8134
97760355700,sensor,TX,3952,"{""age_min_ms"": 87, ""age_max_ms"": 87}",LAT TX seq=3952 age_min_ms=87 age_max_ms=87
97764850700,screen,RX,3952,{},I (660940) LAT: RX seq=3952
97779603400,sensor,RTT,3952,"{""us"": 9821}",LAT RTT seq=3952 us=9821
97860449700,sensor,TX,3953,"{""age_min_ms"": 92, ""age_max_ms"": 92}",LAT TX seq=3953 age_min_ms=92 age_max_ms=92
97864554600,screen,RX,3953,{},I (661040) LAT: RX seq=3953
97879555600,sensor,RTT,3953,"{""us"": 6847}",LAT RTT seq=3953 us=6847
97961079400,sensor,TX,3954,"{""age_min_ms"": 92, ""age_max_ms"": 92}",LAT TX seq=3954 age_min_ms=92 age_max_ms=92
97971742100,screen,RX,3954,{},I (661140) LAT: RX seq=3954
97980057600,sensor,RTT,3954,"{""us"": 12704}",LAT RTT seq=3954 us=12704
98060430500,sensor,TX,3955,"{""age_min_ms"": 51, ""age_max_ms"": 51}",LAT TX seq=3955 age_min_ms=51 age_max_ms=51
98064494400,screen,RX,3955,{},I (661240) LAT: RX seq=3955
98080519500,sensor,RTT,3955,"{""us"": 12290}",LAT RTT seq=3955 us=12290
98161353100,sensor,TX,3956,"{""age_min_ms"": 47, ""age_max_ms"": 47}",LAT TX seq=3956 age_min_ms=47 age_max_ms=47
98166338500,screen,RX,3956,{},I (661340) LAT: RX seq=3956
98262440400,sensor,RTT,3956,"{""us"": 4241}",LAT RTT seq=3956 us=4241
98262440400,sensor,TX,3957,"{""age_min_ms"": 89, ""age_max_ms"": 89}",LAT TX seq=3957 age_min_ms=89 age_max_ms=89
98268839800,screen,RX,3957,{},I (661440) LAT: RX seq=3957
98281597100,sensor,RTT,3957,"{""us"": 6669}",LAT RTT seq=3957 us=6669
98362410600,sensor,TX,3958,"{""age_min_ms"": 94, ""age_max_ms"": 94}",LAT TX seq=3958 age_min_ms=94 age_max_ms=94
98366539200,screen,RX,3958,{},I (661540) LAT: RX seq=3958
98382587200,sensor,RTT,3958,"{""us"": 6803}",LAT RTT seq=3958 us=6803
98463508900,sensor,TX,3959,"{""age_min_ms"": 95, ""age_max_ms"": 95}",LAT TX seq=3959 age_min_ms=95 age_max_ms=95
98468261000,screen,RX,3959,{},I (661640) LAT: RX seq=3959
98482576200,sensor,RTT,3959,"{""us"": 5023}",LAT RTT seq=3959 us=5023
98568393300,screen,RX,3960,{},I (661740) LAT: RX seq=3960
98582577500,sensor,RTT,3960,"{""us"": 6723}",LAT TX seqLAT RTT seq=3960 us=6723
98663624400,sensor,TX,3961,"{""age_min_ms"": 90, ""age_max_ms"": 90}",LAT TX seq=3961 age_min_ms=90 age_max_ms=90
98667663000,screen,RX,3961,{},I (661840) LAT: RX seq=3961
98683544500,sensor,RTT,3961,"{""us"": 5917}",LAT RTT seq=3961 us=5917
98764454200,sensor,TX,3962,"{""age_min_ms"": 82, ""age_max_ms"": 82}",LAT TX seq=3962 age_min_ms=82 age_max_ms=82
98769283800,screen,RX,3962,{},I (661940) LAT: RX seq=3962
98784567200,sensor,RTT,3962,"{""us"": 4882}",LAT RTT seq=3962 us=4882
98865435600,sensor,TX,3963,"{""age_min_ms"": 97, ""age_max_ms"": 97}",LAT TX seq=3963 age_min_ms=97 age_max_ms=97
98869468000,screen,RX,3963,{},I (662040) LAT: RX seq=3963
98884612700,sensor,RTT,3963,"{""us"": 3321}",LAT RTT seq=3963 us=3321
98965448300,sensor,TX,3964,"{""age_min_ms"": 97, ""age_max_ms"": 97}",LAT TX seq=3964 age_min_ms=97 age_max_ms=97
98971627000,screen,RX,3964,{},I (662140) LAT: RX seq=3964
98984543900,sensor,RTT,3964,"{""us"": 8922}",LAT RTT seq=3964 us=8922
99065432600,sensor,TX,3965,"{""age_min_ms"": 50, ""age_max_ms"": 50}",LAT TX seq=3965 age_min_ms=50 age_max_ms=50
99069583700,screen,RX,3965,{},I (662240) LAT: RX seq=3965
99084557400,sensor,RTT,3965,"{""us"": 8644}",LAT RTT seq=3965 us=8644
99165368600,sensor,TX,3966,"{""age_min_ms"": 60, ""age_max_ms"": 60}",LAT TX seq=3966 age_min_ms=60 age_max_ms=60
99170927800,screen,RX,3966,{},I (662340) LAT: RX seq=3966
99266485000,sensor,TX,3967,"{""age_min_ms"": 98, ""age_max_ms"": 98}",LAT TX seq=3967 age_min_ms=98 age_max_ms=98
99270839900,screen,RX,3967,{},I (662440) LAT: RX seq=3967
99285566600,sensor,RTT,3967,"{""us"": 3760}",LAT RTT seq=3967 us=3760
99366431200,sensor,TX,3968,"{""age_min_ms"": 91, ""age_max_ms"": 91}",LAT TX seq=3968 age_min_ms=91 age_max_ms=91
99370672400,screen,RX,3968,{},I (662540) LAT: RX seq=3968
99385640200,sensor,RTT,3968,"{""us"": 3706}",LAT RTT seq=3968 us=3706
99466611900,sensor,TX,3969,"{""age_min_ms"": 84, ""age_max_ms"": 84}",LAT TX seq=3969 age_min_ms=84 age_max_ms=84
99473169300,screen,RX,3969,{},I (662650) LAT: RX seq=3969
99485571000,sensor,RTT,3969,"{""us"": 7229}",LAT RTT seq=3969 us=7229
99566284400,sensor,TX,3970,"{""age_min_ms"": 93, ""age_max_ms"": 93}",LAT TX seq=3970 age_min_ms=93 age_max_ms=93
99570476400,screen,RX,3970,{},I (662740) LAT: RX seq=3970
99585581600,sensor,RTT,3970,"{""us"": 3613}",LAT RTT seq=3970 us=3613
99666528500,sensor,TX,3971,"{""age_min_ms"": 98, ""age_max_ms"": 98}",LAT TX seq=3971 age_min_ms=98 age_max_ms=98
99679093000,screen,RX,3971,{},I (662850) LAT: RX seq=3971
99686561500,sensor,RTT,3971,"{""us"": 15108}",LAT RTT seq=3971 us=15108
99767551300,sensor,TX,3972,"{""age_min_ms"": 99, ""age_max_ms"": 99}",LAT TX seq=3972 age_min_ms=99 age_max_ms=99
99772337200,screen,RX,3972,{},I (662950) LAT: RX seq=3972
99786583600,sensor,RTT,3972,"{""us"": 5051}",LAT RTT seq=3972 us=5051
99867673400,sensor,TX,3973,"{""age_min_ms"": 94, ""age_max_ms"": 94}",LAT TX seq=3973 age_min_ms=94 age_max_ms=94
99872182500,screen,RX,3973,{},I (663050) LAT: RX seq=3973
99886577400,sensor,RTT,3973,"{""us"": 4035}",LAT RTT seq=3973 us=4035
99967471900,sensor,TX,3974,"{""age_min_ms"": 94, ""age_max_ms"": 94}",LAT TX seq=3974 age_min_ms=94 age_max_ms=94
99973076900,screen,RX,3974,{},I (663150) LAT: RX seq=3974
99986591400,sensor,RTT,3974,"{""us"": 8129}",LAT RTT seq=3974 us=8129
100067450300,sensor,TX,3975,"{""age_min_ms"": 44, ""age_max_ms"": 44}",LAT TX seq=3975 age_min_ms=44 age_max_ms=44
100079920800,screen,RX,3975,{},I (663250) LAT: RX seq=3975
100087575600,sensor,RTT,3975,"{""us"": 11536}",LAT RTT seq=3975 us=11536
100168417000,sensor,TX,3976,"{""age_min_ms"": 54, ""age_max_ms"": 54}",LAT TX seq=3976 age_min_ms=54 age_max_ms=54
100173290300,screen,RX,3976,{},I (663350) LAT: RX seq=3976
100188587300,sensor,RTT,3976,"{""us"": 3927}",LAT RTT seq=3976 us=3927
100269503500,sensor,TX,3977,"{""age_min_ms"": 96, ""age_max_ms"": 96}",LAT TX seq=3977 age_min_ms=96 age_max_ms=96
100274616600,screen,RX,3977,{},I (663450) LAT: RX seq=3977
100288620300,sensor,RTT,3977,"{""us"": 7293}",LAT RTT seq=3977 us=7293
100369474800,sensor,TX,3978,"{""age_min_ms"": 96, ""age_max_ms"": 96}",LAT TX seq=3978 age_min_ms=96 age_max_ms=96
100373501300,screen,RX,3978,{},I (663550) LAT: RX seq=3978
100388600700,sensor,RTT,3978,"{""us"": 3967}",LAT RTT seq=3978 us=3967
100469535400,sensor,TX,3979,"{""age_min_ms"": 1, ""age_max_ms"": 1}",LAT TX seq=3979 age_min_ms=1 age_max_ms=1
100474925200,screen,RX,3979,{},I (663650) LAT: RX seq=3979
100488568900,sensor,RTT,3979,"{""us"": 5682}",LAT RTT seq=3979 us=5682
100569501100,sensor,TX,3980,"{""age_min_ms"": 1, ""age_max_ms"": 1}",LAT TX seq=3980 age_min_ms=1 age_max_ms=1
100574442300,screen,RX,3980,{},I (663750) LAT: RX seq=3980
100588537400,sensor,RTT,3980,"{""us"": 5251}",LAT RTT seq=3980 us=5251
100669686700,sensor,TX,3981,"{""age_min_ms"": 101, ""age_max_ms"": 101}",LAT TX seq=3981 age_min_ms=101 age_max_ms=101
100679928900,screen,RX,3981,{},I (663850) LAT: RX seq=3981
100689557400,sensor,RTT,3981,"{""us"": 9774}",LAT RTT seq=3981 us=9774
100770476200,sensor,TX,3982,"{""age_min_ms"": 97, ""age_max_ms"": 97}",LAT TX seq=3982 age_min_ms=97 age_max_ms=97
100775307000,screen,RX,3982,{},I (663950) LAT: RX seq=3982
100789552300,sensor,RTT,3982,"{""us"": 7992}",LAT RTT seq=3982 us=7992
100870404800,sensor,TX,3983,"{""age_min_ms"": 2, ""age_max_ms"": 2}",LAT TX seq=3983 age_min_ms=2 age_max_ms=2
100874663000,screen,RX,3983,{},I (664050) LAT: RX seq=3983
100889567500,sensor,RTT,3983,"{""us"": 9029}",LAT RTT seq=3983 us=9029
100970645500,sensor,TX,3984,"{""age_min_ms"": 102, ""age_max_ms"": 102}",LAT TX seq=3984 age_min_ms=102 age_max_ms=102
100974648700,screen,RX,3984,{},I (664150) LAT: RX seq=3984
100989542900,sensor,RTT,3984,"{""us"": 6464}",LAT RTT seq=3984 us=6464
101070408100,sensor,TX,3985,"{""age_min_ms"": 55, ""age_max_ms"": 55}",LAT TX seq=3985 age_min_ms=55 age_max_ms=55
101074472600,screen,RX,3985,{},I (664250) LAT: RX seq=3985
101090565700,sensor,RTT,3985,"{""us"": 5269}",LAT RTT seq=3985 us=5269
101171378700,sensor,TX,3986,"{""age_min_ms"": 48, ""age_max_ms"": 48}",LAT TX seq=3986 age_min_ms=48 age_max_ms=48
101181076700,screen,RX,3986,{},I (664350) LAT: RX seq=3986
101191596400,sensor,RTT,3986,"{""us"": 8789}",LAT RTT seq=3986 us=8789
101272436000,sensor,TX,3987,"{""age_min_ms"": 99, ""age_max_ms"": 99}",LAT TX seq=3987 age_min_ms=99 age_max_ms=99
101276698100,screen,RX,3987,{},I (664450) LAT: RX seq=3987
101291563500,sensor,RTT,3987,"{""us"": 4603}",LAT RTT seq=3987 us=4603
101372464400,sensor,TX,3988,"{""age_min_ms"": 90, ""age_max_ms"": 90}",LAT TX seq=3988 age_min_ms=90 age_max_ms=90
101376526800,screen,RX,3988,{},I (664550) LAT: RX seq=3988
101391565400,sensor,RTT,3988,"{""us"": 4345}",LAT RTT seq=3988 us=4345
101472627500,sensor,TX,3989,"{""age_min_ms"": 90, ""age_max_ms"": 90}",LAT TX seq=3989 age_min_ms=90 age_max_ms=90
101477386100,screen,RX,3989,{},I (664650) LAT: RX seq=3989
101491695100,sensor,RTT,3989,"{""us"": 4071}",LAT RTT seq=3989 us=4071
101572523200,sensor,TX,3990,"{""age_min_ms"": 98, ""age_max_ms"": 98}",LAT TX seq=3990 age_min_ms=98 age_max_ms=98
101577564200,screen,RX,3990,{},I (664750) LAT: RX seq=3990
101591612100,sensor,RTT,3990,"{""us"": 4091}",LAT RTT seq=3990 us=4091
101672585900,sensor,TX,3991,"{""age_min_ms"": 90, ""age_max_ms"": 90}",LAT TX seq=3991 age_min_ms=90 age_max_ms=90
101676925100,screen,RX,3991,{},I (664850) LAT: RX seq=3991
101692570700,sensor,RTT,3991,"{""us"": 5715}",LAT RTT seq=3991 us=5715
101773394300,sensor,TX,3992,"{""age_min_ms"": 91, ""age_max_ms"": 91}",LAT TX seq=3992 age_min_ms=91 age_max_ms=91
101778334800,screen,RX,3992,{},I (664950) LAT: RX seq=3992
101792594600,sensor,RTT,3992,"{""us"": 6577}",LAT RTT seq=3992 us=6577
101873441700,sensor,TX,3993,"{""age_min_ms"": 99, ""age_max_ms"": 99}",LAT TX seq=3993 age_min_ms=99 age_max_ms=99
101878457700,screen,RX,3993,{},I (665050) LAT: RX seq=3993
101892583800,sensor,RTT,3993,"{""us"": 5107}",LAT RTT seq=3993 us=5107
101973409600,sensor,TX,3994,"{""age_min_ms"": 99, ""age_max_ms"": 99}",LAT TX seq=3994 age_min_ms=99 age_max_ms=99
101978260700,screen,RX,3994,{},I (665150) LAT: RX seq=3994
101992475300,sensor,RTT,3994,"{""us"": 6623}",LAT RTT seq=3994 us=6623
102073607900,sensor,TX,3995,"{""age_min_ms"": 58, ""age_max_ms"": 58}",LAT TX seq=3995 age_min_ms=58 age_max_ms=58
102079150800,screen,RX,3995,{},I (665250) LAT: RX seq=3995
102092462000,sensor,RTT,3995,"{""us"": 5758}",LAT RTT seq=3995 us=5758
102173670000,sensor,TX,3996,"{""age_min_ms"": 59, ""age_max_ms"": 59}",LAT TX seq=3996 age_min_ms=59 age_max_ms=59
102177894500,screen,RX,3996,{},I (665350) LAT: RX seq=3996
102193604400,sensor,RTT,3996,"{""us"": 7142}",LAT RTT seq=3996 us=7142
102274439200,sensor,TX,3997,"{""age_min_ms"": 92, ""age_max_ms"": 92}",LAT TX seq=3997 age_min_ms=92 age_max_ms=92
102279999900,screen,RX,3997,{},I (665450) LAT: RX seq=3997
102294577100,sensor,RTT,3997,"{""us"": 7822}",LAT RTT seq=3997 us=7822
102375537800,sensor,TX,3998,"{""age_min_ms"": 93, ""age_max_ms"": 93}",LAT TX seq=3998 age_min_ms=93 age_max_ms=93
102382793700,screen,RX,3998,{},I (665560) LAT: RX seq=3998
102394899000,sensor,RTT,3998,"{""us"": 6475}",LAT RTT seq=3998 us=6475
102475376100,sensor,TX,3999,"{""age_min_ms"": 93, ""age_max_ms"": 93}",LAT TX seq=3999 age_min_ms=93 age_max_ms=93
102479814800,screen,RX,3999,{},I (665650) LAT: RX seq=3999
102494609600,sensor,RTT,3999,"{""us"": 4447}",LAT RTT seq=3999 us=4447
102575516000,sensor,TX,4000,"{""age_min_ms"": 93, ""age_max_ms"": 93}",LAT TX seq=4000 age_min_ms=93 age_max_ms=93
102579912200,screen,RX,4000,{},I (665750) LAT: RX seq=4000
102594591700,sensor,RTT,4000,"{""us"": 4133}",LAT RTT seq=4000 us=4133
102675626200,sensor,TX,4001,"{""age_min_ms"": 1, ""age_max_ms"": 1}",LAT TX seq=4001 age_min_ms=1 age_max_ms=1
102682162300,screen,RX,4001,{},I (665860) LAT: RX seq=4001
102695564900,sensor,RTT,4001,"{""us"": 6009}",LAT RTT seq=4001 us=6009
102776516000,sensor,TX,4002,"{""age_min_ms"": 102, ""age_max_ms"": 102}",LAT TX seq=4002 age_min_ms=102 age_max_ms=102
102781534300,screen,RX,4002,{},I (665950) LAT: RX seq=4002
102795585500,sensor,RTT,4002,"{""us"": 5982}",LAT RTT seq=4002 us=5982
102876649000,sensor,TX,4003,"{""age_min_ms"": 2, ""age_max_ms"": 2}",LAT TX seq=4003 age_min_ms=2 age_max_ms=2
102881371600,screen,RX,4003,{},I (666050) LAT: RX seq=4003
102896597000,sensor,RTT,4003,"{""us"": 5625}",LAT RTT seq=4003 us=5625
102977552800,sensor,TX,4004,"{""age_min_ms"": 103, ""age_max_ms"": 103}",LAT TX seq=4004 age_min_ms=103 age_max_ms=103
102981672400,screen,RX,4004,{},I (666160) LAT: RX seq=4004
102996577100,sensor,RTT,4004,"{""us"": 3385}",LAT RTT seq=4004 us=3385
103077456600,sensor,TX,4005,"{""age_min_ms"": 62, ""age_max_ms"": 62}",LAT TX seq=4005 age_min_ms=62 age_max_ms=62
103083506800,screen,RX,4005,{},I (666260) LAT: RX seq=4005
103096626000,sensor,RTT,4005,"{""us"": 5171}",LAT RTT seq=4005 us=5171
103177442200,sensor,TX,4006,"{""age_min_ms"": 3, ""age_max_ms"": 3}",LAT TX seq=4006 age_min_ms=3 age_max_ms=3
103181554500,screen,RX,4006,{},I (666350) LAT: RX seq=4006
103197590600,sensor,RTT,4006,"{""us"": 3844}",LAT RTT seq=4006 us=3844
103278373800,sensor,TX,4007,"{""age_min_ms"": 4, ""age_max_ms"": 4}",LAT TX seq=4007 age_min_ms=4 age_max_ms=4
103282954800,screen,RX,4007,{},I (666460) LAT: RX seq=4007
103297571500,sensor,RTT,4007,"{""us"": 3779}",LAT RTT seq=4007 us=3779
103378463400,sensor,TX,4008,"{""age_min_ms"": 4, ""age_max_ms"": 4}",LAT TX seq=4008 age_min_ms=4 age_max_ms=4
103382540500,screen,RX,4008,{},I (666560) LAT: RX seq=4008
103397584900,sensor,RTT,4008,"{""us"": 3378}",LAT RTT seq=4008 us=3378
103478403700,sensor,TX,4009,"{""age_min_ms"": 4, ""age_max_ms"": 4}",LAT TX seq=4009 age_min_ms=4 age_max_ms=4
103482502100,screen,RX,4009,{},I (666660) LAT: RX seq=4009
103497551500,sensor,RTT,4009,"{""us"": 6313}",LAT RTT seq=4009 us=6313
103578444600,sensor,TX,4010,"{""age_min_ms"": 4, ""age_max_ms"": 4}",LAT TX seq=4010 age_min_ms=4 age_max_ms=4
103582506800,screen,RX,4010,{},I (666760) LAT: RX seq=4010
103597585800,sensor,RTT,4010,"{""us"": 4288}",LAT RTT seq=4010 us=4288
103678554200,sensor,TX,4011,"{""age_min_ms"": 4, ""age_max_ms"": 4}",LAT TX seq=4011 age_min_ms=4 age_max_ms=4
103683241900,screen,RX,4011,{},I (666860) LAT: RX seq=4011
103698580100,sensor,RTT,4011,"{""us"": 8115}",LAT RTT seq=4011 us=8115
103779490800,sensor,TX,4012,"{""age_min_ms"": 5, ""age_max_ms"": 5}",LAT TX seq=4012 age_min_ms=5 age_max_ms=5
103783608400,screen,RX,4012,{},I (666960) LAT: RX seq=4012
103799558600,sensor,RTT,4012,"{""us"": 3297}",LAT RTT seq=4012 us=3297
103880530200,sensor,TX,4013,"{""age_min_ms"": 6, ""age_max_ms"": 6}",LAT TX seq=4013 age_min_ms=6 age_max_ms=6
103884497000,screen,RX,4013,{},I (667060) LAT: RX seq=4013
103900590300,sensor,RTT,4013,"{""us"": 4672}",LAT RTT seq=4013 us=4672
103981689000,sensor,TX,4014,"{""age_min_ms"": 107, ""age_max_ms"": 107}",LAT TX seq=4014 age_min_ms=107 age_max_ms=107
103985905900,screen,RX,4014,{},I (667160) LAT: RX seq=4014
104000544200,sensor,RTT,4014,"{""us"": 4795}",LAT RTT seq=4014 us=4795
104081451900,sensor,TX,4015,"{""age_min_ms"": 66, ""age_max_ms"": 66}",LAT TX seq=4015 age_min_ms=66 age_max_ms=66
104085663700,screen,RX,4015,{},I (667260) LAT: RX seq=4015
104101603600,sensor,RTT,4015,"{""us"": 3679}",LAT RTT seq=4015 us=3679
104182387100,sensor,TX,4016,"{""age_min_ms"": 8, ""age_max_ms"": 8}",LAT TX seq=4016 age_min_ms=8 age_max_ms=8
104187474600,screen,RX,4016,{},I (667360) LAT: RX seq=4016
104202645200,sensor,RTT,4016,"{""us"": 8749}",LAT RTT seq=4016 us=8749
104283516800,sensor,TX,4017,"{""age_min_ms"": 9, ""age_max_ms"": 9}",LAT TX seq=4017 age_min_ms=9 age_max_ms=9
104291229800,screen,RX,4017,{},I (667460) LAT: RX seq=4017
104303553900,sensor,RTT,4017,"{""us"": 7378}",LAT RTT seq=4017 us=7378
104384368000,sensor,TX,4018,"{""age_min_ms"": 11, ""age_max_ms"": 11}",LAT TX seq=4018 age_min_ms=11 age_max_ms=11
104388700800,screen,RX,4018,{},I (667560) LAT: RX seq=4018
104404569300,sensor,RTT,4018,"{""us"": 4569}",LAT RTT seq=4018 us=4569
104485556400,sensor,TX,4019,"{""age_min_ms"": 12, ""age_max_ms"": 12}",LAT TX seq=4019 age_min_ms=12 age_max_ms=12
104490198100,screen,RX,4019,{},I (667660) LAT: RX seq=4019
104505589200,sensor,RTT,4019,"{""us"": 4571}",LAT RTT seq=4019 us=4571
104586368000,sensor,TX,4020,"{""age_min_ms"": 12, ""age_max_ms"": 12}",LAT TX seq=4020 age_min_ms=12 age_max_ms=12
104590506100,screen,RX,4020,{},I (667760) LAT: RX seq=4020
104605579800,sensor,RTT,4020,"{""us"": 3355}",LAT RTT seq=4020 us=3355
104686487300,sensor,TX,4021,"{""age_min_ms"": 12, ""age_max_ms"": 12}",LAT TX seq=4021 age_min_ms=12 age_max_ms=12
104690511600,screen,RX,4021,{},I (667860) LAT: RX seq=4021
104706581400,sensor,RTT,4021,"{""us"": 3300}",LAT RTT seq=4021 us=3300
104787566800,sensor,TX,4022,"{""age_min_ms"": 13, ""age_max_ms"": 13}",LAT TX seq=4022 age_min_ms=13 age_max_ms=13
104792220600,screen,RX,4022,{},I (667970) LAT: RX seq=4022
104807566300,sensor,RTT,4022,"{""us"": 4047}",LAT RTT seq=4022 us=4047
104888593000,sensor,TX,4023,"{""age_min_ms"": 15, ""age_max_ms"": 15}",LAT TX seq=4023 age_min_ms=15 age_max_ms=15
104892629800,screen,RX,4023,{},I (668070) LAT: RX seq=4023
104908606000,sensor,RTT,4023,"{""us"": 3508}",LAT RTT seq=4023 us=3508
104989364600,sensor,TX,4024,"{""age_min_ms"": 116, ""age_max_ms"": 116}",LAT TX seq=4024 age_min_ms=116 age_max_ms=116
104994482600,screen,RX,4024,{},I (668170) LAT: RX seq=4024
105008580100,sensor,RTT,4024,"{""us"": 4312}",LAT RTT seq=4024 us=4312
105089425700,sensor,TX,4025,"{""age_min_ms"": 66, ""age_max_ms"": 66}",LAT TX seq=4025 age_min_ms=66 age_max_ms=66
105093463500,screen,RX,4025,{},I (668270) LAT: RX seq=4025
105109581800,sensor,RTT,4025,"{""us"": 5572}",LAT RTT seq=4025 us=5572
105190449100,sensor,TX,4026,"{""age_min_ms"": 8, ""age_max_ms"": 8}",LAT TX seq=4026 age_min_ms=8 age_max_ms=8
105195403100,screen,RX,4026,{},I (668370) LAT: RX seq=4026
105210599400,sensor,RTT,4026,"{""us"": 7133}",LAT RTT seq=4026 us=7133
105291449000,sensor,TX,4027,"{""age_min_ms"": 9, ""age_max_ms"": 9}",LAT TX seq=4027 age_min_ms=9 age_max_ms=9
105295827200,screen,RX,4027,{},I (668470) LAT: RX seq=4027
105310734000,sensor,RTT,4027,"{""us"": 3879}",LAT RTT seq=4027 us=3879
105391575800,sensor,TX,4028,"{""age_min_ms"": 17, ""age_max_ms"": 17}",LAT TX seq=4028 age_min_ms=17 age_max_ms=17
105397675100,screen,RX,4028,{},I (668570) LAT: RX seq=4028
105410588600,sensor,RTT,4028,"{""us"": 6785}",LAT RTT seq=4028 us=6785
105491531400,sensor,TX,4029,"{""age_min_ms"": 17, ""age_max_ms"": 17}",LAT TX seq=4029 age_min_ms=17 age_max_ms=17
105495502000,screen,RX,4029,{},I (668670) LAT: RX seq=4029
105510616200,sensor,RTT,4029,"{""us"": 3221}",LAT RTT seq=4029 us=3221
105591570800,sensor,TX,4030,"{""age_min_ms"": 17, ""age_max_ms"": 17}",LAT TX seq=4030 age_min_ms=17 age_max_ms=17
105597193300,screen,RX,4030,{},I (668770) LAT: RX seq=4030
105610598200,sensor,RTT,4030,"{""us"": 6106}",LAT RTT seq=4030 us=6106
105691571100,sensor,TX,4031,"{""age_min_ms"": 23, ""age_max_ms"": 23}",LAT TX seq=4031 age_min_ms=23 age_max_ms=23
105696286100,screen,RX,4031,{},I (668870) LAT: RX seq=4031
105711528400,sensor,RTT,4031,"{""us"": 8441}",LAT RTT seq=4031 us=8441
105792488300,sensor,TX,4032,"{""age_min_ms"": 17, ""age_max_ms"": 17}",LAT TX seq=4032 age_min_ms=17 age_max_ms=17
105796751500,screen,RX,4032,{},I (668970) LAT: RX seq=4032
105812591600,sensor,RTT,4032,"{""us"": 7097}",LAT RTT seq=4032 us=7097
105893528100,sensor,TX,4033,"{""age_min_ms"": 19, ""age_max_ms"": 19}",LAT TX seq=4033 age_min_ms=19 age_max_ms=19
105898743500,screen,RX,4033,{},I (669070) LAT: RX seq=4033
105913569200,sensor,RTT,4033,"{""us"": 6381}",LAT RTT seq=4033 us=6381
105994679700,sensor,TX,4034,"{""age_min_ms"": 120, ""age_max_ms"": 120}",LAT TX seq=4034 age_min_ms=120 age_max_ms=120
106004377300,screen,RX,4034,{},I (669180) LAT: RX seq=4034
106014588200,sensor,RTT,4034,"{""us"": 9183}",LAT RTT seq=4034 us=9183
106095415500,sensor,TX,4035,"{""age_min_ms"": 86, ""age_max_ms"": 86}",LAT TX seq=4035 age_min_ms=86 age_max_ms=86
106099614100,screen,RX,4035,{},I (669270) LAT: RX seq=4035
106115665100,sensor,RTT,4035,"{""us"": 3914}",LAT RTT seq=4035 us=3914
106196415900,sensor,TX,4036,"{""age_min_ms"": 28, ""age_max_ms"": 28}",LAT TX seq=4036 age_min_ms=28 age_max_ms=28
106201251300,screen,RX,4036,{},I (669370) LAT: RX seq=4036
106215595000,sensor,RTT,4036,"{""us"": 6140}",LAT RTT seq=4036 us=6140
106296421900,sensor,TX,4037,"{""age_min_ms"": 22, ""age_max_ms"": 22}",LAT TX seq=4037 age_min_ms=22 age_max_ms=22
106301044400,screen,RX,4037,{},I (669470) LAT: RX seq=4037
106315593400,sensor,RTT,4037,"{""us"": 4084}",LAT RTT seq=4037 us=4084
106396392000,sensor,TX,4038,"{""age_min_ms"": 14, ""age_max_ms"": 14}",LAT TX seq=4038 age_min_ms=14 age_max_ms=14
106400800200,screen,RX,4038,{},I (669570) LAT: RX seq=4038
106415600700,sensor,RTT,4038,"{""us"": 3553}",LAT RTT seq=4038 us=3553
106496424200,sensor,TX,4039,"{""age_min_ms"": 14, ""age_max_ms"": 14}",LAT TX seq=4039 age_min_ms=14 age_max_ms=14
106503306300,screen,RX,4039,{},I (669680) LAT: RX seq=4039
106515600800,sensor,RTT,4039,"{""us"": 6919}",LAT RTT seq=4039 us=6919
106596463300,sensor,TX,4040,"{""age_min_ms"": 21, ""age_max_ms"": 21}",LAT TX seq=4040 age_min_ms=21 age_max_ms=21
106603687700,screen,RX,4040,{},I (669780) LAT: RX seq=4040
106615599700,sensor,RTT,4040,"{""us"": 6705}",LAT RTT seq=4040 us=6705
106696533800,sensor,TX,4041,"{""age_min_ms"": 21, ""age_max_ms"": 21}",LAT TX seq=4041 age_min_ms=21 age_max_ms=21
106703014300,screen,RX,4041,{},I (669880) LAT: RX seq=4041
106716543700,sensor,RTT,4041,"{""us"": 7036}",LAT RTT seq=4041 us=7036
106797567000,sensor,TX,4042,"{""age_min_ms"": 32, ""age_max_ms"": 32}",LAT TX seq=4042 age_min_ms=32 age_max_ms=32
106802035600,screen,RX,4042,{},I (669980) LAT: RX seq=4042
106816553700,sensor,RTT,4042,"{""us"": 3567}",LAT RTT seq=4042 us=3567
106897558200,sensor,TX,4043,"{""age_min_ms"": 23, ""age_max_ms"": 23}",LAT TX seq=4043 age_min_ms=23 age_max_ms=23
106901533800,screen,RX,4043,{},I (670070) LAT: RX seq=4043
106916583700,sensor,RTT,4043,"{""us"": 4343}",LAT RTT seq=4043 us=4343
106997538800,sensor,TX,4044,"{""age_min_ms"": 123, ""age_max_ms"": 123}",LAT TX seq=4044 age_min_ms=123 age_max_ms=123
107001673800,screen,RX,4044,{},I (670180) LAT: RX seq=4044
107016639600,sensor,RTT,4044,"{""us"": 5034}",LAT RTT seq=4044 us=5034
107097509500,sensor,TX,4045,"{""age_min_ms"": 74, ""age_max_ms"": 74}",LAT TX seq=4045 age_min_ms=74 age_max_ms=74
107101492800,screen,RX,4045,{},I (670270) LAT: RX seq=4045
107116579800,sensor,RTT,4045,"{""us"": 5949}",LAT RTT seq=4045 us=5949
107197610200,sensor,TX,4046,"{""age_min_ms"": 29, ""age_max_ms"": 29}",LAT TX seq=4046 age_min_ms=29 age_max_ms=29
107203040800,screen,RX,4046,{},I (670380) LAT: RX seq=4046
107216604400,sensor,RTT,4046,"{""us"": 11250}",LAT RTT seq=4046 us=11250
107297472300,sensor,TX,4047,"{""age_min_ms"": 23, ""age_max_ms"": 23}",LAT TX seq=4047 age_min_ms=23 age_max_ms=23
107302321200,screen,RX,4047,{},I (670480) LAT: RX seq=4047
107316622100,sensor,RTT,4047,"{""us"": 4667}",LAT RTT seq=4047 us=4667
107397543200,sensor,TX,4048,"{""age_min_ms"": 29, ""age_max_ms"": 29}",LAT TX seq=4048 age_min_ms=29 age_max_ms=29
107402608300,screen,RX,4048,{},I (670580) LAT: RX seq=4048
107416570300,sensor,RTT,4048,"{""us"": 7379}",LAT RTT seq=4048 us=7379
107497405700,sensor,TX,4049,"{""age_min_ms"": 29, ""age_max_ms"": 29}",LAT TX seq=4049 age_min_ms=29 age_max_ms=29
107502386100,screen,RX,4049,{},I (670680) LAT: RX seq=4049
107516621700,sensor,RTT,4049,"{""us"": 6411}",LAT RTT seq=4049 us=6411
107597449500,sensor,TX,4050,"{""age_min_ms"": 29, ""age_max_ms"": 29}",LAT TX seq=4050 age_min_ms=29 age_max_ms=29
107603197000,screen,RX,4050,{},I (670780) LAT: RX seq=4050
107616555800,sensor,RTT,4050,"{""us"": 10920}",LAT RTT seq=4050 us=10920
107697621500,sensor,TX,4051,"{""age_min_ms"": 29, ""age_max_ms"": 29}",LAT TX seq=4051 age_min_ms=29 age_max_ms=29
107704564700,screen,RX,4051,{},I (670880) LAT: RX seq=4051
107717587700,sensor,RTT,4051,"{""us"": 12841}",LAT RTT seq=4051 us=12841
107798479400,sensor,TX,4052,"{""age_min_ms"": 24, ""age_max_ms"": 24}",LAT TX seq=4052 age_min_ms=24 age_max_ms=24
107804551100,screen,RX,4052,{},I (670980) LAT: RX seq=4052
107817569400,sensor,RTT,4052,"{""us"": 6387}",LAT RTT seq=4052 us=6387
107898540500,sensor,TX,4053,"{""age_min_ms"": 16, ""age_max_ms"": 16}",LAT TX seq=4053 age_min_ms=16 age_max_ms=16
107904149300,screen,RX,4053,{},I (671080) LAT: RX seq=4053
107918644700,sensor,RTT,4053,"{""us"": 4873}",LAT RTT seq=4053 us=4873
107999564700,sensor,TX,4054,"{""age_min_ms"": 117, ""age_max_ms"": 117}",LAT TX seq=4054 age_min_ms=117 age_max_ms=117
108012113300,screen,RX,4054,{},I (671190) LAT: RX seq=4054
108091354300,sensor,RTT,4054,"{""us"": 11935}",LAT RTT seq=4054 us=11935
108099435700,sensor,TX,4055,"{""age_min_ms"": 84, ""age_max_ms"": 84}",LAT TX seq=4055 age_min_ms=84 age_max_ms=84
108104498100,screen,RX,4055,{},I (671280) LAT: RX seq=4055
108118637100,sensor,RTT,4055,"{""us"": 7873}",LAT RTT seq=4055 us=7873
108199448300,sensor,TX,4056,"{""age_min_ms"": 25, ""age_max_ms"": 25}",LAT TX seq=4056 age_min_ms=25 age_max_ms=25
108203521500,screen,RX,4056,{},I (671380) LAT: RX seq=4056
108218597700,sensor,RTT,4056,"{""us"": 4114}",LAT RTT seq=4056 us=4114
108299437100,sensor,TX,4057,"{""age_min_ms"": 25, ""age_max_ms"": 25}",LAT TX seq=4057 age_min_ms=25 age_max_ms=25
108304335800,screen,RX,4057,{},I (671480) LAT: RX seq=4057
108318586200,sensor,RTT,4057,"{""us"": 6830}",LAT RTT seq=4057 us=6830
108399467300,sensor,TX,4058,"{""age_min_ms"": 25, ""age_max_ms"": 25}",LAT TX seq=4058 age_min_ms=25 age_max_ms=25
108404360900,screen,RX,4058,{},I (671580) LAT: RX seq=4058
108418600600,sensor,RTT,4058,"{""us"": 4891}",LAT RTT seq=4058 us=4891
108499380200,sensor,TX,4059,"{""age_min_ms"": 17, ""age_max_ms"": 17}",LAT TX seq=4059 age_min_ms=17 age_max_ms=17
108504145000,screen,RX,4059,{},I (671680) LAT: RX seq=4059
108518588000,sensor,RTT,4059,"{""us"": 4856}",LAT RTT seq=4059 us=4856
108600602300,sensor,TX,4060,"{""age_min_ms"": 17, ""age_max_ms"": 17}",LAT TX seq=4060 age_min_ms=17 age_max_ms=17
108603963300,screen,RX,4060,{},I (671780) LAT: RX seq=4060
108618688900,sensor,RTT,4060,"{""us"": 5372}",LAT RTT seq=4060 us=5372
108699540600,sensor,TX,4061,"{""age_min_ms"": 17, ""age_max_ms"": 17}",LAT TX seq=4061 age_min_ms=17 age_max_ms=17
108704313200,screen,RX,4061,{},I (671880) LAT: RX seq=4061
108719575600,sensor,RTT,4061,"{""us"": 4692}",LAT RTT seq=4061 us=4692
108800546700,sensor,TX,4062,"{""age_min_ms"": 18, ""age_max_ms"": 18}",LAT TX seq=4062 age_min_ms=18 age_max_ms=18
108804499000,screen,RX,4062,{},I (671980) LAT: RX seq=4062
108820580300,sensor,RTT,4062,"{""us"": 4853}",LAT RTT seq=4062 us=4853
108901475500,sensor,TX,4063,"{""age_min_ms"": 19, ""age_max_ms"": 19}",LAT TX seq=4063 age_min_ms=19 age_max_ms=19
108905885300,screen,RX,4063,{},I (672080) LAT: RX seq=4063
108920584400,sensor,RTT,4063,"{""us"": 4922}",LAT RTT seq=4063 us=4922
109001712500,sensor,TX,4064,"{""age_min_ms"": 119, ""age_max_ms"": 119}",LAT TX seq=4064 age_min_ms=119 age_max_ms=119
109006065800,screen,RX,4064,{},I (672180) LAT: RX seq=4064
109020599200,sensor,RTT,4064,"{""us"": 4631}",LAT RTT seq=4064 us=4631
109101557700,sensor,TX,4065,"{""age_min_ms"": 92, ""age_max_ms"": 92}",LAT TX seq=4065 age_min_ms=92 age_max_ms=92
109106010700,screen,RX,4065,{},I (672280) LAT: RX seq=4065
109120597000,sensor,RTT,4065,"{""us"": 6826}",LAT RTT seq=4065 us=6826
109201380600,sensor,TX,4066,"{""age_min_ms"": 27, ""age_max_ms"": 27}",LAT TX seq=4066 age_min_ms=27 age_max_ms=27
109205571000,screen,RX,4066,{},I (672380) LAT: RX seq=4066
109220706100,sensor,RTT,4066,"{""us"": 3895}",LAT RTT seq=4066 us=3895
109301393500,sensor,TX,4067,"{""age_min_ms"": 26, ""age_max_ms"": 26}",LAT TX seq=4067 age_min_ms=26 age_max_ms=26
109305730800,screen,RX,4067,{},I (672480) LAT: RX seq=4067
109320694500,sensor,RTT,4067,"{""us"": 5583}",LAT RTT seq=4067 us=5583
109401613100,sensor,TX,4068,"{""age_min_ms"": 19, ""age_max_ms"": 19}",LAT TX seq=4068 age_min_ms=19 age_max_ms=19
109405506800,screen,RX,4068,{},I (672580) LAT: RX seq=4068
109420572000,sensor,RTT,4068,"{""us"": 5837}",LAT RTT seq=4068 us=5837
109501431500,sensor,TX,4069,"{""age_min_ms"": 19, ""age_max_ms"": 19}",LAT TX seq=4069 age_min_ms=19 age_max_ms=19
109506877900,screen,RX,4069,{},I (672680) LAT: RX seq=4069
109520560300,sensor,RTT,4069,"{""us"": 6789}",LAT RTT seq=4069 us=6789
109601487800,sensor,TX,4070,"{""age_min_ms"": 26, ""age_max_ms"": 26}",LAT TX seq=4070 age_min_ms=26 age_max_ms=26
109607004100,screen,RX,4070,{},I (672780) LAT: RX seq=4070
109620528100,sensor,RTT,4070,"{""us"": 5571}",LAT RTT seq=4070 us=5571
109701585700,sensor,TX,4071,"{""age_min_ms"": 27, ""age_max_ms"": 27}",LAT TX seq=4071 age_min_ms=27 age_max_ms=27
109705656800,screen,RX,4071,{},I (672880) LAT: RX seq=4071
109721557200,sensor,RTT,4071,"{""us"": 5376}",LAT RTT seq=4071 us=5376
109802476300,sensor,TX,4072,"{""age_min_ms"": 33, ""age_max_ms"": 33}",LAT TX seq=4072 age_min_ms=33 age_max_ms=33
109807331400,screen,RX,4072,{},I (672980) LAT: RX seq=4072
109822618700,sensor,RTT,4072,"{""us"": 3879}",LAT RTT seq=4072 us=3879
109903540500,sensor,TX,4073,"{""age_min_ms"": 21, ""age_max_ms"": 21}",LAT TX seq=4073 age_min_ms=21 age_max_ms=21
109907640700,screen,RX,4073,{},I (673080) LAT: RX seq=4073
109923570000,sensor,RTT,4073,"{""us"": 6676}",LAT RTT seq=4073 us=6676
110004498500,sensor,TX,4074,"{""age_min_ms"": 122, ""age_max_ms"": 122}",LAT TX seq=4074 age_min_ms=122 age_max_ms=122
110008512300,screen,RX,4074,{},I (673180) LAT: RX seq=4074
110023652400,sensor,RTT,4074,"{""us"": 4019}",LAT RTT seq=4074 us=4019
110104631700,sensor,TX,4075,"{""age_min_ms"": 81, ""age_max_ms"": 81}",LAT TX seq=4075 age_min_ms=81 age_max_ms=81
110110181400,screen,RX,4075,{},I (673280) LAT: RX seq=4075
110204600000,sensor,RTT,4075,"{""us"": 5682}",LAT RTT seq=4075 us=5682
110204600000,sensor,TX,4076,"{""age_min_ms"": 30, ""age_max_ms"": 30}",LAT TX seq=4076 age_min_ms=30 age_max_ms=30
110209478700,screen,RX,4076,{},I (673380) LAT: RX seq=4076
110223631300,sensor,RTT,4076,"{""us"": 6580}",LAT RTT seq=4076 us=6580
110304611600,sensor,TX,4077,"{""age_min_ms"": 22, ""age_max_ms"": 22}",LAT TX seq=4077 age_min_ms=22 age_max_ms=22
110309371100,screen,RX,4077,{},I (673480) LAT: RX seq=4077
110323593700,sensor,RTT,4077,"{""us"": 4141}",LAT RTT seq=4077 us=4141
110404722200,sensor,TX,4078,"{""age_min_ms"": 22, ""age_max_ms"": 22}",LAT TX seq=4078 age_min_ms=22 age_max_ms=22
110409245200,screen,RX,4078,{},I (673580) LAT: RX seq=4078
110423634000,sensor,RTT,4078,"{""us"": 4044}",LAT RTT seq=4078 us=4044
110504431100,sensor,TX,4079,"{""age_min_ms"": 30, ""age_max_ms"": 30}",LAT TX seq=4079 age_min_ms=30 age_max_ms=30
110508959800,screen,RX,4079,{},I (673680) LAT: RX seq=4079
110523637500,sensor,RTT,4079,"{""us"": 4045}",LAT RTT seq=4079 us=4045
110604485600,sensor,TX,4080,"{""age_min_ms"": 22, ""age_max_ms"": 22}",LAT TX seq=4080 age_min_ms=22 age_max_ms=22
110611771200,screen,RX,4080,{},I (673790) LAT: RX seq=4080
110623484400,sensor,RTT,4080,"{""us"": 7384}",LAT RTT seq=4080 us=7384
110704558100,sensor,TX,4081,"{""age_min_ms"": 22, ""age_max_ms"": 22}",LAT TX seq=4081 age_min_ms=22 age_max_ms=22
110708788800,screen,RX,4081,{},I (673880) LAT: RX seq=4081
110724461800,sensor,RTT,4081,"{""us"": 4591}",LAT RTT seq=4081 us=4591
110805553000,sensor,TX,4082,"{""age_min_ms"": 23, ""age_max_ms"": 23}",LAT TX seq=4082 age_min_ms=23 age_max_ms=23
110810391800,screen,RX,4082,{},I (673980) LAT: RX seq=4082
110825520500,sensor,RTT,4082,"{""us"": 4025}",LAT RTT seq=4082 us=4025
110906493800,sensor,TX,4083,"{""age_min_ms"": 42, ""age_max_ms"": 42}",LAT TX seq=4083 age_min_ms=42 age_max_ms=42
110910807600,screen,RX,4083,{},I (674080) LAT: RX seq=4083
110926574700,sensor,RTT,4083,"{""us"": 4342}",LAT RTT seq=4083 us=4342
111007431600,sensor,TX,4084,"{""age_min_ms"": 143, ""age_max_ms"": 143}",LAT TX seq=4084 age_min_ms=143 age_max_ms=143
111011647100,screen,RX,4084,{},I (674180) LAT: RX seq=4084
111026600800,sensor,RTT,4084,"{""us"": 6108}",LAT RTT seq=4084 us=6108
111107608200,sensor,TX,4085,"{""age_min_ms"": 84, ""age_max_ms"": 84}",LAT TX seq=4085 age_min_ms=84 age_max_ms=84
111113067800,screen,RX,4085,{},I (674290) LAT: RX seq=4085
111208501200,sensor,RTT,4085,"{""us"": 5631}",LAT RTT seq=4085 us=5631
111208501200,sensor,TX,4086,"{""age_min_ms"": 26, ""age_max_ms"": 26}",LAT TX seq=4086 age_min_ms=26 age_max_ms=26
111212844600,screen,RX,4086,{},I (674390) LAT: RX seq=4086
111227626800,sensor,RTT,4086,"{""us"": 5226}",LAT RTT seq=4086 us=5226
111308383000,sensor,TX,4087,"{""age_min_ms"": 26, ""age_max_ms"": 26}",LAT TX seq=4087 age_min_ms=26 age_max_ms=26
111312539700,screen,RX,4087,{},I (674490) LAT: RX seq=4087
111327621900,sensor,RTT,4087,"{""us"": 7096}",LAT RTT seq=4087 us=7096
111408761400,sensor,TX,4088,"{""age_min_ms"": 26, ""age_max_ms"": 26}",LAT TX seq=4088 age_min_ms=26 age_max_ms=26
111413470500,screen,RX,4088,{},I (674590) LAT: RX seq=4088
111427579400,sensor,RTT,4088,"{""us"": 4015}",LAT RTT seq=4088 us=4015
111508376400,sensor,TX,4089,"{""age_min_ms"": 33, ""age_max_ms"": 33}",LAT TX seq=4089 age_min_ms=33 age_max_ms=33
111513382700,screen,RX,4089,{},I (674690) LAT: RX seq=4089
111527598700,sensor,RTT,4089,"{""us"": 5080}",LAT RTT seq=4089 us=5080
111608725500,sensor,TX,4090,"{""age_min_ms"": 34, ""age_max_ms"": 34}",LAT TX seq=4090 age_min_ms=34 age_max_ms=34
111613280500,screen,RX,4090,{},I (674790) LAT: RX seq=4090
111627576700,sensor,RTT,4090,"{""us"": 4744}",LAT RTT seq=4090 us=4744
111708473900,sensor,TX,4091,"{""age_min_ms"": 34, ""age_max_ms"": 34}",LAT TX seq=4091 age_min_ms=34 age_max_ms=34
111713593100,screen,RX,4091,{},I (674890) LAT: RX seq=4091
111728583800,sensor,RTT,4091,"{""us"": 4328}",LAT RTT seq=4091 us=4328
111809495700,sensor,TX,4092,"{""age_min_ms"": 35, ""age_max_ms"": 35}",LAT TX seq=4092 age_min_ms=35 age_max_ms=35
111813518500,screen,RX,4092,{},I (674990) LAT: RX seq=4092
111828571900,sensor,RTT,4092,"{""us"": 3223}",LAT RTT seq=4092 us=3223
111909405600,sensor,TX,4093,"{""age_min_ms"": 41, ""age_max_ms"": 41}",LAT TX seq=4093 age_min_ms=41 age_max_ms=41
111915069500,screen,RX,4093,{},I (675090) LAT: RX seq=4093
111928629300,sensor,RTT,4093,"{""us"": 4685}",LAT RTT seq=4093 us=4685
112009635400,sensor,TX,4094,"{""age_min_ms"": 0, ""age_max_ms"": 0}",LAT TX seq=4094 age_min_ms=0 age_max_ms=0
112014371400,screen,RX,4094,{},I (675190) LAT: RX seq=4094
112029671000,sensor,RTT,4094,"{""us"": 4432}",LAT RTT seq=4094 us=4432
112110508800,sensor,TX,4095,"{""age_min_ms"": 101, ""age_max_ms"": 101}",LAT TX seq=4095 age_min_ms=101 age_max_ms=101
112114858800,screen,RX,4095,{},I (675290) LAT: RX seq=4095
112129645300,sensor,RTT,4095,"{""us"": 4567}",LAT RTT seq=4095 us=4567
112210562200,sensor,TX,4096,"{""age_min_ms"": 36, ""age_max_ms"": 36}",LAT TX seq=4096 age_min_ms=36 age_max_ms=36
112217392500,screen,RX,4096,{},I (675390) LAT: RX seq=4096
112229610900,sensor,RTT,4096,"{""us"": 6092}",LAT RTT seq=4096 us=6092
112310709200,sensor,TX,4097,"{""age_min_ms"": 36, ""age_max_ms"": 36}",LAT TX seq=4097 age_min_ms=36 age_max_ms=36
112314788400,screen,RX,4097,{},I (675490) LAT: RX seq=4097
112329581400,sensor,RTT,4097,"{""us"": 4218}",LAT RTT seq=4097 us=4218
112410408900,sensor,TX,4098,"{""age_min_ms"": 36, ""age_max_ms"": 36}",LAT TX seq=4098 age_min_ms=36 age_max_ms=36
112414509100,screen,RX,4098,{},I (675590) LAT: RX seq=4098
112429582300,sensor,RTT,4098,"{""us"": 3622}",LAT RTT seq=4098 us=3622
112510462100,sensor,TX,4099,"{""age_min_ms"": 36, ""age_max_ms"": 36}",LAT TX seq=4099 age_min_ms=36 age_max_ms=36
112514606700,screen,RX,4099,{},I (675690) LAT: RX seq=4099
112529576200,sensor,RTT,4099,"{""us"": 3801}",LAT RTT seq=4099 us=3801
112610455500,sensor,TX,4100,"{""age_min_ms"": 36, ""age_max_ms"": 36}",LAT TX seq=4100 age_min_ms=36 age_max_ms=36
112616447900,screen,RX,4100,{},I (675790) LAT: RX seq=4100
112629582500,sensor,RTT,4100,"{""us"": 6315}",LAT RTT seq=4100 us=6315
112710742100,sensor,TX,4101,"{""age_min_ms"": 36, ""age_max_ms"": 36}",LAT TX seq=4101 age_min_ms=36 age_max_ms=36
112714532800,screen,RX,4101,{},I (675890) LAT: RX seq=4101
112730610000,sensor,RTT,4101,"{""us"": 6084}",LAT RTT seq=4101 us=6084
112811553900,sensor,TX,4102,"{""age_min_ms"": 39, ""age_max_ms"": 39}",LAT TX seq=4102 age_min_ms=39 age_max_ms=39
112815525100,screen,RX,4102,{},I (675990) LAT: RX seq=4102
112830605700,sensor,RTT,4102,"{""us"": 3043}",LAT RTT seq=4102 us=3043
112911599100,sensor,TX,4103,"{""age_min_ms"": 37, ""age_max_ms"": 37}",LAT TX seq=4103 age_min_ms=37 age_max_ms=37
112917240000,screen,RX,4103,{},I (676090) LAT: RX seq=4103
112930606000,sensor,RTT,4103,"{""us"": 5206}",LAT RTT seq=4103 us=5206
113011413400,sensor,TX,4104,"{""age_min_ms"": 137, ""age_max_ms"": 137}",LAT TX seq=4104 age_min_ms=137 age_max_ms=137
113016322200,screen,RX,4104,{},I (676190) LAT: RX seq=4104
113030618400,sensor,RTT,4104,"{""us"": 5208}",LAT RTT seq=4104 us=5208
113111493200,sensor,TX,4105,"{""age_min_ms"": 96, ""age_max_ms"": 96}",LAT TX seq=4105 age_min_ms=96 age_max_ms=96
113116505400,screen,RX,4105,{},I (676290) LAT: RX seq=4105
113131647000,sensor,RTT,4105,"{""us"": 6897}",LAT RTT seq=4105 us=6897
113212598800,sensor,TX,4106,"{""age_min_ms"": 38, ""age_max_ms"": 38}",LAT TX seq=4106 age_min_ms=38 age_max_ms=38
113216666600,screen,RX,4106,{},I (676390) LAT: RX seq=4106
113232639600,sensor,RTT,4106,"{""us"": 6649}",LAT RTT seq=4106 us=6649
113313430800,sensor,TX,4107,"{""age_min_ms"": 39, ""age_max_ms"": 39}",LAT TX seq=4107 age_min_ms=39 age_max_ms=39
113318932300,screen,RX,4107,{},I (676490) LAT: RX seq=4107
113413492800,sensor,RTT,4107,"{""us"": 5838}",LAT RTT seq=4107 us=5838
113413492800,sensor,TX,4108,"{""age_min_ms"": 39, ""age_max_ms"": 39}",LAT TX seq=4108 age_min_ms=39 age_max_ms=39
113418480700,screen,RX,4108,{},I (676590) LAT: RX seq=4108
113432601400,sensor,RTT,4108,"{""us"": 8065}",LAT RTT seq=4108 us=8065
113513551200,sensor,TX,4109,"{""age_min_ms"": 40, ""age_max_ms"": 40}",LAT TX seq=4109 age_min_ms=40 age_max_ms=40
113519469000,screen,RX,4109,{},I (676690) LAT: RX seq=4109
113532626300,sensor,RTT,4109,"{""us"": 6332}",LAT RTT seq=4109 us=6332
113613793800,sensor,TX,4110,"{""age_min_ms"": 31, ""age_max_ms"": 31}",LAT TX seq=4110 age_min_ms=31 age_max_ms=31
113618140000,screen,RX,4110,{},I (676790) LAT: RX seq=4110
113632717200,sensor,RTT,4110,"{""us"": 4729}",LAT RTT seq=4110 us=4729
113713703200,sensor,TX,4111,"{""age_min_ms"": 45, ""age_max_ms"": 45}",LAT TX seq=4111 age_min_ms=45 age_max_ms=45
113717955600,screen,RX,4111,{},I (676890) LAT: RX seq=4111
113733641500,sensor,RTT,4111,"{""us"": 4879}",LAT RTT seq=4111 us=4879
113814561700,sensor,TX,4112,"{""age_min_ms"": 40, ""age_max_ms"": 40}",LAT TX seq=4112 age_min_ms=40 age_max_ms=40
113818759500,screen,RX,4112,{},I (676990) LAT: RX seq=4112
113834597900,sensor,RTT,4112,"{""us"": 8368}",LAT RTT seq=4112 us=8368
113915494200,sensor,TX,4113,"{""age_min_ms"": 47, ""age_max_ms"": 47}",LAT TX seq=4113 age_min_ms=47 age_max_ms=47
113920218400,screen,RX,4113,{},I (677090) LAT: RX seq=4113
113934631800,sensor,RTT,4113,"{""us"": 6426}",LAT RTT seq=4113 us=6426
114015489200,sensor,TX,4114,"{""age_min_ms"": 0, ""age_max_ms"": 0}",LAT TX seq=4114 age_min_ms=0 age_max_ms=0
114019990200,screen,RX,4114,{},I (677190) LAT: RX seq=4114
114035705400,sensor,RTT,4114,"{""us"": 10208}",LAT RTT seq=4114 us=10208
114116716400,sensor,TX,4115,"{""age_min_ms"": 3, ""age_max_ms"": 3}",LAT TX seq=4115 age_min_ms=3 age_max_ms=3
114120593400,screen,RX,4115,{},I (677290) LAT: RX seq=4115
114136617600,sensor,RTT,4115,"{""us"": 3766}",LAT RTT seq=4115 us=3766
114217531700,sensor,TX,4116,"{""age_min_ms"": 43, ""age_max_ms"": 43}",LAT TX seq=4116 age_min_ms=43 age_max_ms=43
114222284600,screen,RX,4116,{},I (677400) LAT: RX seq=4116
114236609900,sensor,RTT,4116,"{""us"": 4576}",LAT RTT seq=4116 us=4576
114317600900,sensor,TX,4117,"{""age_min_ms"": 43, ""age_max_ms"": 43}",LAT TX seq=4117 age_min_ms=43 age_max_ms=43
114322043800,screen,RX,4117,{},I (677500) LAT: RX seq=4117
114336611900,sensor,RTT,4117,"{""us"": 4946}",LAT RTT seq=4117 us=4946
114417834400,sensor,TX,4118,"{""age_min_ms"": 43, ""age_max_ms"": 43}",LAT TX seq=4118 age_min_ms=43 age_max_ms=43
114421614700,screen,RX,4118,{},I (677590) LAT: RX seq=4118
114436627700,sensor,RTT,4118,"{""us"": 4205}",LAT RTT seq=4118 us=4205
114517504500,sensor,TX,4119,"{""age_min_ms"": 49, ""age_max_ms"": 49}",LAT TX seq=4119 age_min_ms=49 age_max_ms=49
114522932800,screen,RX,4119,{},I (677700) LAT: RX seq=4119
114536622000,sensor,RTT,4119,"{""us"": 6956}",LAT RTT seq=4119 us=6956
114622348100,screen,RX,4120,{},I (677800) LAT: RX seq=4120
114637633100,sensor,RTT,4120,"{""us"": 4165}",LAT TX seqLAT RTT seq=4120 us=4165
114718477200,sensor,TX,4121,"{""age_min_ms"": 44, ""age_max_ms"": 44}",LAT TX seq=4121 age_min_ms=44 age_max_ms=44
114722710000,screen,RX,4121,{},I (677900) LAT: RX seq=4121
114738594400,sensor,RTT,4121,"{""us"": 3320}",LAT RTT seq=4121 us=3320
114819555000,sensor,TX,4122,"{""age_min_ms"": 51, ""age_max_ms"": 51}",LAT TX seq=4122 age_min_ms=51 age_max_ms=51
114824544400,screen,RX,4122,{},I (678000) LAT: RX seq=4122
114839627200,sensor,RTT,4122,"{""us"": 4245}",LAT RTT seq=4122 us=4245
114920593200,sensor,TX,4123,"{""age_min_ms"": 46, ""age_max_ms"": 46}",LAT TX seq=4123 age_min_ms=46 age_max_ms=46
114924876000,screen,RX,4123,{},I (678100) LAT: RX seq=4123
114939595000,sensor,RTT,4123,"{""us"": 5034}",LAT RTT seq=4123 us=5034
115020546700,sensor,TX,4124,"{""age_min_ms"": 5, ""age_max_ms"": 5}",LAT TX seq=4124 age_min_ms=5 age_max_ms=5
115024665000,screen,RX,4124,{},I (678200) LAT: RX seq=4124
115040670000,sensor,RTT,4124,"{""us"": 4644}",LAT RTT seq=4124 us=4644
115121546900,sensor,TX,4125,"{""age_min_ms"": 6, ""age_max_ms"": 6}",LAT TX seq=4125 age_min_ms=6 age_max_ms=6
115126300800,screen,RX,4125,{},I (678300) LAT: RX seq=4125
115141627600,sensor,RTT,4125,"{""us"": 5874}",LAT RTT seq=4125 us=5874
115222578000,sensor,TX,4126,"{""age_min_ms"": 48, ""age_max_ms"": 48}",LAT TX seq=4126 age_min_ms=48 age_max_ms=48
115226787500,screen,RX,4126,{},I (678400) LAT: RX seq=4126
115241597700,sensor,RTT,4126,"{""us"": 4284}",LAT RTT seq=4126 us=4284
115322538500,sensor,TX,4127,"{""age_min_ms"": 54, ""age_max_ms"": 54}",LAT TX seq=4127 age_min_ms=54 age_max_ms=54
115328483500,screen,RX,4127,{},I (678500) LAT: RX seq=4127
115361621000,sensor,RTT,4127,"{""us"": 22704}",LAT RTT seq=4127 us=22704
115422495700,sensor,TX,4128,"{""age_min_ms"": 54, ""age_max_ms"": 54}",LAT TX seq=4128 age_min_ms=54 age_max_ms=54
115426722200,screen,RX,4128,{},I (678600) LAT: RX seq=4128
115441728800,sensor,RTT,4128,"{""us"": 3981}",LAT RTT seq=4128 us=3981
115522719300,sensor,TX,4129,"{""age_min_ms"": 48, ""age_max_ms"": 48}",LAT TX seq=4129 age_min_ms=48 age_max_ms=48
115536207000,screen,RX,4129,{},I (678710) LAT: RX seq=4129
115541728300,sensor,RTT,4129,"{""us"": 17942}",LAT RTT seq=4129 us=17942
115622580000,sensor,TX,4130,"{""age_min_ms"": 54, ""age_max_ms"": 54}",LAT TX seq=4130 age_min_ms=54 age_max_ms=54
115628160900,screen,RX,4130,{},I (678800) LAT: RX seq=4130
115641664700,sensor,RTT,4130,"{""us"": 5254}",LAT RTT seq=4130 us=5254
115722476500,sensor,TX,4131,"{""age_min_ms"": 48, ""age_max_ms"": 48}",LAT TX seq=4131 age_min_ms=48 age_max_ms=48
115726690800,screen,RX,4131,{},I (678900) LAT: RX seq=4131
115742593600,sensor,RTT,4131,"{""us"": 5272}",LAT RTT seq=4131 us=5272
115823496800,sensor,TX,4132,"{""age_min_ms"": 49, ""age_max_ms"": 49}",LAT TX seq=4132 age_min_ms=49 age_max_ms=49
115828144400,screen,RX,4132,{},I (679000) LAT: RX seq=4132
115843633600,sensor,RTT,4132,"{""us"": 3963}",LAT RTT seq=4132 us=3963
115924679600,sensor,TX,4133,"{""age_min_ms"": 50, ""age_max_ms"": 50}",LAT TX seq=4133 age_min_ms=50 age_max_ms=50
115928584200,screen,RX,4133,{},I (679100) LAT: RX seq=4133
115943616600,sensor,RTT,4133,"{""us"": 3626}",LAT RTT seq=4133 us=3626
116024780800,sensor,TX,4134,"{""age_min_ms"": 15, ""age_max_ms"": 15}",LAT TX seq=4134 age_min_ms=15 age_max_ms=15
116030536600,screen,RX,4134,{},I (679200) LAT: RX seq=4134
116043691900,sensor,RTT,4134,"{""us"": 5093}",LAT RTT seq=4134 us=5093
116124772600,sensor,TX,4135,"{""age_min_ms"": 9, ""age_max_ms"": 9}",LAT TX seq=4135 age_min_ms=9 age_max_ms=9
116129133300,screen,RX,4135,{},I (679300) LAT: RX seq=4135
116144613700,sensor,RTT,4135,"{""us"": 3850}",LAT RTT seq=4135 us=3850
116225487100,sensor,TX,4136,"{""age_min_ms"": 57, ""age_max_ms"": 57}",LAT TX seq=4136 age_min_ms=57 age_max_ms=57
116229610300,screen,RX,4136,{},I (679400) LAT: RX seq=4136
116245601600,sensor,RTT,4136,"{""us"": 4305}",LAT RTT seq=4136 us=4305
116326461100,sensor,TX,4137,"{""age_min_ms"": 58, ""age_max_ms"": 58}",LAT TX seq=4137 age_min_ms=58 age_max_ms=58
116333798100,screen,RX,4137,{},I (679510) LAT: RX seq=4137
116345647000,sensor,RTT,4137,"{""us"": 7227}",LAT RTT seq=4137 us=7227
116426547300,sensor,TX,4138,"{""age_min_ms"": 58, ""age_max_ms"": 58}",LAT TX seq=4138 age_min_ms=58 age_max_ms=58
116430787000,screen,RX,4138,{},I (679600) LAT: RX seq=4138
116445605900,sensor,RTT,4138,"{""us"": 3448}",LAT RTT seq=4138 us=3448
116526563200,sensor,TX,4139,"{""age_min_ms"": 53, ""age_max_ms"": 53}",LAT TX seq=4139 age_min_ms=53 age_max_ms=53
116530727700,screen,RX,4139,{},I (679700) LAT: RX seq=4139
116545637100,sensor,RTT,4139,"{""us"": 5053}",LAT RTT seq=4139 us=5053
116626462700,sensor,TX,4140,"{""age_min_ms"": 44, ""age_max_ms"": 44}",LAT TX seq=4140 age_min_ms=44 age_max_ms=44
116631244100,screen,RX,4140,{},I (679800) LAT: RX seq=4140
116645672000,sensor,RTT,4140,"{""us"": 5157}",LAT RTT seq=4140 us=5157
116726479000,sensor,TX,4141,"{""age_min_ms"": 52, ""age_max_ms"": 52}",LAT TX seq=4141 age_min_ms=52 age_max_ms=52
116730527900,screen,RX,4141,{},I (679900) LAT: RX seq=4141
116746647900,sensor,RTT,4141,"{""us"": 3545}",LAT RTT seq=4141 us=3545
116827509400,sensor,TX,4142,"{""age_min_ms"": 54, ""age_max_ms"": 54}",LAT TX seq=4142 age_min_ms=54 age_max_ms=54
116832649000,screen,RX,4142,{},I (680010) LAT: RX seq=4142
116846679700,sensor,RTT,4142,"{""us"": 4242}",LAT RTT seq=4142 us=4242
116927501900,sensor,TX,4143,"{""age_min_ms"": 53, ""age_max_ms"": 53}",LAT TX seq=4143 age_min_ms=53 age_max_ms=53
116932341600,screen,RX,4143,{},I (680110) LAT: RX seq=4143
116946597800,sensor,RTT,4143,"{""us"": 3976}",LAT RTT seq=4143 us=3976
117027628200,sensor,TX,4144,"{""age_min_ms"": 18, ""age_max_ms"": 18}",LAT TX seq=4144 age_min_ms=18 age_max_ms=18
117032416000,screen,RX,4144,{},I (680210) LAT: RX seq=4144
117046638300,sensor,RTT,4144,"{""us"": 5097}",LAT RTT seq=4144 us=5097
117127562500,sensor,TX,4145,"{""age_min_ms"": 12, ""age_max_ms"": 12}",LAT TX seq=4145 age_min_ms=12 age_max_ms=12
117131886300,screen,RX,4145,{},I (680310) LAT: RX seq=4145
117146614300,sensor,RTT,4145,"{""us"": 5118}",LAT RTT seq=4145 us=5118
117227384100,sensor,TX,4146,"{""age_min_ms"": 53, ""age_max_ms"": 53}",LAT TX seq=4146 age_min_ms=53 age_max_ms=53
117234481500,screen,RX,4146,{},I (680410) LAT: RX seq=4146
117246660200,sensor,RTT,4146,"{""us"": 7850}",LAT RTT seq=4146 us=7850
117327489800,sensor,TX,4147,"{""age_min_ms"": 53, ""age_max_ms"": 53}",LAT TX seq=4147 age_min_ms=53 age_max_ms=53
117332023900,screen,RX,4147,{},I (680510) LAT: RX seq=4147
117346646400,sensor,RTT,4147,"{""us"": 3995}",LAT RTT seq=4147 us=3995
117427545300,sensor,TX,4148,"{""age_min_ms"": 53, ""age_max_ms"": 53}",LAT TX seq=4148 age_min_ms=53 age_max_ms=53
117434512000,screen,RX,4148,{},I (680610) LAT: RX seq=4148
117446597100,sensor,RTT,4148,"{""us"": 7753}",LAT RTT seq=4148 us=7753
117527387600,sensor,TX,4149,"{""age_min_ms"": 54, ""age_max_ms"": 54}",LAT TX seq=4149 age_min_ms=54 age_max_ms=54
117531615300,screen,RX,4149,{},I (680700) LAT: RX seq=4149
117546590500,sensor,RTT,4149,"{""us"": 3257}",LAT RTT seq=4149 us=3257
117627475400,sensor,TX,4150,"{""age_min_ms"": 53, ""age_max_ms"": 53}",LAT TX seq=4150 age_min_ms=53 age_max_ms=53
117632146100,screen,RX,4150,{},I (680810) LAT: RX seq=4150
117646725000,sensor,RTT,4150,"{""us"": 6748}",LAT RTT seq=4150 us=6748
117727586700,sensor,TX,4151,"{""age_min_ms"": 53, ""age_max_ms"": 53}",LAT TX seq=4151 age_min_ms=53 age_max_ms=53
117731882700,screen,RX,4151,{},I (680910) LAT: RX seq=4151
117747600200,sensor,RTT,4151,"{""us"": 5016}",LAT RTT seq=4151 us=5016
117828630400,sensor,TX,4152,"{""age_min_ms"": 54, ""age_max_ms"": 54}",LAT TX seq=4152 age_min_ms=54 age_max_ms=54
117832619000,screen,RX,4152,{},I (681010) LAT: RX seq=4152
117848641400,sensor,RTT,4152,"{""us"": 10891}",LAT RTT seq=4152 us=10891
117929509500,sensor,TX,4153,"{""age_min_ms"": 74, ""age_max_ms"": 74}",LAT TX seq=4153 age_min_ms=74 age_max_ms=74
117934182800,screen,RX,4153,{},I (681110) LAT: RX seq=4153
117949636700,sensor,RTT,4153,"{""us"": 3715}",LAT RTT seq=4153 us=3715
118030658400,sensor,TX,4154,"{""age_min_ms"": 34, ""age_max_ms"": 34}",LAT TX seq=4154 age_min_ms=34 age_max_ms=34
118034604400,screen,RX,4154,{},I (681210) LAT: RX seq=4154
118050636800,sensor,RTT,4154,"{""us"": 3110}",LAT RTT seq=4154 us=3110
118131491300,sensor,TX,4155,"{""age_min_ms"": 34, ""age_max_ms"": 34}",LAT TX seq=4155 age_min_ms=34 age_max_ms=34
118136614600,screen,RX,4155,{},I (681310) LAT: RX seq=4155
118150627600,sensor,RTT,4155,"{""us"": 8361}",LAT RTT seq=4155 us=8361
118231556800,sensor,TX,4156,"{""age_min_ms"": 76, ""age_max_ms"": 76}",LAT TX seq=4156 age_min_ms=76 age_max_ms=76
118239518800,screen,RX,4156,{},I (681410) LAT: RX seq=4156
118250645800,sensor,RTT,4156,"{""us"": 10306}",LAT RTT seq=4156 us=10306
118331520200,sensor,TX,4157,"{""age_min_ms"": 75, ""age_max_ms"": 75}",LAT TX seq=4157 age_min_ms=75 age_max_ms=75
118335953000,screen,RX,4157,{},I (681510) LAT: RX seq=4157
118350635300,sensor,RTT,4157,"{""us"": 3515}",LAT RTT seq=4157 us=3515
118431662400,sensor,TX,4158,"{""age_min_ms"": 75, ""age_max_ms"": 75}",LAT TX seq=4158 age_min_ms=75 age_max_ms=75
118441152700,screen,RX,4158,{},I (681610) LAT: RX seq=4158
118450644800,sensor,RTT,4158,"{""us"": 11049}",LAT RTT seq=4158 us=11049
118531463900,sensor,TX,4159,"{""age_min_ms"": 57, ""age_max_ms"": 57}",LAT TX seq=4159 age_min_ms=57 age_max_ms=57
118541913500,screen,RX,4159,{},I (681720) LAT: RX seq=4159
118550644300,sensor,RTT,4159,"{""us"": 12325}",LAT RTT seq=4159 us=12325
118631587700,sensor,TX,4160,"{""age_min_ms"": 75, ""age_max_ms"": 75}",LAT TX seq=4160 age_min_ms=75 age_max_ms=75
118636027600,screen,RX,4160,{},I (681810) LAT: RX seq=4160
118651671500,sensor,RTT,4160,"{""us"": 3806}",LAT RTT seq=4160 us=3806
118732598100,sensor,TX,4161,"{""age_min_ms"": 76, ""age_max_ms"": 76}",LAT TX seq=4161 age_min_ms=76 age_max_ms=76
118737392300,screen,RX,4161,{},I (681910) LAT: RX seq=4161
118752618800,sensor,RTT,4161,"{""us"": 4297}",LAT RTT seq=4161 us=4297
118833523600,sensor,TX,4162,"{""age_min_ms"": 77, ""age_max_ms"": 77}",LAT TX seq=4162 age_min_ms=77 age_max_ms=77
118837714700,screen,RX,4162,{},I (682010) LAT: RX seq=4162
118853643500,sensor,RTT,4162,"{""us"": 6550}",LAT RTT seq=4162 us=6550
118934537400,sensor,TX,4163,"{""age_min_ms"": 78, ""age_max_ms"": 78}",LAT TX seq=4163 age_min_ms=78 age_max_ms=78
118940008700,screen,RX,4163,{},I (682110) LAT: RX seq=4163
118954658000,sensor,RTT,4163,"{""us"": 5894}",LAT RTT seq=4163 us=5894
119035479600,sensor,TX,4164,"{""age_min_ms"": 12, ""age_max_ms"": 12}",LAT TX seq=4164 age_min_ms=12 age_max_ms=12
119039781200,screen,RX,4164,{},I (682210) LAT: RX seq=4164
119055664200,sensor,RTT,4164,"{""us"": 9815}",LAT RTT seq=4164 us=9815
119136492400,sensor,TX,4165,"{""age_min_ms"": 39, ""age_max_ms"": 39}",LAT TX seq=4165 age_min_ms=39 age_max_ms=39
119140582000,screen,RX,4165,{},I (682310) LAT: RX seq=4165
119156671600,sensor,RTT,4165,"{""us"": 5974}",LAT RTT seq=4165 us=5974
119237489200,sensor,TX,4166,"{""age_min_ms"": 81, ""age_max_ms"": 81}",LAT TX seq=4166 age_min_ms=81 age_max_ms=81
119242046200,screen,RX,4166,{},I (682420) LAT: RX seq=4166
119256657600,sensor,RTT,4166,"{""us"": 4925}",LAT RTT seq=4166 us=4925
119337528300,sensor,TX,4167,"{""age_min_ms"": 81, ""age_max_ms"": 81}",LAT TX seq=4167 age_min_ms=81 age_max_ms=81
119342730800,screen,RX,4167,{},I (682520) LAT: RX seq=4167
119356667800,sensor,RTT,4167,"{""us"": 12529}",LAT RTT seq=4167 us=12529
119437548200,sensor,TX,4168,"{""age_min_ms"": 81, ""age_max_ms"": 81}",LAT TX seq=4168 age_min_ms=81 age_max_ms=81
119442484700,screen,RX,4168,{},I (682620) LAT: RX seq=4168
119456655600,sensor,RTT,4168,"{""us"": 4162}",LAT RTT seq=4168 us=4162
119537496200,sensor,TX,4169,"{""age_min_ms"": 55, ""age_max_ms"": 55}",LAT TX seq=4169 age_min_ms=55 age_max_ms=55
119545494600,screen,RX,4169,{},I (682720) LAT: RX seq=4169
119556671100,sensor,RTT,4169,"{""us"": 11035}",LAT RTT seq=4169 us=11035
119637489800,sensor,TX,4170,"{""age_min_ms"": 64, ""age_max_ms"": 64}",LAT TX seq=4170 age_min_ms=64 age_max_ms=64
119642489500,screen,RX,4170,{},I (682820) LAT: RX seq=4170
119657669400,sensor,RTT,4170,"{""us"": 4138}",LAT RTT seq=4170 us=4138
119738504800,sensor,TX,4171,"{""age_min_ms"": 56, ""age_max_ms"": 56}",LAT TX seq=4171 age_min_ms=56 age_max_ms=56
119742559900,screen,RX,4171,{},I (682920) LAT: RX seq=4171
119758678700,sensor,RTT,4171,"{""us"": 3041}",LAT RTT seq=4171 us=3041
119839561300,sensor,TX,4172,"{""age_min_ms"": 66, ""age_max_ms"": 66}",LAT TX seq=4172 age_min_ms=66 age_max_ms=66
119846806600,screen,RX,4172,{},I (683020) LAT: RX seq=4172
119858643300,sensor,RTT,4172,"{""us"": 13238}",LAT RTT seq=4172 us=13238
119939500800,sensor,TX,4173,"{""age_min_ms"": 57, ""age_max_ms"": 57}",LAT TX seq=4173 age_min_ms=57 age_max_ms=57
119947522000,screen,RX,4173,{},I (683120) LAT: RX seq=4173
119958647200,sensor,RTT,4173,"{""us"": 10422}",LAT RTT seq=4173 us=10422
120039549000,sensor,TX,4174,"{""age_min_ms"": 23, ""age_max_ms"": 23}",LAT TX seq=4174 age_min_ms=23 age_max_ms=23
120047366700,screen,RX,4174,{},I (683220) LAT: RX seq=4174
120058626000,sensor,RTT,4174,"{""us"": 10089}",LAT RTT seq=4174 us=10089
120139402800,sensor,TX,4175,"{""age_min_ms"": 16, ""age_max_ms"": 16}",LAT TX seq=4175 age_min_ms=16 age_max_ms=16
120144121000,screen,RX,4175,{},I (683320) LAT: RX seq=4175
120158670200,sensor,RTT,4175,"{""us"": 10290}",LAT RTT seq=4175 us=10290
120239495800,sensor,TX,4176,"{""age_min_ms"": 64, ""age_max_ms"": 64}",LAT TX seq=4176 age_min_ms=64 age_max_ms=64
120243835700,screen,RX,4176,{},I (683420) LAT: RX seq=4176
120258673200,sensor,RTT,4176,"{""us"": 4374}",LAT RTT seq=4176 us=4374
120339491900,sensor,TX,4177,"{""age_min_ms"": 65, ""age_max_ms"": 65}",LAT TX seq=4177 age_min_ms=65 age_max_ms=65
120343664800,screen,RX,4177,{},I (683520) LAT: RX seq=4177
120358671800,sensor,RTT,4177,"{""us"": 4508}",LAT RTT seq=4177 us=4508
120439552200,sensor,TX,4178,"{""age_min_ms"": 64, ""age_max_ms"": 64}",LAT TX seq=4178 age_min_ms=64 age_max_ms=64
120444132800,screen,RX,4178,{},I (683620) LAT: RX seq=4178
120458663500,sensor,RTT,4178,"{""us"": 4365}",LAT RTT seq=4178 us=4365
120539678200,sensor,TX,4179,"{""age_min_ms"": 65, ""age_max_ms"": 65}",LAT TX seq=4179 age_min_ms=65 age_max_ms=65
120545877000,screen,RX,4179,{},I (683720) LAT: RX seq=4179
120558627500,sensor,RTT,4179,"{""us"": 6873}",LAT RTT seq=4179 us=6873
120639477700,sensor,TX,4180,"{""age_min_ms"": 65, ""age_max_ms"": 65}",LAT TX seq=4180 age_min_ms=65 age_max_ms=65
120643572300,screen,RX,4180,{},I (683820) LAT: RX seq=4180
120659685700,sensor,RTT,4180,"{""us"": 3088}",LAT RTT seq=4180 us=3088
120740580300,sensor,TX,4181,"{""age_min_ms"": 66, ""age_max_ms"": 66}",LAT TX seq=4181 age_min_ms=66 age_max_ms=66
120751639200,screen,RX,4181,{},I (683920) LAT: RX seq=4181
120760704500,sensor,RTT,4181,"{""us"": 10515}",LAT RTT seq=4181 us=10515
120841502000,sensor,TX,4182,"{""age_min_ms"": 73, ""age_max_ms"": 73}",LAT TX seq=4182 age_min_ms=73 age_max_ms=73
120853776900,screen,RX,4182,{},I (684030) LAT: RX seq=4182
120861682300,sensor,RTT,4182,"{""us"": 11245}",LAT RTT seq=4182 us=11245
120942524400,sensor,TX,4183,"{""age_min_ms"": 69, ""age_max_ms"": 69}",LAT TX seq=4183 age_min_ms=69 age_max_ms=69
120956099800,screen,RX,4183,{},I (684130) LAT: RX seq=4183
120961630700,sensor,RTT,4183,"{""us"": 15929}",LAT RTT seq=4183 us=15929
121042578300,sensor,TX,4184,"{""age_min_ms"": 33, ""age_max_ms"": 33}",LAT TX seq=4184 age_min_ms=33 age_max_ms=33
121046654700,screen,RX,4184,{},I (684220) LAT: RX seq=4184
121062671300,sensor,RTT,4184,"{""us"": 5520}",LAT RTT seq=4184 us=5520
121143560200,sensor,TX,4185,"{""age_min_ms"": 34, ""age_max_ms"": 34}",LAT TX seq=4185 age_min_ms=34 age_max_ms=34
121148500000,screen,RX,4185,{},I (684320) LAT: RX seq=4185
121162664500,sensor,RTT,4185,"{""us"": 4262}",LAT RTT seq=4185 us=4262
121243561700,sensor,TX,4186,"{""age_min_ms"": 76, ""age_max_ms"": 76}",LAT TX seq=4186 age_min_ms=76 age_max_ms=76
121249081900,screen,RX,4186,{},I (684420) LAT: RX seq=4186
121262654700,sensor,RTT,4186,"{""us"": 5341}",LAT RTT seq=4186 us=5341
121343416900,sensor,TX,4187,"{""age_min_ms"": 76, ""age_max_ms"": 76}",LAT TX seq=4187 age_min_ms=76 age_max_ms=76
121351255900,screen,RX,4187,{},I (684520) LAT: RX seq=4187
121363891100,sensor,RTT,4187,"{""us"": 7490}",LAT RTT seq=4187 us=7490
121444513100,sensor,TX,4188,"{""age_min_ms"": 70, ""age_max_ms"": 70}",LAT TX seq=4188 age_min_ms=70 age_max_ms=70
121450203700,screen,RX,4188,{},I (684620) LAT: RX seq=4188
121463640900,sensor,RTT,4188,"{""us"": 6508}",LAT RTT seq=4188 us=6508
121544549000,sensor,TX,4189,"{""age_min_ms"": 76, ""age_max_ms"": 76}",LAT TX seq=4189 age_min_ms=76 age_max_ms=76
121549745000,screen,RX,4189,{},I (684720) LAT: RX seq=4189
121563647600,sensor,RTT,4189,"{""us"": 4393}",LAT RTT seq=4189 us=4393
121644647300,sensor,TX,4190,"{""age_min_ms"": 76, ""age_max_ms"": 76}",LAT TX seq=4190 age_min_ms=76 age_max_ms=76
121649419300,screen,RX,4190,{},I (684820) LAT: RX seq=4190
121664698700,sensor,RTT,4190,"{""us"": 4515}",LAT RTT seq=4190 us=4515
121745471400,sensor,TX,4191,"{""age_min_ms"": 77, ""age_max_ms"": 77}",LAT TX seq=4191 age_min_ms=77 age_max_ms=77
121749870600,screen,RX,4191,{},I (684920) LAT: RX seq=4191
121765650400,sensor,RTT,4191,"{""us"": 4724}",LAT RTT seq=4191 us=4724
121846477300,sensor,TX,4192,"{""age_min_ms"": 73, ""age_max_ms"": 73}",LAT TX seq=4192 age_min_ms=73 age_max_ms=73
121850585200,screen,RX,4192,{},I (685020) LAT: RX seq=4192
121866647600,sensor,RTT,4192,"{""us"": 6316}",LAT RTT seq=4192 us=6316
121947626500,sensor,TX,4193,"{""age_min_ms"": 73, ""age_max_ms"": 73}",LAT TX seq=4193 age_min_ms=73 age_max_ms=73
121952163200,screen,RX,4193,{},I (685130) LAT: RX seq=4193
121966644300,sensor,RTT,4193,"{""us"": 3686}",LAT RTT seq=4193 us=3686
122047506000,sensor,TX,4194,"{""age_min_ms"": 32, ""age_max_ms"": 32}",LAT TX seq=4194 age_min_ms=32 age_max_ms=32
122056634800,screen,RX,4194,{},I (685230) LAT: RX seq=4194
122067719200,sensor,RTT,4194,"{""us"": 11505}",LAT RTT seq=4194 us=11505
122148545300,sensor,TX,4195,"{""age_min_ms"": 33, ""age_max_ms"": 33}",LAT TX seq=4195 age_min_ms=33 age_max_ms=33
122152731300,screen,RX,4195,{},I (685330) LAT: RX seq=4195
122168653300,sensor,RTT,4195,"{""us"": 6649}",LAT RTT seq=4195 us=6649
122249807100,sensor,TX,4196,"{""age_min_ms"": 67, ""age_max_ms"": 67}",LAT TX seq=4196 age_min_ms=67 age_max_ms=67
122254203300,screen,RX,4196,{},I (685430) LAT: RX seq=4196
122268666000,sensor,RTT,4196,"{""us"": 5189}",LAT RTT seq=4196 us=5189
122349512600,sensor,TX,4197,"{""age_min_ms"": 67, ""age_max_ms"": 67}",LAT TX seq=4197 age_min_ms=67 age_max_ms=67
122357645100,screen,RX,4197,{},I (685530) LAT: RX seq=4197
122368653800,sensor,RTT,4197,"{""us"": 10013}",LAT RTT seq=4197 us=10013
122449585900,sensor,TX,4198,"{""age_min_ms"": 75, ""age_max_ms"": 75}",LAT TX seq=4198 age_min_ms=75 age_max_ms=75
122453718300,screen,RX,4198,{},I (685630) LAT: RX seq=4198
122468661300,sensor,RTT,4198,"{""us"": 4582}",LAT RTT seq=4198 us=4582
122549646500,sensor,TX,4199,"{""age_min_ms"": 67, ""age_max_ms"": 67}",LAT TX seq=4199 age_min_ms=67 age_max_ms=67
122554335600,screen,RX,4199,{},I (685730) LAT: RX seq=4199
122568663100,sensor,RTT,4199,"{""us"": 6469}",LAT RTT seq=4199 us=6469
122649707500,sensor,TX,4200,"{""age_min_ms"": 67, ""age_max_ms"": 67}",LAT TX seq=4200 age_min_ms=67 age_max_ms=67
122654622500,screen,RX,4200,{},I (685830) LAT: RX seq=4200
122669642600,sensor,RTT,4200,"{""us"": 6071}",LAT RTT seq=4200 us=6071
122750489100,sensor,TX,4201,"{""age_min_ms"": 68, ""age_max_ms"": 68}",LAT TX seq=4201 age_min_ms=68 age_max_ms=68
122755465100,screen,RX,4201,{},I (685930) LAT: RX seq=4201
122770763500,sensor,RTT,4201,"{""us"": 4794}",LAT RTT seq=4201 us=4794
122851791300,sensor,TX,4202,"{""age_min_ms"": 78, ""age_max_ms"": 78}",LAT TX seq=4202 age_min_ms=78 age_max_ms=78
122856966500,screen,RX,4202,{},I (686030) LAT: RX seq=4202
122870634500,sensor,RTT,4202,"{""us"": 9708}",LAT RTT seq=4202 us=9708
122951600800,sensor,TX,4203,"{""age_min_ms"": 69, ""age_max_ms"": 69}",LAT TX seq=4203 age_min_ms=69 age_max_ms=69
122957061200,screen,RX,4203,{},I (686130) LAT: RX seq=4203
122970661200,sensor,RTT,4203,"{""us"": 5124}",LAT RTT seq=4203 us=5124
123051547000,sensor,TX,4204,"{""age_min_ms"": 37, ""age_max_ms"": 37}",LAT TX seq=4204 age_min_ms=37 age_max_ms=37
123056389300,screen,RX,4204,{},I (686230) LAT: RX seq=4204
123070640800,sensor,RTT,4204,"{""us"": 5522}",LAT RTT seq=4204 us=5522
123151806000,sensor,TX,4205,"{""age_min_ms"": 28, ""age_max_ms"": 28}",LAT TX seq=4205 age_min_ms=28 age_max_ms=28
123161699800,screen,RX,4205,{},I (686330) LAT: RX seq=4205
123171779200,sensor,RTT,4205,"{""us"": 10145}",LAT RTT seq=4205 us=10145
123252555800,sensor,TX,4206,"{""age_min_ms"": 78, ""age_max_ms"": 78}",LAT TX seq=4206 age_min_ms=78 age_max_ms=78
123258260300,screen,RX,4206,{},I (686430) LAT: RX seq=4206
123271635900,sensor,RTT,4206,"{""us"": 6901}",LAT RTT seq=4206 us=6901
123352573400,sensor,TX,4207,"{""age_min_ms"": 78, ""age_max_ms"": 78}",LAT TX seq=4207 age_min_ms=78 age_max_ms=78
123358282100,screen,RX,4207,{},I (686530) LAT: RX seq=4207
123371646300,sensor,RTT,4207,"{""us"": 8677}",LAT RTT seq=4207 us=8677
123452570200,sensor,TX,4208,"{""age_min_ms"": 78, ""age_max_ms"": 78}",LAT TX seq=4208 age_min_ms=78 age_max_ms=78
123458126200,screen,RX,4208,{},I (686630) LAT: RX seq=4208
123471661000,sensor,RTT,4208,"{""us"": 6320}",LAT RTT seq=4208 us=6320
123552497800,sensor,TX,4209,"{""age_min_ms"": 78, ""age_max_ms"": 78}",LAT TX seq=4209 age_min_ms=78 age_max_ms=78
123557311500,screen,RX,4209,{},I (686730) LAT: RX seq=4209
123571637300,sensor,RTT,4209,"{""us"": 4024}",LAT RTT seq=4209 us=4024
123652539000,sensor,TX,4210,"{""age_min_ms"": 78, ""age_max_ms"": 78}",LAT TX seq=4210 age_min_ms=78 age_max_ms=78
123658057000,screen,RX,4210,{},I (686830) LAT: RX seq=4210
123672654200,sensor,RTT,4210,"{""us"": 5760}",LAT RTT seq=4210 us=5760
123753502200,sensor,TX,4211,"{""age_min_ms"": 71, ""age_max_ms"": 71}",LAT TX seq=4211 age_min_ms=71 age_max_ms=71
123758488200,screen,RX,4211,{},I (686930) LAT: RX seq=4211
123773645400,sensor,RTT,4211,"{""us"": 6715}",LAT RTT seq=4211 us=6715
123854535300,sensor,TX,4212,"{""age_min_ms"": 80, ""age_max_ms"": 80}",LAT TX seq=4212 age_min_ms=80 age_max_ms=80
123859376200,screen,RX,4212,{},I (687030) LAT: RX seq=4212
123955713300,sensor,RTT,4212,"{""us"": 10980}",LAT RTT seq=4212 us=10980
123955713300,sensor,TX,4213,"{""age_min_ms"": 81, ""age_max_ms"": 81}",LAT TX seq=4213 age_min_ms=81 age_max_ms=81
123959769300,screen,RX,4213,{},I (687130) LAT: RX seq=4213
123974645600,sensor,RTT,4213,"{""us"": 7007}",LAT RTT seq=4213 us=7007
124055566900,sensor,TX,4214,"{""age_min_ms"": 40, ""age_max_ms"": 40}",LAT TX seq=4214 age_min_ms=40 age_max_ms=40
124059880200,screen,RX,4214,{},I (687230) LAT: RX seq=4214
124075670100,sensor,RTT,4214,"{""us"": 3343}",LAT RTT seq=4214 us=3343
124156761900,sensor,TX,4215,"{""age_min_ms"": 41, ""age_max_ms"": 41}",LAT TX seq=4215 age_min_ms=41 age_max_ms=41
124161320300,screen,RX,4215,{},I (687330) LAT: RX seq=4215
124176682000,sensor,RTT,4215,"{""us"": 4956}",LAT RTT seq=4215 us=4956
124257570300,sensor,TX,4216,"{""age_min_ms"": 83, ""age_max_ms"": 83}",LAT TX seq=4216 age_min_ms=83 age_max_ms=83
124261624400,screen,RX,4216,{},I (687430) LAT: RX seq=4216
124276652500,sensor,RTT,4216,"{""us"": 3795}",LAT RTT seq=4216 us=3795
124357578300,sensor,TX,4217,"{""age_min_ms"": 83, ""age_max_ms"": 83}",LAT TX seq=4217 age_min_ms=83 age_max_ms=83
124362648600,screen,RX,4217,{},I (687540) LAT: RX seq=4217
124376671600,sensor,RTT,4217,"{""us"": 5267}",LAT RTT seq=4217 us=5267
124457501800,sensor,TX,4218,"{""age_min_ms"": 83, ""age_max_ms"": 83}",LAT TX seq=4218 age_min_ms=83 age_max_ms=83
124462688200,screen,RX,4218,{},I (687640) LAT: RX seq=4218
124476663100,sensor,RTT,4218,"{""us"": 4348}",LAT RTT seq=4218 us=4348
124557505200,sensor,TX,4219,"{""age_min_ms"": 83, ""age_max_ms"": 83}",LAT TX seq=4219 age_min_ms=83 age_max_ms=83
124562489900,screen,RX,4219,{},I (687740) LAT: RX seq=4219
124576709000,sensor,RTT,4219,"{""us"": 4012}",LAT RTT seq=4219 us=4012
124657487800,sensor,TX,4220,"{""age_min_ms"": 83, ""age_max_ms"": 83}",LAT TX seq=4220 age_min_ms=83 age_max_ms=83
124662249200,screen,RX,4220,{},I (687840) LAT: RX seq=4220
124677680900,sensor,RTT,4220,"{""us"": 6517}",LAT RTT seq=4220 us=6517
124758531500,sensor,TX,4221,"{""age_min_ms"": 84, ""age_max_ms"": 84}",LAT TX seq=4221 age_min_ms=84 age_max_ms=84
124762557400,screen,RX,4221,{},I (687940) LAT: RX seq=4221
124777671800,sensor,RTT,4221,"{""us"": 5572}",LAT RTT seq=4221 us=5572
124858499300,sensor,TX,4222,"{""age_min_ms"": 84, ""age_max_ms"": 84}",LAT TX seq=4222 age_min_ms=84 age_max_ms=84
124862637500,screen,RX,4222,{},I (688040) LAT: RX seq=4222
124878694900,sensor,RTT,4222,"{""us"": 5887}",LAT RTT seq=4222 us=5887
124959818100,sensor,TX,4223,"{""age_min_ms"": 85, ""age_max_ms"": 85}",LAT TX seq=4223 age_min_ms=85 age_max_ms=85
124964276200,screen,RX,4223,{},I (688140) LAT: RX seq=4223
124978688100,sensor,RTT,4223,"{""us"": 4020}",LAT RTT seq=4223 us=4020
125059617900,sensor,TX,4224,"{""age_min_ms"": 45, ""age_max_ms"": 45}",LAT TX seq=4224 age_min_ms=45 age_max_ms=45
125064191500,screen,RX,4224,{},I (688240) LAT: RX seq=4224
125079687900,sensor,RTT,4224,"{""us"": 4078}",LAT RTT seq=4224 us=4078
125161324100,sensor,TX,4225,"{""age_min_ms"": 37, ""age_max_ms"": 37}",LAT TX seq=4225 age_min_ms=37 age_max_ms=37
125164562700,screen,RX,4225,{},I (688340) LAT: RX seq=4225
125180659900,sensor,RTT,4225,"{""us"": 3245}",LAT RTT seq=4225 us=3245
125261546500,sensor,TX,4226,"{""age_min_ms"": 79, ""age_max_ms"": 79}",LAT TX seq=4226 age_min_ms=79 age_max_ms=79
125268669700,screen,RX,4226,{},I (688440) LAT: RX seq=4226
125281707600,sensor,RTT,4226,"{""us"": 8560}",LAT RTT seq=4226 us=8560
125362512500,sensor,TX,4227,"{""age_min_ms"": 89, ""age_max_ms"": 89}",LAT TX seq=4227 age_min_ms=89 age_max_ms=89
125366629100,screen,RX,4227,{},I (688540) LAT: RX seq=4227
125381658400,sensor,RTT,4227,"{""us"": 6787}",LAT RTT seq=4227 us=6787
125462558100,sensor,TX,4228,"{""age_min_ms"": 80, ""age_max_ms"": 80}",LAT TX seq=4228 age_min_ms=80 age_max_ms=80
125471531600,screen,RX,4228,{},I (688640) LAT: RX seq=4228
125481659900,sensor,RTT,4228,"{""us"": 10989}",LAT RTT seq=4228 us=10989
125562512200,sensor,TX,4229,"{""age_min_ms"": 89, ""age_max_ms"": 89}",LAT TX seq=4229 age_min_ms=89 age_max_ms=89
125568682900,screen,RX,4229,{},I (688740) LAT: RX seq=4229
125581643500,sensor,RTT,4229,"{""us"": 5726}",LAT RTT seq=4229 us=5726
125662654900,sensor,TX,4230,"{""age_min_ms"": 80, ""age_max_ms"": 80}",LAT TX seq=4230 age_min_ms=80 age_max_ms=80
125668242400,screen,RX,4230,{},I (688840) LAT: RX seq=4230
125682652100,sensor,RTT,4230,"{""us"": 9374}",LAT RTT seq=4230 us=9374
125763494900,sensor,TX,4231,"{""age_min_ms"": 81, ""age_max_ms"": 81}",LAT TX seq=4231 age_min_ms=81 age_max_ms=81
125768550500,screen,RX,4231,{},I (688940) LAT: RX seq=4231
125783681700,sensor,RTT,4231,"{""us"": 4836}",LAT RTT seq=4231 us=4836
125864770000,sensor,TX,4232,"{""age_min_ms"": 82, ""age_max_ms"": 82}",LAT TX seq=4232 age_min_ms=82 age_max_ms=82
125881261100,screen,RX,4232,{},I (689050) LAT: RX seq=4232
125904675900,sensor,RTT,4232,"{""us"": 23450}",LAT RTT seq=4232 us=23450
125965568900,sensor,TX,4233,"{""age_min_ms"": 83, ""age_max_ms"": 83}",LAT TX seq=4233 age_min_ms=83 age_max_ms=83
125970350300,screen,RX,4233,{},I (689140) LAT: RX seq=4233
125984698400,sensor,RTT,4233,"{""us"": 4954}",LAT RTT seq=4233 us=4954
126065498900,sensor,TX,4234,"{""age_min_ms"": 42, ""age_max_ms"": 42}",LAT TX seq=4234 age_min_ms=42 age_max_ms=42
126070516300,screen,RX,4234,{},I (689240) LAT: RX seq=4234
126085668200,sensor,RTT,4234,"{""us"": 10306}",LAT RTT seq=4234 us=10306
126166537700,sensor,TX,4235,"{""age_min_ms"": 43, ""age_max_ms"": 43}",LAT TX seq=4235 age_min_ms=43 age_max_ms=43
126171555100,screen,RX,4235,{},I (689340) LAT: RX seq=4235
126186664000,sensor,RTT,4235,"{""us"": 4782}",LAT RTT seq=4235 us=4782
126267499500,sensor,TX,4236,"{""age_min_ms"": 94, ""age_max_ms"": 94}",LAT TX seq=4236 age_min_ms=94 age_max_ms=94
126273566400,screen,RX,4236,{},I (689450) LAT: RX seq=4236
126286700600,sensor,RTT,4236,"{""us"": 8829}",LAT RTT seq=4236 us=8829
126367746300,sensor,TX,4237,"{""age_min_ms"": 85, ""age_max_ms"": 85}",LAT TX seq=4237 age_min_ms=85 age_max_ms=85
126371744100,screen,RX,4237,{},I (689550) LAT: RX seq=4237
126386701400,sensor,RTT,4237,"{""us"": 5516}",LAT RTT seq=4237 us=5516
126467616600,sensor,TX,4238,"{""age_min_ms"": 92, ""age_max_ms"": 92}",LAT TX seq=4238 age_min_ms=92 age_max_ms=92
126473085000,screen,RX,4238,{},I (689650) LAT: RX seq=4238
126486710100,sensor,RTT,4238,"{""us"": 5693}",LAT RTT seq=4238 us=5693
126567507800,sensor,TX,4239,"{""age_min_ms"": 85, ""age_max_ms"": 85}",LAT TX seq=4239 age_min_ms=85 age_max_ms=85
126575517100,screen,RX,4239,{},I (689750) LAT: RX seq=4239
126586781900,sensor,RTT,4239,"{""us"": 11142}",LAT RTT seq=4239 us=11142
126667566200,sensor,TX,4240,"{""age_min_ms"": 85, ""age_max_ms"": 85}",LAT TX seq=4240 age_min_ms=85 age_max_ms=85
126675787400,screen,RX,4240,{},I (689850) LAT: RX seq=4240
126687756100,sensor,RTT,4240,"{""us"": 11596}",LAT RTT seq=4240 us=11596
126768488100,sensor,TX,4241,"{""age_min_ms"": 86, ""age_max_ms"": 86}",LAT TX seq=4241 age_min_ms=86 age_max_ms=86
126774342000,screen,RX,4241,{},I (689950) LAT: RX seq=4241
126787676200,sensor,RTT,4241,"{""us"": 12078}",LAT RTT seq=4241 us=12078
126868513400,sensor,TX,4242,"{""age_min_ms"": 86, ""age_max_ms"": 86}",LAT TX seq=4242 age_min_ms=86 age_max_ms=86
126875489500,screen,RX,4242,{},I (690050) LAT: RX seq=4242
126888717600,sensor,RTT,4242,"{""us"": 8112}",LAT RTT seq=4242 us=8112
126969542800,sensor,TX,4243,"{""age_min_ms"": 87, ""age_max_ms"": 87}",LAT TX seq=4243 age_min_ms=87 age_max_ms=87
126977619700,screen,RX,4243,{},I (690150) LAT: RX seq=4243
126988658100,sensor,RTT,4243,"{""us"": 11328}",LAT RTT seq=4243 us=11328
127069545200,sensor,TX,4244,"{""age_min_ms"": 46, ""age_max_ms"": 46}",LAT TX seq=4244 age_min_ms=46 age_max_ms=46
127074387600,screen,RX,4244,{},I (690250) LAT: RX seq=4244
127089654400,sensor,RTT,4244,"{""us"": 4126}",LAT RTT seq=4244 us=4126
127170851800,sensor,TX,4245,"{""age_min_ms"": 47, ""age_max_ms"": 47}",LAT TX seq=4245 age_min_ms=47 age_max_ms=47
127174658700,screen,RX,4245,{},I (690350) LAT: RX seq=4245
127190662200,sensor,RTT,4245,"{""us"": 8372}",LAT RTT seq=4245 us=8372
127271513900,sensor,TX,4246,"{""age_min_ms"": 97, ""age_max_ms"": 97}",LAT TX seq=4246 age_min_ms=97 age_max_ms=97
127276484100,screen,RX,4246,{},I (690450) LAT: RX seq=4246
127290712900,sensor,RTT,4246,"{""us"": 7478}",LAT RTT seq=4246 us=7478
127371966100,sensor,TX,4247,"{""age_min_ms"": 89, ""age_max_ms"": 89}",LAT TX seq=4247 age_min_ms=89 age_max_ms=89
127376481300,screen,RX,4247,{},I (690550) LAT: RX seq=4247
127390663200,sensor,RTT,4247,"{""us"": 4896}",LAT RTT seq=4247 us=4896
127471702700,sensor,TX,4248,"{""age_min_ms"": 4, ""age_max_ms"": 4}",LAT TX seq=4248 age_min_ms=4 age_max_ms=4
127476323600,screen,RX,4248,{},I (690650) LAT: RX seq=4248
127490851400,sensor,RTT,4248,"{""us"": 7680}",LAT RTT seq=4248 us=7680
127571692600,sensor,TX,4249,"{""age_min_ms"": 104, ""age_max_ms"": 104}",LAT TX seq=4249 age_min_ms=104 age_max_ms=104
127578853300,screen,RX,4249,{},I (690750) LAT: RX seq=4249
127590690400,sensor,RTT,4249,"{""us"": 13394}",LAT RTT seq=4249 us=13394
127671819900,sensor,TX,4250,"{""age_min_ms"": 3, ""age_max_ms"": 3}",LAT TX seq=4250 age_min_ms=3 age_max_ms=3
127676354900,screen,RX,4250,{},I (690850) LAT: RX seq=4250
127691652300,sensor,RTT,4250,"{""us"": 4073}",LAT RTT seq=4250 us=4073
127772516700,sensor,TX,4251,"{""age_min_ms"": 104, ""age_max_ms"": 104}",LAT TX seq=4251 age_min_ms=104 age_max_ms=104
127776890900,screen,RX,4251,{},I (690950) LAT: RX seq=4251
127791684600,sensor,RTT,4251,"{""us"": 8333}",LAT RTT seq=4251 us=8333
127872562700,sensor,TX,4252,"{""age_min_ms"": 98, ""age_max_ms"": 98}",LAT TX seq=4252 age_min_ms=98 age_max_ms=98
127877140800,screen,RX,4252,{},I (691050) LAT: RX seq=4252
127891699100,sensor,RTT,4252,"{""us"": 3887}",LAT RTT seq=4252 us=3887
127972564100,sensor,TX,4253,"{""age_min_ms"": 98, ""age_max_ms"": 98}",LAT TX seq=4253 age_min_ms=98 age_max_ms=98
127976883400,screen,RX,4253,{},I (691150) LAT: RX seq=4253
127991499800,sensor,RTT,4253,"{""us"": 4233}",LAT RTT seq=4253 us=4233
128072505000,sensor,TX,4254,"{""age_min_ms"": 49, ""age_max_ms"": 49}",LAT TX seq=4254 age_min_ms=49 age_max_ms=49
128078954900,screen,RX,4254,{},I (691250) LAT: RX seq=4254
128091647300,sensor,RTT,4254,"{""us"": 12218}",LAT RTT seq=4254 us=12218
128172569200,sensor,TX,4255,"{""age_min_ms"": 49, ""age_max_ms"": 49}",LAT TX seq=4255 age_min_ms=49 age_max_ms=49
128176733600,screen,RX,4255,{},I (691350) LAT: RX seq=4255
128272754500,sensor,RTT,4255,"{""us"": 3511}",LAT RTT seq=4255 us=3511
128272754500,sensor,TX,4256,"{""age_min_ms"": 98, ""age_max_ms"": 98}",LAT TX seq=4256 age_min_ms=98 age_max_ms=98
128276637700,screen,RX,4256,{},I (691450) LAT: RX seq=4256
128291688900,sensor,RTT,4256,"{""us"": 6174}",LAT RTT seq=4256 us=6174
128372581400,sensor,TX,4257,"{""age_min_ms"": 98, ""age_max_ms"": 98}",LAT TX seq=4257 age_min_ms=98 age_max_ms=98
128378533400,screen,RX,4257,{},I (691550) LAT: RX seq=4257
128391695800,sensor,RTT,4257,"{""us"": 5074}",LAT RTT seq=4257 us=5074
128472512400,sensor,TX,4258,"{""age_min_ms"": 98, ""age_max_ms"": 98}",LAT TX seq=4258 age_min_ms=98 age_max_ms=98
128477518700,screen,RX,4258,{},I (691650) LAT: RX seq=4258
128491675800,sensor,RTT,4258,"{""us"": 4398}",LAT RTT seq=4258 us=4398
128572585200,sensor,TX,4259,"{""age_min_ms"": 98, ""age_max_ms"": 98}",LAT TX seq=4259 age_min_ms=98 age_max_ms=98
128578123100,screen,RX,4259,{},I (691750) LAT: RX seq=4259
128591669700,sensor,RTT,4259,"{""us"": 13237}",LAT RTT seq=4259 us=13237
128672584400,sensor,TX,4260,"{""age_min_ms"": 98, ""age_max_ms"": 98}",LAT TX seq=4260 age_min_ms=98 age_max_ms=98
128677737600,screen,RX,4260,{},I (691850) LAT: RX seq=4260
128692705500,sensor,RTT,4260,"{""us"": 4910}",LAT RTT seq=4260 us=4910
128773519800,sensor,TX,4261,"{""age_min_ms"": 99, ""age_max_ms"": 99}",LAT TX seq=4261 age_min_ms=99 age_max_ms=99
128777648100,screen,RX,4261,{},I (691950) LAT: RX seq=4261
128792666400,sensor,RTT,4261,"{""us"": 3427}",LAT RTT seq=4261 us=3427
128873560000,sensor,TX,4262,"{""age_min_ms"": 91, ""age_max_ms"": 91}",LAT TX seq=4262 age_min_ms=91 age_max_ms=91
128877581200,screen,RX,4262,{},I (692050) LAT: RX seq=4262
128892671200,sensor,RTT,4262,"{""us"": 10818}",LAT RTT seq=4262 us=10818
128973506400,sensor,TX,4263,"{""age_min_ms"": 91, ""age_max_ms"": 91}",LAT TX seq=4263 age_min_ms=91 age_max_ms=91
128977739500,screen,RX,4263,{},I (692150) LAT: RX seq=4263
128992561900,sensor,RTT,4263,"{""us"": 5232}",LAT RTT seq=4263 us=5232
129073581600,sensor,TX,4264,"{""age_min_ms"": 57, ""age_max_ms"": 57}",LAT TX seq=4264 age_min_ms=57 age_max_ms=57
129077924100,screen,RX,4264,{},I (692250) LAT: RX seq=4264
129092520000,sensor,RTT,4264,"{""us"": 6780}",LAT RTT seq=4264 us=6780
129173582700,sensor,TX,4265,"{""age_min_ms"": 57, ""age_max_ms"": 57}",LAT TX seq=4265 age_min_ms=57 age_max_ms=57
129177888900,screen,RX,4265,{},I (692350) LAT: RX seq=4265
129193706000,sensor,RTT,4265,"{""us"": 6665}",LAT RTT seq=4265 us=6665
129274666800,sensor,TX,4266,"{""age_min_ms"": 0, ""age_max_ms"": 0}",LAT TX seq=4266 age_min_ms=0 age_max_ms=0
129279480500,screen,RX,4266,{},I (692450) LAT: RX seq=4266
129294668900,sensor,RTT,4266,"{""us"": 5681}",LAT RTT seq=4266 us=5681
129375565800,sensor,TX,4267,"{""age_min_ms"": 20, ""age_max_ms"": 20}",LAT TX seq=4267 age_min_ms=20 age_max_ms=20
129379986600,screen,RX,4267,{},I (692550) LAT: RX seq=4267
129394664800,sensor,RTT,4267,"{""us"": 3716}",LAT RTT seq=4267 us=3716
129475567100,sensor,TX,4268,"{""age_min_ms"": 21, ""age_max_ms"": 21}",LAT TX seq=4268 age_min_ms=21 age_max_ms=21
129481086700,screen,RX,4268,{},I (692650) LAT: RX seq=4268
129494669600,sensor,RTT,4268,"{""us"": 13001}",LAT RTT seq=4268 us=13001
129575730100,sensor,TX,4269,"{""age_min_ms"": 21, ""age_max_ms"": 21}",LAT TX seq=4269 age_min_ms=21 age_max_ms=21
129579871900,screen,RX,4269,{},I (692750) LAT: RX seq=4269
129595511000,sensor,RTT,4269,"{""us"": 4854}",LAT RTT seq=4269 us=4854
129676615500,sensor,TX,4270,"{""age_min_ms"": 122, ""age_max_ms"": 122}",LAT TX seq=4270 age_min_ms=122 age_max_ms=122
129777605100,sensor,TX,4271,"{""age_min_ms"": 23, ""age_max_ms"": 23}",LAT TX seq=4271 age_min_ms=23 age_max_ms=23
129784280700,screen,RX,4271,{},I (692960) LAT: RX seq=4271
129796668300,sensor,RTT,4271,"{""us"": 8257}",LAT RTT seq=4271 us=8257
129877566300,sensor,TX,4272,"{""age_min_ms"": 18, ""age_max_ms"": 18}",LAT TX seq=4272 age_min_ms=18 age_max_ms=18
129881833200,screen,RX,4272,{},I (693060) LAT: RX seq=4272
129897685900,sensor,RTT,4272,"{""us"": 3857}",LAT RTT seq=4272 us=3857
129978656200,sensor,TX,4273,"{""age_min_ms"": 119, ""age_max_ms"": 119}",LAT TX seq=4273 age_min_ms=119 age_max_ms=119
129984845400,screen,RX,4273,{},I (693160) LAT: RX seq=4273
129997650800,sensor,RTT,4273,"{""us"": 9296}",LAT RTT seq=4273 us=9296
130078482000,sensor,TX,4274,"{""age_min_ms"": 83, ""age_max_ms"": 83}",LAT TX seq=4274 age_min_ms=83 age_max_ms=83
130083497300,screen,RX,4274,{},I (693260) LAT: RX seq=4274
130097595000,sensor,RTT,4274,"{""us"": 5597}",LAT RTT seq=4274 us=5597
130178593700,sensor,TX,4275,"{""age_min_ms"": 24, ""age_max_ms"": 24}",LAT TX seq=4275 age_min_ms=24 age_max_ms=24
130183483900,screen,RX,4275,{},I (693360) LAT: RX seq=4275
130198679400,sensor,RTT,4275,"{""us"": 6018}",LAT RTT seq=4275 us=6018
130279582900,sensor,TX,4276,"{""age_min_ms"": 11, ""age_max_ms"": 11}",LAT TX seq=4276 age_min_ms=11 age_max_ms=11
130283679000,screen,RX,4276,{},I (693460) LAT: RX seq=4276
130298652300,sensor,RTT,4276,"{""us"": 3171}",LAT RTT seq=4276 us=3171
130379742700,sensor,TX,4277,"{""age_min_ms"": 6, ""age_max_ms"": 6}",LAT TX seq=4277 age_min_ms=6 age_max_ms=6
130383554100,screen,RX,4277,{},I (693560) LAT: RX seq=4277
130398662100,sensor,RTT,4277,"{""us"": 4035}",LAT RTT seq=4277 us=4035
130479512600,sensor,TX,4278,"{""age_min_ms"": 11, ""age_max_ms"": 11}",LAT TX seq=4278 age_min_ms=11 age_max_ms=11
130483729200,screen,RX,4278,{},I (693660) LAT: RX seq=4278
130498675700,sensor,RTT,4278,"{""us"": 4269}",LAT RTT seq=4278 us=4269
130579707700,sensor,TX,4279,"{""age_min_ms"": 5, ""age_max_ms"": 5}",LAT TX seq=4279 age_min_ms=5 age_max_ms=5
130583582500,screen,RX,4279,{},I (693760) LAT: RX seq=4279
130598663500,sensor,RTT,4279,"{""us"": 4114}",LAT RTT seq=4279 us=4114
130679800700,sensor,TX,4280,"{""age_min_ms"": 25, ""age_max_ms"": 25}",LAT TX seq=4280 age_min_ms=25 age_max_ms=25
130683842600,screen,RX,4280,{},I (693860) LAT: RX seq=4280
130699623200,sensor,RTT,4280,"{""us"": 6382}",LAT RTT seq=4280 us=6382
130780578000,sensor,TX,4281,"{""age_min_ms"": 7, ""age_max_ms"": 7}",LAT TX seq=4281 age_min_ms=7 age_max_ms=7
130786050200,screen,RX,4281,{},I (693960) LAT: RX seq=4281
130800664600,sensor,RTT,4281,"{""us"": 5206}",LAT RTT seq=4281 us=5206
130881538800,sensor,TX,4282,"{""age_min_ms"": 8, ""age_max_ms"": 8}",LAT TX seq=4282 age_min_ms=8 age_max_ms=8
130886061800,screen,RX,4282,{},I (694060) LAT: RX seq=4282
130901648100,sensor,RTT,4282,"{""us"": 5182}",LAT RTT seq=4282 us=5182
130982778900,sensor,TX,4283,"{""age_min_ms"": 109, ""age_max_ms"": 109}",LAT TX seq=4283 age_min_ms=109 age_max_ms=109
130988574000,screen,RX,4283,{},I (694160) LAT: RX seq=4283
131001639100,sensor,RTT,4283,"{""us"": 7006}",LAT RTT seq=4283 us=7006
131082533800,sensor,TX,4284,"{""age_min_ms"": 68, ""age_max_ms"": 68}",LAT TX seq=4284 age_min_ms=68 age_max_ms=68
131086719600,screen,RX,4284,{},I (694260) LAT: RX seq=4284
131102653300,sensor,RTT,4284,"{""us"": 5486}",LAT RTT seq=4284 us=5486
131183697000,sensor,TX,4285,"{""age_min_ms"": 10, ""age_max_ms"": 10}",LAT TX seq=4285 age_min_ms=10 age_max_ms=10
131188106200,screen,RX,4285,{},I (694360) LAT: RX seq=4285
131203709500,sensor,RTT,4285,"{""us"": 3589}",LAT RTT seq=4285 us=3589
131284506000,sensor,TX,4286,"{""age_min_ms"": 10, ""age_max_ms"": 10}",LAT TX seq=4286 age_min_ms=10 age_max_ms=10
131292721000,screen,RX,4286,{},I (694470) LAT: RX seq=4286
131303646600,sensor,RTT,4286,"{""us"": 8322}",LAT RTT seq=4286 us=8322
131384508300,sensor,TX,4287,"{""age_min_ms"": 10, ""age_max_ms"": 10}",LAT TX seq=4287 age_min_ms=10 age_max_ms=10
131388631500,screen,RX,4287,{},I (694560) LAT: RX seq=4287
131403625500,sensor,RTT,4287,"{""us"": 4358}",LAT RTT seq=4287 us=4358
131484499600,sensor,TX,4288,"{""age_min_ms"": 10, ""age_max_ms"": 10}",LAT TX seq=4288 age_min_ms=10 age_max_ms=10
131490484400,screen,RX,4288,{},I (694660) LAT: RX seq=4288
131503666500,sensor,RTT,4288,"{""us"": 4649}",LAT RTT seq=4288 us=4649
131584515600,sensor,TX,4289,"{""age_min_ms"": 11, ""age_max_ms"": 11}",LAT TX seq=4289 age_min_ms=11 age_max_ms=11
131589518800,screen,RX,4289,{},I (694760) LAT: RX seq=4289
131603671400,sensor,RTT,4289,"{""us"": 4060}",LAT RTT seq=4289 us=4060
131684752900,sensor,TX,4290,"{""age_min_ms"": 2, ""age_max_ms"": 2}",LAT TX seq=4290 age_min_ms=2 age_max_ms=2
131689504100,screen,RX,4290,{},I (694860) LAT: RX seq=4290
131704698700,sensor,RTT,4290,"{""us"": 4302}",LAT RTT seq=4290 us=4302
131785541300,sensor,TX,4291,"{""age_min_ms"": 12, ""age_max_ms"": 12}",LAT TX seq=4291 age_min_ms=12 age_max_ms=12
131789704300,screen,RX,4291,{},I (694960) LAT: RX seq=4291
131805679200,sensor,RTT,4291,"{""us"": 3563}",LAT RTT seq=4291 us=3563
131891422100,screen,RX,4292,{},I (695060) LAT: RX seq=4292
131906807000,sensor,TX,4292,"{""age_min_ms"": 12, ""age_max_ms"": 12}",LAT TX seq=4292 age_min_ms=12 age_max_ms=12
131906807000,sensor,RTT,4292,"{""us"": 4805}",LAT RTT seq=4292 us=4805
131987681600,sensor,TX,4293,"{""age_min_ms"": 113, ""age_max_ms"": 113}",LAT TX seq=4293 age_min_ms=113 age_max_ms=113
131992208600,screen,RX,4293,{},I (695170) LAT: RX seq=4293
132006651000,sensor,RTT,4293,"{""us"": 3706}",LAT RTT seq=4293 us=3706
132087509200,sensor,TX,4294,"{""age_min_ms"": 73, ""age_max_ms"": 73}",LAT TX seq=4294 age_min_ms=73 age_max_ms=73
132091763000,screen,RX,4294,{},I (695260) LAT: RX seq=4294
132107638300,sensor,RTT,4294,"{""us"": 4127}",LAT RTT seq=4294 us=4127
132188606000,sensor,TX,4295,"{""age_min_ms"": 15, ""age_max_ms"": 15}",LAT TX seq=4295 age_min_ms=15 age_max_ms=15
132193501500,screen,RX,4295,{},I (695370) LAT: RX seq=4295
132208816000,sensor,RTT,4295,"{""us"": 4307}",LAT RTT seq=4295 us=4307
132289562700,sensor,TX,4296,"{""age_min_ms"": 16, ""age_max_ms"": 16}",LAT TX seq=4296 age_min_ms=16 age_max_ms=16
132294010000,screen,RX,4296,{},I (695470) LAT: RX seq=4296
132309715900,sensor,RTT,4296,"{""us"": 4426}",LAT RTT seq=4296 us=4426
132390801100,sensor,TX,4297,"{""age_min_ms"": 8, ""age_max_ms"": 8}",LAT TX seq=4297 age_min_ms=8 age_max_ms=8
132396266500,screen,RX,4297,{},I (695570) LAT: RX seq=4297
132409677900,sensor,RTT,4297,"{""us"": 6005}",LAT RTT seq=4297 us=6005
132490572400,sensor,TX,4298,"{""age_min_ms"": 8, ""age_max_ms"": 8}",LAT TX seq=4298 age_min_ms=8 age_max_ms=8
132495241500,screen,RX,4298,{},I (695670) LAT: RX seq=4298
132509685200,sensor,RTT,4298,"{""us"": 5561}",LAT RTT seq=4298 us=5561
132590492200,sensor,TX,4299,"{""age_min_ms"": 8, ""age_max_ms"": 8}",LAT TX seq=4299 age_min_ms=8 age_max_ms=8
132594715100,screen,RX,4299,{},I (695770) LAT: RX seq=4299
132609662000,sensor,RTT,4299,"{""us"": 3756}",LAT RTT seq=4299 us=3756
132690621600,sensor,TX,4300,"{""age_min_ms"": 8, ""age_max_ms"": 8}",LAT TX seq=4300 age_min_ms=8 age_max_ms=8
132696889600,screen,RX,4300,{},I (695870) LAT: RX seq=4300
132710686300,sensor,RTT,4300,"{""us"": 6250}",LAT RTT seq=4300 us=6250
132791508100,sensor,TX,4301,"{""age_min_ms"": 18, ""age_max_ms"": 18}",LAT TX seq=4301 age_min_ms=18 age_max_ms=18
132796718600,screen,RX,4301,{},I (695970) LAT: RX seq=4301
132811667500,sensor,RTT,4301,"{""us"": 7749}",LAT RTT seq=4301 us=7749
132892560300,sensor,TX,4302,"{""age_min_ms"": 19, ""age_max_ms"": 19}",LAT TX seq=4302 age_min_ms=19 age_max_ms=19
132897012200,screen,RX,4302,{},I (696070) LAT: RX seq=4302
132912702500,sensor,RTT,4302,"{""us"": 3957}",LAT RTT seq=4302 us=3957
132993490200,sensor,TX,4303,"{""age_min_ms"": 120, ""age_max_ms"": 120}",LAT TX seq=4303 age_min_ms=120 age_max_ms=120
132998935600,screen,RX,4303,{},I (696170) LAT: RX seq=4303
133012700100,sensor,RTT,4303,"{""us"": 5421}",LAT RTT seq=4303 us=5421
133093755500,sensor,TX,4304,"{""age_min_ms"": 79, ""age_max_ms"": 79}",LAT TX seq=4304 age_min_ms=79 age_max_ms=79
133100808300,screen,RX,4304,{},I (696270) LAT: RX seq=4304
133112681600,sensor,RTT,4304,"{""us"": 8012}",LAT RTT seq=4304 us=8012
133193506300,sensor,TX,4305,"{""age_min_ms"": 11, ""age_max_ms"": 11}",LAT TX seq=4305 age_min_ms=11 age_max_ms=11
133209654200,screen,RX,4305,{},I (696380) LAT: RX seq=4305
133212761900,sensor,RTT,4305,"{""us"": 15959}",LAT RTT seq=4305 us=15959
133293602600,sensor,TX,4306,"{""age_min_ms"": 11, ""age_max_ms"": 11}",LAT TX seq=4306 age_min_ms=11 age_max_ms=11
133307514200,screen,RX,4306,{},I (696480) LAT: RX seq=4306
133312710000,sensor,RTT,4306,"{""us"": 14439}",LAT RTT seq=4306 us=14439
133393501600,sensor,TX,4307,"{""age_min_ms"": 11, ""age_max_ms"": 11}",LAT TX seq=4307 age_min_ms=11 age_max_ms=11
133398016600,screen,RX,4307,{},I (696570) LAT: RX seq=4307
133412657200,sensor,RTT,4307,"{""us"": 7203}",LAT RTT seq=4307 us=7203
133493486400,sensor,TX,4308,"{""age_min_ms"": 19, ""age_max_ms"": 19}",LAT TX seq=4308 age_min_ms=19 age_max_ms=19
133500506700,screen,RX,4308,{},I (696670) LAT: RX seq=4308
133512728600,sensor,RTT,4308,"{""us"": 6476}",LAT RTT seq=4308 us=6476
133593556800,sensor,TX,4309,"{""age_min_ms"": 11, ""age_max_ms"": 11}",LAT TX seq=4309 age_min_ms=11 age_max_ms=11
133597747600,screen,RX,4309,{},I (696770) LAT: RX seq=4309
133612696100,sensor,RTT,4309,"{""us"": 4554}",LAT RTT seq=4309 us=4554
133693770800,sensor,TX,4310,"{""age_min_ms"": 11, ""age_max_ms"": 11}",LAT TX seq=4310 age_min_ms=11 age_max_ms=11
133697653700,screen,RX,4310,{},I (696870) LAT: RX seq=4310
133713699500,sensor,RTT,4310,"{""us"": 3431}",LAT RTT seq=4310 us=3431
133794799500,sensor,TX,4311,"{""age_min_ms"": 12, ""age_max_ms"": 12}",LAT TX seq=4311 age_min_ms=12 age_max_ms=12
133799518800,screen,RX,4311,{},I (696970) LAT: RX seq=4311
133814741500,sensor,RTT,4311,"{""us"": 4365}",LAT RTT seq=4311 us=4365
133895494000,sensor,TX,4312,"{""age_min_ms"": 13, ""age_max_ms"": 13}",LAT TX seq=4312 age_min_ms=13 age_max_ms=13
133901550300,screen,RX,4312,{},I (697070) LAT: RX seq=4312
133915667300,sensor,RTT,4312,"{""us"": 5805}",LAT RTT seq=4312 us=5805
133996557500,sensor,TX,4313,"{""age_min_ms"": 114, ""age_max_ms"": 114}",LAT TX seq=4313 age_min_ms=114 age_max_ms=114
134001415400,screen,RX,4313,{},I (697170) LAT: RX seq=4313
134015717600,sensor,RTT,4313,"{""us"": 3973}",LAT RTT seq=4313 us=3973
134096594200,sensor,TX,4314,"{""age_min_ms"": 82, ""age_max_ms"": 82}",LAT TX seq=4314 age_min_ms=82 age_max_ms=82
134100731000,screen,RX,4314,{},I (697270) LAT: RX seq=4314
134116721700,sensor,RTT,4314,"{""us"": 3764}",LAT RTT seq=4314 us=3764
134197571400,sensor,TX,4315,"{""age_min_ms"": 15, ""age_max_ms"": 15}",LAT TX seq=4315 age_min_ms=15 age_max_ms=15
134202417500,screen,RX,4315,{},I (697370) LAT: RX seq=4315
134216710100,sensor,RTT,4315,"{""us"": 5478}",LAT RTT seq=4315 us=5478
134297586700,sensor,TX,4316,"{""age_min_ms"": 15, ""age_max_ms"": 15}",LAT TX seq=4316 age_min_ms=15 age_max_ms=15
134302501600,screen,RX,4316,{},I (697480) LAT: RX seq=4316
134316685500,sensor,RTT,4316,"{""us"": 9676}",LAT RTT seq=4316 us=9676
134397523600,sensor,TX,4317,"{""age_min_ms"": 15, ""age_max_ms"": 15}",LAT TX seq=4317 age_min_ms=15 age_max_ms=15
134402490400,screen,RX,4317,{},I (697580) LAT: RX seq=4317
134416720400,sensor,RTT,4317,"{""us"": 5069}",LAT RTT seq=4317 us=5069
134497578300,sensor,TX,4318,"{""age_min_ms"": 15, ""age_max_ms"": 15}",LAT TX seq=4318 age_min_ms=15 age_max_ms=15
134502262500,screen,RX,4318,{},I (697680) LAT: RX seq=4318
134516692700,sensor,RTT,4318,"{""us"": 4089}",LAT RTT seq=4318 us=4089
134597648200,sensor,TX,4319,"{""age_min_ms"": 15, ""age_max_ms"": 15}",LAT TX seq=4319 age_min_ms=15 age_max_ms=15
134602034900,screen,RX,4319,{},I (697780) LAT: RX seq=4319
134616742100,sensor,RTT,4319,"{""us"": 5105}",LAT RTT seq=4319 us=5105
134697628700,sensor,TX,4320,"{""age_min_ms"": 15, ""age_max_ms"": 15}",LAT TX seq=4320 age_min_ms=15 age_max_ms=15
134701794800,screen,RX,4320,{},I (697880) LAT: RX seq=4320
134717692200,sensor,RTT,4320,"{""us"": 3305}",LAT RTT seq=4320 us=3305
134798522900,sensor,TX,4321,"{""age_min_ms"": 16, ""age_max_ms"": 16}",LAT TX seq=4321 age_min_ms=16 age_max_ms=16
134802584500,screen,RX,4321,{},I (697980) LAT: RX seq=4321
134818696700,sensor,RTT,4321,"{""us"": 3968}",LAT RTT seq=4321 us=3968
134899507500,sensor,TX,4322,"{""age_min_ms"": 17, ""age_max_ms"": 17}",LAT TX seq=4322 age_min_ms=17 age_max_ms=17
134904141500,screen,RX,4322,{},I (698080) LAT: RX seq=4322
134919677500,sensor,RTT,4322,"{""us"": 4359}",LAT RTT seq=4322 us=4359
135000490900,sensor,TX,4323,"{""age_min_ms"": 118, ""age_max_ms"": 118}",LAT TX seq=4323 age_min_ms=118 age_max_ms=118
135004580200,screen,RX,4323,{},I (698180) LAT: RX seq=4323
135019695500,sensor,RTT,4323,"{""us"": 3367}",LAT RTT seq=4323 us=3367
135100613000,sensor,TX,4324,"{""age_min_ms"": 85, ""age_max_ms"": 85}",LAT TX seq=4324 age_min_ms=85 age_max_ms=85
135104612500,screen,RX,4324,{},I (698280) LAT: RX seq=4324
135120668400,sensor,RTT,4324,"{""us"": 3977}",LAT RTT seq=4324 us=3977
135201493400,sensor,TX,4325,"{""age_min_ms"": 27, ""age_max_ms"": 27}",LAT TX seq=4325 age_min_ms=27 age_max_ms=27
135206095800,screen,RX,4325,{},I (698380) LAT: RX seq=4325
135220715900,sensor,RTT,4325,"{""us"": 4605}",LAT RTT seq=4325 us=4605
135301459500,sensor,TX,4326,"{""age_min_ms"": 27, ""age_max_ms"": 27}",LAT TX seq=4326 age_min_ms=27 age_max_ms=27
135305901300,screen,RX,4326,{},I (698480) LAT: RX seq=4326
135320646000,sensor,RTT,4326,"{""us"": 4612}",LAT RTT seq=4326 us=4612
135401729800,sensor,TX,4327,"{""age_min_ms"": 27, ""age_max_ms"": 27}",LAT TX seq=4327 age_min_ms=27 age_max_ms=27
135405732900,screen,RX,4327,{},I (698580) LAT: RX seq=4327
135421698600,sensor,RTT,4327,"{""us"": 3965}",LAT RTT seq=4327 us=3965
135502617000,sensor,TX,4328,"{""age_min_ms"": 20, ""age_max_ms"": 20}",LAT TX seq=4328 age_min_ms=20 age_max_ms=20
135507492100,screen,RX,4328,{},I (698680) LAT: RX seq=4328
135521671700,sensor,RTT,4328,"{""us"": 4308}",LAT RTT seq=4328 us=4308
135602525900,sensor,TX,4329,"{""age_min_ms"": 20, ""age_max_ms"": 20}",LAT TX seq=4329 age_min_ms=20 age_max_ms=20
135607646400,screen,RX,4329,{},I (698780) LAT: RX seq=4329
135621684900,sensor,RTT,4329,"{""us"": 4987}",LAT RTT seq=4329 us=4987
135702530800,sensor,TX,4330,"{""age_min_ms"": 20, ""age_max_ms"": 20}",LAT TX seq=4330 age_min_ms=20 age_max_ms=20
135706635300,screen,RX,4330,{},I (698880) LAT: RX seq=4330
135722675000,sensor,RTT,4330,"{""us"": 6217}",LAT RTT seq=4330 us=6217
135803555200,sensor,TX,4331,"{""age_min_ms"": 21, ""age_max_ms"": 21}",LAT TX seq=4331 age_min_ms=21 age_max_ms=21
135808465300,screen,RX,4331,{},I (698980) LAT: RX seq=4331
135823483500,sensor,RTT,4331,"{""us"": 4665}",LAT RTT seq=4331 us=4665
135904505000,sensor,TX,4332,"{""age_min_ms"": 36, ""age_max_ms"": 36}",LAT TX seq=4332 age_min_ms=36 age_max_ms=36
135909060600,screen,RX,4332,{},I (699080) LAT: RX seq=4332
135923717400,sensor,RTT,4332,"{""us"": 4971}",LAT RTT seq=4332 us=4971
136004554900,sensor,TX,4333,"{""age_min_ms"": 136, ""age_max_ms"": 136}",LAT TX seq=4333 age_min_ms=136 age_max_ms=136
136009181600,screen,RX,4333,{},I (699180) LAT: RX seq=4333
136023712500,sensor,RTT,4333,"{""us"": 4730}",LAT RTT seq=4333 us=4730
136104558900,sensor,TX,4334,"{""age_min_ms"": 95, ""age_max_ms"": 95}",LAT TX seq=4334 age_min_ms=95 age_max_ms=95
136113561700,screen,RX,4334,{},I (699290) LAT: RX seq=4334
136123711900,sensor,RTT,4334,"{""us"": 9743}",LAT RTT seq=4334 us=9743
136204508100,sensor,TX,4335,"{""age_min_ms"": 36, ""age_max_ms"": 36}",LAT TX seq=4335 age_min_ms=36 age_max_ms=36
136209979700,screen,RX,4335,{},I (699380) LAT: RX seq=4335
136223691600,sensor,RTT,4335,"{""us"": 9230}",LAT RTT seq=4335 us=9230
136304538000,sensor,TX,4336,"{""age_min_ms"": 31, ""age_max_ms"": 31}",LAT TX seq=4336 age_min_ms=31 age_max_ms=31
136309534500,screen,RX,4336,{},I (699480) LAT: RX seq=4336
136324688100,sensor,RTT,4336,"{""us"": 5825}",LAT RTT seq=4336 us=5825
136405483000,sensor,TX,4337,"{""age_min_ms"": 37, ""age_max_ms"": 37}",LAT TX seq=4337 age_min_ms=37 age_max_ms=37
136412842200,screen,RX,4337,{},I (699590) LAT: RX seq=4337
136424649500,sensor,RTT,4337,"{""us"": 7522}",LAT RTT seq=4337 us=7522
136505501600,sensor,TX,4338,"{""age_min_ms"": 23, ""age_max_ms"": 23}",LAT TX seq=4338 age_min_ms=23 age_max_ms=23
136510962500,screen,RX,4338,{},I (699680) LAT: RX seq=4338
136524656100,sensor,RTT,4338,"{""us"": 5828}",LAT RTT seq=4338 us=5828
136605555800,sensor,TX,4339,"{""age_min_ms"": 23, ""age_max_ms"": 23}",LAT TX seq=4339 age_min_ms=23 age_max_ms=23
136609936800,screen,RX,4339,{},I (699780) LAT: RX seq=4339
136624569100,sensor,RTT,4339,"{""us"": 3424}",LAT RTT seq=4339 us=3424
136705567700,sensor,TX,4340,"{""age_min_ms"": 23, ""age_max_ms"": 23}",LAT TX seq=4340 age_min_ms=23 age_max_ms=23
136709698800,screen,RX,4340,{},I (699880) LAT: RX seq=4340
136725532700,sensor,RTT,4340,"{""us"": 3328}",LAT RTT seq=4340 us=3328
136806519400,sensor,TX,4341,"{""age_min_ms"": 31, ""age_max_ms"": 31}",LAT TX seq=4341 age_min_ms=31 age_max_ms=31
136811404500,screen,RX,4341,{},I (699980) LAT: RX seq=4341
136826706100,sensor,RTT,4341,"{""us"": 5506}",LAT RTT seq=4341 us=5506
136907642200,sensor,TX,4342,"{""age_min_ms"": 33, ""age_max_ms"": 33}",LAT TX seq=4342 age_min_ms=33 age_max_ms=33
136911960800,screen,RX,4342,{},I (700090) LAT: RX seq=4342
136926633800,sensor,RTT,4342,"{""us"": 7663}",LAT RTT seq=4342 us=7663
137007649900,sensor,TX,4343,"{""age_min_ms"": 133, ""age_max_ms"": 133}",LAT TX seq=4343 age_min_ms=133 age_max_ms=133
137011708900,screen,RX,4343,{},I (700190) LAT: RX seq=4343
137026627500,sensor,RTT,4343,"{""us"": 6053}",LAT RTT seq=4343 us=6053
137107508700,sensor,TX,4344,"{""age_min_ms"": 91, ""age_max_ms"": 91}",LAT TX seq=4344 age_min_ms=91 age_max_ms=91
137111597100,screen,RX,4344,{},I (700280) LAT: RX seq=4344
137126650800,sensor,RTT,4344,"{""us"": 3651}",LAT RTT seq=4344 us=3651
137207477100,sensor,TX,4345,"{""age_min_ms"": 39, ""age_max_ms"": 39}",LAT TX seq=4345 age_min_ms=39 age_max_ms=39
137211564400,screen,RX,4345,{},I (700380) LAT: RX seq=4345
137226671700,sensor,RTT,4345,"{""us"": 3993}",LAT RTT seq=4345 us=3993
137307527300,sensor,TX,4346,"{""age_min_ms"": 33, ""age_max_ms"": 33}",LAT TX seq=4346 age_min_ms=33 age_max_ms=33
137312213300,screen,RX,4346,{},I (700490) LAT: RX seq=4346
137326627400,sensor,RTT,4346,"{""us"": 4026}",LAT RTT seq=4346 us=4026
137407476800,sensor,TX,4347,"{""age_min_ms"": 34, ""age_max_ms"": 34}",LAT TX seq=4347 age_min_ms=34 age_max_ms=34
137414601500,screen,RX,4347,{},I (700590) LAT: RX seq=4347
137426685800,sensor,RTT,4347,"{""us"": 11894}",LAT RTT seq=4347 us=11894
137507468600,sensor,TX,4348,"{""age_min_ms"": 39, ""age_max_ms"": 39}",LAT TX seq=4348 age_min_ms=39 age_max_ms=39
137512705200,screen,RX,4348,{},I (700690) LAT: RX seq=4348
137526601100,sensor,RTT,4348,"{""us"": 5162}",LAT RTT seq=4348 us=5162
137607557100,sensor,TX,4349,"{""age_min_ms"": 39, ""age_max_ms"": 39}",LAT TX seq=4349 age_min_ms=39 age_max_ms=39
137612386500,screen,RX,4349,{},I (700790) LAT: RX seq=4349
137626618100,sensor,RTT,4349,"{""us"": 7097}",LAT RTT seq=4349 us=7097
137711592800,screen,RX,4350,{},I (700880) LAT: RX seq=4350
137727614500,sensor,RTT,4350,"{""us"": 3669}",LAT RTT seq=4350 us=3669
137808487700,sensor,TX,4351,"{""age_min_ms"": 35, ""age_max_ms"": 35}",LAT TX seq=4351 age_min_ms=35 age_max_ms=35
137813485000,screen,RX,4351,{},I (700990) LAT: RX seq=4351
137827583900,sensor,RTT,4351,"{""us"": 5200}",LAT RTT seq=4351 us=5200
137908611100,sensor,TX,4352,"{""age_min_ms"": 35, ""age_max_ms"": 35}",LAT TX seq=4352 age_min_ms=35 age_max_ms=35
137913475300,screen,RX,4352,{},I (701090) LAT: RX seq=4352
137928624400,sensor,RTT,4352,"{""us"": 10553}",LAT RTT seq=4352 us=10553
138009504100,sensor,TX,4353,"{""age_min_ms"": 136, ""age_max_ms"": 136}",LAT TX seq=4353 age_min_ms=136 age_max_ms=136
138013576300,screen,RX,4353,{},I (701190) LAT: RX seq=4353
138028699300,sensor,RTT,4353,"{""us"": 9254}",LAT RTT seq=4353 us=9254
138109680100,sensor,TX,4354,"{""age_min_ms"": 2, ""age_max_ms"": 2}",LAT TX seq=4354 age_min_ms=2 age_max_ms=2
138116099100,screen,RX,4354,{},I (701290) LAT: RX seq=4354
138129581300,sensor,RTT,4354,"{""us"": 10442}",LAT RTT seq=4354 us=10442
138210689200,sensor,TX,4355,"{""age_min_ms"": 42, ""age_max_ms"": 42}",LAT TX seq=4355 age_min_ms=42 age_max_ms=42
138215534800,screen,RX,4355,{},I (701390) LAT: RX seq=4355
138229635600,sensor,RTT,4355,"{""us"": 5352}",LAT RTT seq=4355 us=5352
138310611400,sensor,TX,4356,"{""age_min_ms"": 36, ""age_max_ms"": 36}",LAT TX seq=4356 age_min_ms=36 age_max_ms=36
138324173800,screen,RX,4356,{},I (701500) LAT: RX seq=4356
138329606800,sensor,RTT,4356,"{""us"": 15865}",LAT RTT seq=4356 us=15865
138410548000,sensor,TX,4357,"{""age_min_ms"": 42, ""age_max_ms"": 42}",LAT TX seq=4357 age_min_ms=42 age_max_ms=42
138415525000,screen,RX,4357,{},I (701590) LAT: RX seq=4357
138429650800,sensor,RTT,4357,"{""us"": 4081}",LAT RTT seq=4357 us=4081
138510572000,sensor,TX,4358,"{""age_min_ms"": 42, ""age_max_ms"": 42}",LAT TX seq=4358 age_min_ms=42 age_max_ms=42
138514768800,screen,RX,4358,{},I (701690) LAT: RX seq=4358
138529624800,sensor,RTT,4358,"{""us"": 7718}",LAT RTT seq=4358 us=7718
138610517400,sensor,TX,4359,"{""age_min_ms"": 42, ""age_max_ms"": 42}",LAT TX seq=4359 age_min_ms=42 age_max_ms=42
138614714100,screen,RX,4359,{},I (701790) LAT: RX seq=4359
138629672000,sensor,RTT,4359,"{""us"": 6744}",LAT RTT seq=4359 us=6744
138710473600,sensor,TX,4360,"{""age_min_ms"": 28, ""age_max_ms"": 28}",LAT TX seq=4360 age_min_ms=28 age_max_ms=28
138717000200,screen,RX,4360,{},I (701890) LAT: RX seq=4360
138729658900,sensor,RTT,4360,"{""us"": 6099}",LAT RTT seq=4360 us=6099
138810567800,sensor,TX,4361,"{""age_min_ms"": 42, ""age_max_ms"": 42}",LAT TX seq=4361 age_min_ms=42 age_max_ms=42
138816118000,screen,RX,4361,{},I (701990) LAT: RX seq=4361
138830632500,sensor,RTT,4361,"{""us"": 5618}",LAT RTT seq=4361 us=5618
138911469600,sensor,TX,4362,"{""age_min_ms"": 43, ""age_max_ms"": 43}",LAT TX seq=4362 age_min_ms=43 age_max_ms=43
138915533200,screen,RX,4362,{},I (702090) LAT: RX seq=4362
138930628000,sensor,RTT,4362,"{""us"": 4527}",LAT RTT seq=4362 us=4527
139011461500,sensor,TX,4363,"{""age_min_ms"": 143, ""age_max_ms"": 143}",LAT TX seq=4363 age_min_ms=143 age_max_ms=143
139015573100,screen,RX,4363,{},I (702190) LAT: RX seq=4363
139030602800,sensor,RTT,4363,"{""us"": 3458}",LAT RTT seq=4363 us=3458
139111423400,sensor,TX,4364,"{""age_min_ms"": 96, ""age_max_ms"": 96}",LAT TX seq=4364 age_min_ms=96 age_max_ms=96
139115592700,screen,RX,4364,{},I (702290) LAT: RX seq=4364
139131717700,sensor,RTT,4364,"{""us"": 3060}",LAT RTT seq=4364 us=3060
139212438600,sensor,TX,4365,"{""age_min_ms"": 44, ""age_max_ms"": 44}",LAT TX seq=4365 age_min_ms=44 age_max_ms=44
139217409600,screen,RX,4365,{},I (702390) LAT: RX seq=4365
139231654900,sensor,RTT,4365,"{""us"": 7858}",LAT RTT seq=4365 us=7858
139312485100,sensor,TX,4366,"{""age_min_ms"": 30, ""age_max_ms"": 30}",LAT TX seq=4366 age_min_ms=30 age_max_ms=30
139317052300,screen,RX,4366,{},I (702490) LAT: RX seq=4366
139332705700,sensor,RTT,4366,"{""us"": 7925}",LAT RTT seq=4366 us=7925
139413468200,sensor,TX,4367,"{""age_min_ms"": 39, ""age_max_ms"": 39}",LAT TX seq=4367 age_min_ms=39 age_max_ms=39
139417715800,screen,RX,4367,{},I (702590) LAT: RX seq=4367
139432693500,sensor,RTT,4367,"{""us"": 4535}",LAT RTT seq=4367 us=4535
139513731600,sensor,TX,4368,"{""age_min_ms"": 39, ""age_max_ms"": 39}",LAT TX seq=4368 age_min_ms=39 age_max_ms=39
139519620500,screen,RX,4368,{},I (702690) LAT: RX seq=4368
139532671600,sensor,RTT,4368,"{""us"": 6080}",LAT RTT seq=4368 us=6080
139613490500,sensor,TX,4369,"{""age_min_ms"": 39, ""age_max_ms"": 39}",LAT TX seq=4369 age_min_ms=39 age_max_ms=39
139619446300,screen,RX,4369,{},I (702790) LAT: RX seq=4369
139632703900,sensor,RTT,4369,"{""us"": 5044}",LAT RTT seq=4369 us=5044
139713463100,sensor,TX,4370,"{""age_min_ms"": 39, ""age_max_ms"": 39}",LAT TX seq=4370 age_min_ms=39 age_max_ms=39
139719688100,screen,RX,4370,{},I (702890) LAT: RX seq=4370
139732682500,sensor,RTT,4370,"{""us"": 5124}",LAT RTT seq=4370 us=5124
139813440100,sensor,TX,4371,"{""age_min_ms"": 39, ""age_max_ms"": 39}",LAT TX seq=4371 age_min_ms=39 age_max_ms=39
139818435600,screen,RX,4371,{},I (702990) LAT: RX seq=4371
139832620600,sensor,RTT,4371,"{""us"": 4097}",LAT RTT seq=4371 us=4097
139920918800,screen,RX,4372,{},I (703090) LAT: RX seq=4372
139932664700,sensor,TX,4372,"{""age_min_ms"": 45, ""age_max_ms"": 45}",LAT TX seq=4372 age_min_ms=45 age_max_ms=45
139932664700,sensor,RTT,4372,"{""us"": 8499}",LAT RTT seq=4372 us=8499
140013511900,sensor,TX,4373,"{""age_min_ms"": 145, ""age_max_ms"": 145}",LAT TX seq=4373 age_min_ms=145 age_max_ms=145
140020823000,screen,RX,4373,{},I (703190) LAT: RX seq=4373
140032685100,sensor,RTT,4373,"{""us"": 10088}",LAT RTT seq=4373 us=10088
140113673500,sensor,TX,4374,"{""age_min_ms"": 4, ""age_max_ms"": 4}",LAT TX seq=4374 age_min_ms=4 age_max_ms=4
140118022600,screen,RX,4374,{},I (703290) LAT: RX seq=4374
140132625200,sensor,RTT,4374,"{""us"": 3890}",LAT RTT seq=4374 us=3890
140213587000,sensor,TX,4375,"{""age_min_ms"": 39, ""age_max_ms"": 39}",LAT TX seq=4375 age_min_ms=39 age_max_ms=39
140220320500,screen,RX,4375,{},I (703390) LAT: RX seq=4375
140232721600,sensor,RTT,4375,"{""us"": 5976}",LAT RTT seq=4375 us=5976
140313536300,sensor,TX,4376,"{""age_min_ms"": 39, ""age_max_ms"": 39}",LAT TX seq=4376 age_min_ms=39 age_max_ms=39
140318803100,screen,RX,4376,{},I (703490) LAT: RX seq=4376
140332734400,sensor,RTT,4376,"{""us"": 4494}",LAT RTT seq=4376 us=4494
140413455800,sensor,TX,4377,"{""age_min_ms"": 45, ""age_max_ms"": 45}",LAT TX seq=4377 age_min_ms=45 age_max_ms=45
140418493600,screen,RX,4377,{},I (703590) LAT: RX seq=4377
140432733500,sensor,RTT,4377,"{""us"": 11068}",LAT RTT seq=4377 us=11068
140513576800,sensor,TX,4378,"{""age_min_ms"": 39, ""age_max_ms"": 39}",LAT TX seq=4378 age_min_ms=39 age_max_ms=39
140518319200,screen,RX,4378,{},I (703690) LAT: RX seq=4378
140532712300,sensor,RTT,4378,"{""us"": 7031}",LAT RTT seq=4378 us=7031
140613680900,sensor,TX,4379,"{""age_min_ms"": 39, ""age_max_ms"": 39}",LAT TX seq=4379 age_min_ms=39 age_max_ms=39
140618030200,screen,RX,4379,{},I (703790) LAT: RX seq=4379
140632636800,sensor,RTT,4379,"{""us"": 4372}",LAT RTT seq=4379 us=4372
140713667500,sensor,TX,4380,"{""age_min_ms"": 39, ""age_max_ms"": 39}",LAT TX seq=4380 age_min_ms=39 age_max_ms=39
140717977700,screen,RX,4380,{},I (703890) LAT: RX seq=4380
140733650800,sensor,RTT,4380,"{""us"": 4360}",LAT RTT seq=4380 us=4360
140814721900,sensor,TX,4381,"{""age_min_ms"": 46, ""age_max_ms"": 46}",LAT TX seq=4381 age_min_ms=46 age_max_ms=46
140818586800,screen,RX,4381,{},I (703990) LAT: RX seq=4381
140834691600,sensor,RTT,4381,"{""us"": 4291}",LAT RTT seq=4381 us=4291
140915524100,sensor,TX,4382,"{""age_min_ms"": 41, ""age_max_ms"": 41}",LAT TX seq=4382 age_min_ms=41 age_max_ms=41
140920909100,screen,RX,4382,{},I (704090) LAT: RX seq=4382
140934588200,sensor,RTT,4382,"{""us"": 4939}",LAT RTT seq=4382 us=4939
141015663800,sensor,TX,4383,"{""age_min_ms"": 1, ""age_max_ms"": 1}",LAT TX seq=4383 age_min_ms=1 age_max_ms=1
141019895000,screen,RX,4383,{},I (704190) LAT: RX seq=4383
141034671400,sensor,RTT,4383,"{""us"": 4780}",LAT RTT seq=4383 us=4780
141115662300,sensor,TX,4384,"{""age_min_ms"": 0, ""age_max_ms"": 0}",LAT TX seq=4384 age_min_ms=0 age_max_ms=0
141119931200,screen,RX,4384,{},I (704290) LAT: RX seq=4384
141135652400,sensor,RTT,4384,"{""us"": 4224}",LAT RTT seq=4384 us=4224
141216472600,sensor,TX,4385,"{""age_min_ms"": 42, ""age_max_ms"": 42}",LAT TX seq=4385 age_min_ms=42 age_max_ms=42
141221348300,screen,RX,4385,{},I (704390) LAT: RX seq=4385
141235631100,sensor,RTT,4385,"{""us"": 4854}",LAT RTT seq=4385 us=4854
141316727600,sensor,TX,4386,"{""age_min_ms"": 42, ""age_max_ms"": 42}",LAT TX seq=4386 age_min_ms=42 age_max_ms=42
141321343400,screen,RX,4386,{},I (704490) LAT: RX seq=4386
141335707400,sensor,RTT,4386,"{""us"": 5232}",LAT RTT seq=4386 us=5232
141416519600,sensor,TX,4387,"{""age_min_ms"": 42, ""age_max_ms"": 42}",LAT TX seq=4387 age_min_ms=42 age_max_ms=42
141422029900,screen,RX,4387,{},I (704600) LAT: RX seq=4387
141435690100,sensor,RTT,4387,"{""us"": 7718}",LAT RTT seq=4387 us=7718
141516534700,sensor,TX,4388,"{""age_min_ms"": 42, ""age_max_ms"": 42}",LAT TX seq=4388 age_min_ms=42 age_max_ms=42
141521482400,screen,RX,4388,{},I (704690) LAT: RX seq=4388
141535690500,sensor,RTT,4388,"{""us"": 6270}",LAT RTT seq=4388 us=6270
141616560700,sensor,TX,4389,"{""age_min_ms"": 48, ""age_max_ms"": 48}",LAT TX seq=4389 age_min_ms=48 age_max_ms=48
141621189500,screen,RX,4389,{},I (704790) LAT: RX seq=4389
141635638300,sensor,RTT,4389,"{""us"": 4608}",LAT RTT seq=4389 us=4608
141716546100,sensor,TX,4390,"{""age_min_ms"": 42, ""age_max_ms"": 42}","DIST: [0.0, 0.0, 0.0, 0.0LAT TX seq=4390 age_min_ms=42 age_max_ms=42"
141721973800,screen,RX,4390,{},I (704900) LAT: RX seq=4390
141736675000,sensor,RTT,4390,"{""us"": 5764}",LAT RTT seq=4390 us=5764
141817575600,sensor,TX,4391,"{""age_min_ms"": 43, ""age_max_ms"": 43}","DIST: [0.0, 0.0, 0.0,LAT TX seq=4391 age_min_ms=43 age_max_ms=43"
141822217800,screen,RX,4391,{},I (705000) LAT: RX seq=4391
141837620300,sensor,RTT,4391,"{""us"": 4184}",LAT RTT seq=4391 us=4184
141918619700,sensor,TX,4392,"{""age_min_ms"": 44, ""age_max_ms"": 44}",LAT TX seq=4392 age_min_ms=44 age_max_ms=44
141922856300,screen,RX,4392,{},I (705100) LAT: RX seq=4392
141937694000,sensor,RTT,4392,"{""us"": 4381}",LAT RTT seq=4392 us=4381
142018454900,sensor,TX,4393,"{""age_min_ms"": 9, ""age_max_ms"": 9}",LAT TX seq=4393 age_min_ms=9 age_max_ms=9
142022699400,screen,RX,4393,{},I (705200) LAT: RX seq=4393
142038688100,sensor,RTT,4393,"{""us"": 5061}",LAT RTT seq=4393 us=5061
142124146800,screen,RX,4394,{},I (705300) LAT: RX seq=4394
142139688700,sensor,RTT,4394,"{""us"": 4791}",LAT RTT seq=4394 us=4791
142220520000,sensor,TX,4395,"{""age_min_ms"": 46, ""age_max_ms"": 46}",LAT TX seq=4395 age_min_ms=46 age_max_ms=46
142225015100,screen,RX,4395,{},I (705400) LAT: RX seq=4395
142239676900,sensor,RTT,4395,"{""us"": 4551}",LAT RTT seq=4395 us=4551
142320731300,sensor,TX,4396,"{""age_min_ms"": 52, ""age_max_ms"": 52}",LAT TX seq=4396 age_min_ms=52 age_max_ms=52
142324603500,screen,RX,4396,{},I (705500) LAT: RX seq=4396
142340636100,sensor,RTT,4396,"{""us"": 8975}",LAT RTT seq=4396 us=8975
142421452200,sensor,TX,4397,"{""age_min_ms"": 53, ""age_max_ms"": 53}",LAT TX seq=4397 age_min_ms=53 age_max_ms=53
142426172500,screen,RX,4397,{},I (705600) LAT: RX seq=4397
142440674600,sensor,RTT,4397,"{""us"": 3743}",LAT RTT seq=4397 us=3743
142521530800,sensor,TX,4398,"{""age_min_ms"": 47, ""age_max_ms"": 47}",LAT TX seq=4398 age_min_ms=47 age_max_ms=47
142527978100,screen,RX,4398,{},I (705700) LAT: RX seq=4398
142540613800,sensor,RTT,4398,"{""us"": 7836}",LAT RTT seq=4398 us=7836
142621508900,sensor,TX,4399,"{""age_min_ms"": 47, ""age_max_ms"": 47}",LAT TX seq=4399 age_min_ms=47 age_max_ms=47
142625818700,screen,RX,4399,{},I (705800) LAT: RX seq=4399
142640646100,sensor,RTT,4399,"{""us"": 4227}",LAT RTT seq=4399 us=4227
142721499700,sensor,TX,4400,"{""age_min_ms"": 47, ""age_max_ms"": 47}",LAT TX seq=4400 age_min_ms=47 age_max_ms=47
142725768500,screen,RX,4400,{},I (705900) LAT: RX seq=4400
142741626000,sensor,RTT,4400,"{""us"": 6666}",LAT RTT seq=4400 us=6666
142822560900,sensor,TX,4401,"{""age_min_ms"": 47, ""age_max_ms"": 47}","DIST: [0.0, 0.0, 0.0, 0.0, LAT TX seq=4401 age_min_ms=47 age_max_ms=47"
142827366900,screen,RX,4401,{},I (706000) LAT: RX seq=4401
142842620600,sensor,RTT,4401,"{""us"": 5525}",LAT RTT seq=4401 us=5525
142923452500,sensor,TX,4402,"{""age_min_ms"": 49, ""age_max_ms"": 49}",LAT TX seq=4402 age_min_ms=49 age_max_ms=49
142927916900,screen,RX,4402,{},I (706100) LAT: RX seq=4402
142942621300,sensor,RTT,4402,"{""us"": 3513}",LAT RTT seq=4402 us=3513
143023495400,sensor,TX,4403,"{""age_min_ms"": 14, ""age_max_ms"": 14}",LAT TX seq=4403 age_min_ms=14 age_max_ms=14
143033319800,screen,RX,4403,{},I (706210) LAT: RX seq=4403
143042638900,sensor,RTT,4403,"{""us"": 12411}",LAT RTT seq=4403 us=12411
143123467300,sensor,TX,4404,"{""age_min_ms"": 14, ""age_max_ms"": 14}",LAT TX seq=4404 age_min_ms=14 age_max_ms=14
143130822300,screen,RX,4404,{},I (706300) LAT: RX seq=4404
143142657700,sensor,RTT,4404,"{""us"": 6572}",LAT RTT seq=4404 us=6572
143223490800,sensor,TX,4405,"{""age_min_ms"": 49, ""age_max_ms"": 49}",LAT TX seq=4405 age_min_ms=49 age_max_ms=49
143229275200,screen,RX,4405,{},I (706400) LAT: RX seq=4405
143242680800,sensor,RTT,4405,"{""us"": 8751}",LAT RTT seq=4405 us=8751
143323675500,sensor,TX,4406,"{""age_min_ms"": 49, ""age_max_ms"": 49}",LAT TX seq=4406 age_min_ms=49 age_max_ms=49
143327606700,screen,RX,4406,{},I (706500) LAT: RX seq=4406
143342690800,sensor,RTT,4406,"{""us"": 3364}",LAT RTT seq=4406 us=3364
143423559700,sensor,TX,4407,"{""age_min_ms"": 50, ""age_max_ms"": 50}",LAT TX seq=4407 age_min_ms=50 age_max_ms=50
143427943300,screen,RX,4407,{},I (706600) LAT: RX seq=4407
143442712300,sensor,RTT,4407,"{""us"": 5485}",LAT RTT seq=4407 us=5485
143523534200,sensor,TX,4408,"{""age_min_ms"": 55, ""age_max_ms"": 55}",LAT TX seq=4408 age_min_ms=55 age_max_ms=55
143527883200,screen,RX,4408,{},I (706700) LAT: RX seq=4408
143542717000,sensor,RTT,4408,"{""us"": 4184}",LAT RTT seq=4408 us=4184
143623565600,sensor,TX,4409,"{""age_min_ms"": 50, ""age_max_ms"": 50}",LAT TX seq=4409 age_min_ms=50 age_max_ms=50
143629826700,screen,RX,4409,{},I (706800) LAT: RX seq=4409
143642717100,sensor,RTT,4409,"{""us"": 6886}",LAT RTT seq=4409 us=6886
143723586900,sensor,TX,4410,"{""age_min_ms"": 50, ""age_max_ms"": 50}","DIST: [0.0, 0.0, 0.0, 0.0,LAT TX seq=4410 age_min_ms=50 age_max_ms=50"
143727590800,screen,RX,4410,{},I (706900) LAT: RX seq=4410
143742669100,sensor,RTT,4410,"{""us"": 4100}",LAT RTT seq=4410 us=4100
143823627800,sensor,TX,4411,"{""age_min_ms"": 50, ""age_max_ms"": 50}",LAT TX seq=4411 age_min_ms=50 age_max_ms=50
143827893000,screen,RX,4411,{},I (707000) LAT: RX seq=4411
143843681000,sensor,RTT,4411,"{""us"": 4804}",LAT RTT seq=4411 us=4804
143924530000,sensor,TX,4412,"{""age_min_ms"": 51, ""age_max_ms"": 51}",LAT TX seq=4412 age_min_ms=51 age_max_ms=51
143929508300,screen,RX,4412,{},I (707100) LAT: RX seq=4412
143943668500,sensor,RTT,4412,"{""us"": 10548}",LAT RTT seq=4412 us=10548
144029284200,screen,RX,4413,{},I (707200) LAT: RX seq=4413
144044696300,sensor,RTT,4413,"{""us"": 3768}",LAT RTT seq=4413 us=3768
144129597800,screen,RX,4414,{},I (707300) LAT: RX seq=4414
144144678900,sensor,RTT,4414,"{""us"": 5061}",LAT RTT seq=4414 us=5061
144225571900,sensor,TX,4415,"{""age_min_ms"": 51, ""age_max_ms"": 51}",LAT TX seq=4415 age_min_ms=51 age_max_ms=51
144229554700,screen,RX,4415,{},I (707400) LAT: RX seq=4415
144244679700,sensor,RTT,4415,"{""us"": 3109}",LAT RTT seq=4415 us=3109
144325740000,sensor,TX,4416,"{""age_min_ms"": 51, ""age_max_ms"": 51}",LAT TX seq=4416 age_min_ms=51 age_max_ms=51
144329639100,screen,RX,4416,{},I (707500) LAT: RX seq=4416
144344612000,sensor,RTT,4416,"{""us"": 3872}",LAT RTT seq=4416 us=3872
144425543200,sensor,TX,4417,"{""age_min_ms"": 51, ""age_max_ms"": 51}",LAT TX seq=4417 age_min_ms=51 age_max_ms=51
144430523700,screen,RX,4417,{},I (707600) LAT: RX seq=4417
144444636600,sensor,RTT,4417,"{""us"": 6166}",LAT RTT seq=4417 us=6166
144525499500,sensor,TX,4418,"{""age_min_ms"": 51, ""age_max_ms"": 51}",LAT TX seq=4418 age_min_ms=51 age_max_ms=51
144530930500,screen,RX,4418,{},I (707700) LAT: RX seq=4418
144544674200,sensor,RTT,4418,"{""us"": 7177}",LAT RTT seq=4418 us=7177
144625530700,sensor,TX,4419,"{""age_min_ms"": 51, ""age_max_ms"": 51}",LAT TX seq=4419 age_min_ms=51 age_max_ms=51
144633633100,screen,RX,4419,{},I (707810) LAT: RX seq=4419
144644612700,sensor,RTT,4419,"{""us"": 11105}",LAT RTT seq=4419 us=11105
144725602900,sensor,TX,4420,"{""age_min_ms"": 51, ""age_max_ms"": 51}",LAT TX seq=4420 age_min_ms=51 age_max_ms=51
144730452800,screen,RX,4420,{},I (707900) LAT: RX seq=4420
144744703700,sensor,RTT,4420,"{""us"": 11122}",LAT RTT seq=4420 us=11122
144825637200,sensor,TX,4421,"{""age_min_ms"": 51, ""age_max_ms"": 51}",LAT TX seq=4421 age_min_ms=51 age_max_ms=51
144830122600,screen,RX,4421,{},I (708000) LAT: RX seq=4421
144845629400,sensor,RTT,4421,"{""us"": 7181}",LAT RTT seq=4421 us=7181
144926440900,sensor,TX,4422,"{""age_min_ms"": 53, ""age_max_ms"": 53}",LAT TX seq=4422 age_min_ms=53 age_max_ms=53
144934976500,screen,RX,4422,{},I (708110) LAT: RX seq=4422
144945858800,sensor,RTT,4422,"{""us"": 14244}",LAT RTT seq=4422 us=14244
145026637600,sensor,TX,4423,"{""age_min_ms"": 12, ""age_max_ms"": 12}",LAT TX seq=4423 age_min_ms=12 age_max_ms=12
145031120100,screen,RX,4423,{},I (708200) LAT: RX seq=4423
145046687400,sensor,RTT,4423,"{""us"": 4419}",LAT RTT seq=4423 us=4419
145127703700,sensor,TX,4424,"{""age_min_ms"": 13, ""age_max_ms"": 13}","DIST: [0.0, 0.0, 0.0, 0.0, 365.7,LAT TX seq=4424 age_min_ms=13 age_max_ms=13"
145131648700,screen,RX,4424,{},I (708300) LAT: RX seq=4424
145147688700,sensor,RTT,4424,"{""us"": 6378}",LAT RTT seq=4424 us=6378
145233443100,screen,RX,4425,{},I (708410) LAT: RX seq=4425
145247707800,sensor,RTT,4425,"{""us"": 11652}",LAT RTT seq=4425 us=11652
145328564500,sensor,TX,4426,"{""age_min_ms"": 54, ""age_max_ms"": 54}",LAT TX seq=4426 age_min_ms=54 age_max_ms=54
145333124300,screen,RX,4426,{},I (708510) LAT: RX seq=4426
145347622200,sensor,RTT,4426,"{""us"": 7395}",LAT RTT seq=4426 us=7395
145433000800,screen,RX,4427,{},I (708610) LAT: RX seq=4427
145447607600,sensor,RTT,4427,"{""us"": 3653}",LAT RTT seq=4427 us=3653
145528605700,sensor,TX,4428,"{""age_min_ms"": 60, ""age_max_ms"": 60}",LAT TX seq=4428 age_min_ms=60 age_max_ms=60
145532739200,screen,RX,4428,{},I (708710) LAT: RX seq=4428
145547680400,sensor,RTT,4428,"{""us"": 4096}",LAT RTT seq=4428 us=4096
145628434100,sensor,TX,4429,"{""age_min_ms"": 54, ""age_max_ms"": 54}",LAT TX seq=4429 age_min_ms=54 age_max_ms=54
145632784100,screen,RX,4429,{},I (708810) LAT: RX seq=4429
145647682900,sensor,RTT,4429,"{""us"": 3239}",LAT RTT seq=4429 us=3239
145728702700,sensor,TX,4430,"{""age_min_ms"": 54, ""age_max_ms"": 54}",LAT TX seq=4430 age_min_ms=54 age_max_ms=54
145732783800,screen,RX,4430,{},I (708910) LAT: RX seq=4430
145747694400,sensor,RTT,4430,"{""us"": 4131}",LAT RTT seq=4430 us=4131
145828739100,sensor,TX,4431,"{""age_min_ms"": 60, ""age_max_ms"": 60}",LAT TX seq=4431 age_min_ms=60 age_max_ms=60
145832593500,screen,RX,4431,{},I (709010) LAT: RX seq=4431
145848698800,sensor,RTT,4431,"{""us"": 3327}",LAT RTT seq=4431 us=3327
145929508700,sensor,TX,4432,"{""age_min_ms"": 61, ""age_max_ms"": 61}","DIST: [0.0, 0.0, 0.LAT TX seq=4432 age_min_ms=61 age_max_ms=61"
145935462500,screen,RX,4432,{},I (709110) LAT: RX seq=4432
145948641200,sensor,RTT,4432,"{""us"": 8021}",LAT RTT seq=4432 us=8021
146029630100,sensor,TX,4433,"{""age_min_ms"": 14, ""age_max_ms"": 14}","DIST: [0.0, 0.0, 0.0, 0.0, 260.7, 0.0LAT TX seq=4433 age_min_ms=14 age_max_ms=14"
146036010500,screen,RX,4433,{},I (709210) LAT: RX seq=4433
146048691100,sensor,RTT,4433,"{""us"": 10379}",LAT RTT seq=4433 us=10379
146129617400,sensor,TX,4434,"{""age_min_ms"": 20, ""age_max_ms"": 20}",LAT TX seq=4434 age_min_ms=20 age_max_ms=20
146133958000,screen,RX,4434,{},I (709310) LAT: RX seq=4434
146149684000,sensor,RTT,4434,"{""us"": 4062}",LAT RTT seq=4434 us=4062
146230612300,sensor,TX,4435,"{""age_min_ms"": 57, ""age_max_ms"": 57}",LAT TX seq=4435 age_min_ms=57 age_max_ms=57
146236433800,screen,RX,4435,{},I (709410) LAT: RX seq=4435
146249631400,sensor,RTT,4435,"{""us"": 6676}",LAT RTT seq=4435 us=6676
146330612200,sensor,TX,4436,"{""age_min_ms"": 57, ""age_max_ms"": 57}",LAT TX seq=4436 age_min_ms=57 age_max_ms=57
146334562300,screen,RX,4436,{},I (709510) LAT: RX seq=4436
146349639900,sensor,RTT,4436,"{""us"": 3890}",LAT RTT seq=4436 us=3890
146430443900,sensor,TX,4437,"{""age_min_ms"": 57, ""age_max_ms"": 57}",LAT TX seq=4437 age_min_ms=57 age_max_ms=57
146434712900,screen,RX,4437,{},I (709610) LAT: RX seq=4437
146449728800,sensor,RTT,4437,"{""us"": 3278}",LAT RTT seq=4437 us=3278
146530801900,sensor,TX,4438,"{""age_min_ms"": 57, ""age_max_ms"": 57}",LAT TX seq=4438 age_min_ms=57 age_max_ms=57
146534749900,screen,RX,4438,{},I (709710) LAT: RX seq=4438
146549667600,sensor,RTT,4438,"{""us"": 4251}",LAT RTT seq=4438 us=4251
146630641900,sensor,TX,4439,"{""age_min_ms"": 56, ""age_max_ms"": 56}",LAT TX seq=4439 age_min_ms=56 age_max_ms=56
146634623900,screen,RX,4439,{},I (709810) LAT: RX seq=4439
146649710500,sensor,RTT,4439,"{""us"": 4617}",LAT RTT seq=4439 us=4617
146730507000,sensor,TX,4440,"{""age_min_ms"": 62, ""age_max_ms"": 62}",LAT TX seq=4440 age_min_ms=62 age_max_ms=62
146734615200,screen,RX,4440,{},I (709910) LAT: RX seq=4440
146750640900,sensor,RTT,4440,"{""us"": 3550}",LAT RTT seq=4440 us=3550
146831489200,sensor,TX,4441,"{""age_min_ms"": 57, ""age_max_ms"": 57}",LAT TX seq=4441 age_min_ms=57 age_max_ms=57
146838914600,screen,RX,4441,{},I (710010) LAT: RX seq=4441
146850622700,sensor,RTT,4441,"{""us"": 7868}",LAT RTT seq=4441 us=7868
146931440400,sensor,TX,4442,"{""age_min_ms"": 57, ""age_max_ms"": 57}",LAT TX seq=4442 age_min_ms=57 age_max_ms=57
146939578100,screen,RX,4442,{},I (710110) LAT: RX seq=4442
146970654400,sensor,RTT,4442,"{""us"": 20510}",LAT RTT seq=4442 us=20510
147031636300,sensor,TX,4443,"{""age_min_ms"": 16, ""age_max_ms"": 16}","DIST: [0.0, 0.0, 0LAT TX seq=4443 age_min_ms=16 age_max_ms=16"
147035956500,screen,RX,4443,{},I (710210) LAT: RX seq=4443
147050680800,sensor,RTT,4443,"{""us"": 3739}",LAT RTT seq=4443 us=3739
147131657000,sensor,TX,4444,"{""age_min_ms"": 16, ""age_max_ms"": 16}",LAT TX seq=4444 age_min_ms=16 age_max_ms=16
147135701000,screen,RX,4444,{},I (710310) LAT: RX seq=4444
147150660900,sensor,RTT,4444,"{""us"": 4440}",LAT RTT seq=4444 us=4440
147231518700,sensor,TX,4445,"{""age_min_ms"": 63, ""age_max_ms"": 63}",LAT TX seq=4445 age_min_ms=63 age_max_ms=63
147238230700,screen,RX,4445,{},I (710410) LAT: RX seq=4445
147250629000,sensor,RTT,4445,"{""us"": 5762}",LAT RTT seq=4445 us=5762
147331434700,sensor,TX,4446,"{""age_min_ms"": 58, ""age_max_ms"": 58}",LAT TX seq=4446 age_min_ms=58 age_max_ms=58
147335802800,screen,RX,4446,{},I (710510) LAT: RX seq=4446
147350683300,sensor,RTT,4446,"{""us"": 4289}",LAT RTT seq=4446 us=4289
147431509500,sensor,TX,4447,"{""age_min_ms"": 57, ""age_max_ms"": 57}",LAT TX seq=4447 age_min_ms=57 age_max_ms=57
147435612000,screen,RX,4447,{},I (710610) LAT: RX seq=4447
147450633800,sensor,RTT,4447,"{""us"": 3715}",LAT RTT seq=4447 us=3715
147531430900,sensor,TX,4448,"{""age_min_ms"": 63, ""age_max_ms"": 63}",LAT TX seq=4448 age_min_ms=63 age_max_ms=63
147535599900,screen,RX,4448,{},I (710710) LAT: RX seq=4448
147550628600,sensor,RTT,4448,"{""us"": 4892}",LAT RTT seq=4448 us=4892
147631633300,sensor,TX,4449,"{""age_min_ms"": 57, ""age_max_ms"": 57}",LAT TX seq=4449 age_min_ms=57 age_max_ms=57
147636522100,screen,RX,4449,{},I (710810) LAT: RX seq=4449
147650651800,sensor,RTT,4449,"{""us"": 6593}",LAT RTT seq=4449 us=6593
147731577900,sensor,TX,4450,"{""age_min_ms"": 57, ""age_max_ms"": 57}",LAT TX seq=4450 age_min_ms=57 age_max_ms=57
147736708500,screen,RX,4450,{},I (710910) LAT: RX seq=4450
147750637600,sensor,RTT,4450,"{""us"": 8569}",LAT RTT seq=4450 us=8569
147831476100,sensor,TX,4451,"{""age_min_ms"": 57, ""age_max_ms"": 57}",LAT TX seq=4451 age_min_ms=57 age_max_ms=57
147835672700,screen,RX,4451,{},I (711010) LAT: RX seq=4451
147851633000,sensor,RTT,4451,"{""us"": 5442}",LAT RTT seq=4451 us=5442
147932631100,sensor,TX,4452,"{""age_min_ms"": 58, ""age_max_ms"": 58}",LAT TX seq=4452 age_min_ms=58 age_max_ms=58
147937722000,screen,RX,4452,{},I (711110) LAT: RX seq=4452
147951714400,sensor,RTT,4452,"{""us"": 4503}",LAT RTT seq=4452 us=4503
148032636200,sensor,TX,4453,"{""age_min_ms"": 17, ""age_max_ms"": 17}",LAT TX seq=4453 age_min_ms=17 age_max_ms=17
148037430900,screen,RX,4453,{},I (711210) LAT: RX seq=4453
148051816300,sensor,RTT,4453,"{""us"": 4653}",LAT RTT seq=4453 us=4653
148132502400,sensor,TX,4454,"{""age_min_ms"": 17, ""age_max_ms"": 17}",LAT TX seq=4454 age_min_ms=17 age_max_ms=17
148137466900,screen,RX,4454,{},I (711310) LAT: RX seq=4454
148152642500,sensor,RTT,4454,"{""us"": 10064}",LAT RTT seq=4454 us=10064
148237621900,screen,RX,4455,{},I (711410) LAT: RX seq=4455
148252621400,sensor,RTT,4455,"{""us"": 5490}",LAT RTT seq=4455 us=5490
148333468600,sensor,TX,4456,"{""age_min_ms"": 59, ""age_max_ms"": 59}",LAT TX seq=4456 age_min_ms=59 age_max_ms=59
148360250600,screen,RX,4456,{},I (711530) LAT: RX seq=4456
148372624500,sensor,RTT,4456,"{""us"": 25816}",LAT RTT seq=4456 us=25816
148433642300,sensor,TX,4457,"{""age_min_ms"": 59, ""age_max_ms"": 59}","DIST: [0.0, 0.0, 0.0, 0.0, 368.0,LAT TX seq=4457 age_min_ms=59 age_max_ms=59"
148437593100,screen,RX,4457,{},I (711610) LAT: RX seq=4457
148452642600,sensor,RTT,4457,"{""us"": 3501}",LAT RTT seq=4457 us=3501
148533542300,sensor,TX,4458,"{""age_min_ms"": 59, ""age_max_ms"": 59}",LAT TX seq=4458 age_min_ms=59 age_max_ms=59
148537606400,screen,RX,4458,{},I (711710) LAT: RX seq=4458
148552720900,sensor,RTT,4458,"{""us"": 6522}",LAT RTT seq=4458 us=6522
148633509900,sensor,TX,4459,"{""age_min_ms"": 59, ""age_max_ms"": 59}",LAT TX seq=4459 age_min_ms=59 age_max_ms=59
148638464700,screen,RX,4459,{},I (711810) LAT: RX seq=4459
148652755000,sensor,RTT,4459,"{""us"": 6264}",LAT RTT seq=4459 us=6264
148733697100,sensor,TX,4460,"{""age_min_ms"": 59, ""age_max_ms"": 59}",LAT TX seq=4460 age_min_ms=59 age_max_ms=59
148738927900,screen,RX,4460,{},I (711910) LAT: RX seq=4460
148752731500,sensor,RTT,4460,"{""us"": 14761}",LAT RTT seq=4460 us=14761
148833691600,sensor,TX,4461,"{""age_min_ms"": 59, ""age_max_ms"": 59}",LAT TX seq=4461 age_min_ms=59 age_max_ms=59
148838556500,screen,RX,4461,{},I (712010) LAT: RX seq=4461
148853658000,sensor,RTT,4461,"{""us"": 5571}",LAT RTT seq=4461 us=5571
148934526700,sensor,TX,4462,"{""age_min_ms"": 60, ""age_max_ms"": 60}",LAT TX seq=4462 age_min_ms=60 age_max_ms=60
148938692400,screen,RX,4462,{},I (712110) LAT: RX seq=4462
148954763500,sensor,RTT,4462,"{""us"": 3614}",LAT RTT seq=4462 us=3614
149035792900,sensor,TX,4463,"{""age_min_ms"": 20, ""age_max_ms"": 20}",LAT TX seq=4463 age_min_ms=20 age_max_ms=20
149040404500,screen,RX,4463,{},I (712210) LAT: RX seq=4463
149055732200,sensor,RTT,4463,"{""us"": 5336}",LAT RTT seq=4463 us=5336
149136556500,sensor,TX,4464,"{""age_min_ms"": 21, ""age_max_ms"": 21}",LAT TX seq=4464 age_min_ms=21 age_max_ms=21
149140758600,screen,RX,4464,{},I (712310) LAT: RX seq=4464
149156625000,sensor,RTT,4464,"{""us"": 4492}",LAT RTT seq=4464 us=4492
149237671200,sensor,TX,4465,"{""age_min_ms"": 69, ""age_max_ms"": 69}","DIST: [0.0, 0.0, 0.0, 0.LAT TX seq=4465 age_min_ms=69 age_max_ms=69"
149245327500,screen,RX,4465,{},I (712420) LAT: RX seq=4465
149337706100,sensor,TX,4466,"{""age_min_ms"": 63, ""age_max_ms"": 63}",LAT TX seq=4466 age_min_ms=63 age_max_ms=63
149342903100,screen,RX,4466,{},I (712520) LAT: RX seq=4466
149356725500,sensor,RTT,4466,"{""us"": 7344}",LAT RTT seq=4466 us=7344
149437559300,sensor,TX,4467,"{""age_min_ms"": 63, ""age_max_ms"": 63}",LAT TX seq=4467 age_min_ms=63 age_max_ms=63
149441616700,screen,RX,4467,{},I (712610) LAT: RX seq=4467
149456628200,sensor,RTT,4467,"{""us"": 3360}",LAT RTT seq=4467 us=3360
149537649900,sensor,TX,4468,"{""age_min_ms"": 64, ""age_max_ms"": 64}",LAT TX seq=4468 age_min_ms=64 age_max_ms=64
149541585500,screen,RX,4468,{},I (712710) LAT: RX seq=4468
149556674500,sensor,RTT,4468,"{""us"": 4226}",LAT RTT seq=4468 us=4226
149637650800,sensor,TX,4469,"{""age_min_ms"": 64, ""age_max_ms"": 64}",LAT TX seq=4469 age_min_ms=64 age_max_ms=64
149643311700,screen,RX,4469,{},I (712820) LAT: RX seq=4469
149657667900,sensor,RTT,4469,"{""us"": 6973}",LAT RTT seq=4469 us=6973
149738508100,sensor,TX,4470,"{""age_min_ms"": 64, ""age_max_ms"": 64}",LAT TX seq=4470 age_min_ms=64 age_max_ms=64
149743866800,screen,RX,4470,{},I (712920) LAT: RX seq=4470
149757690100,sensor,RTT,4470,"{""us"": 4499}",LAT RTT seq=4470 us=4499
149838586400,sensor,TX,4471,"{""age_min_ms"": 64, ""age_max_ms"": 64}",LAT TX seq=4471 age_min_ms=64 age_max_ms=64
149843046900,screen,RX,4471,{},I (713020) LAT: RX seq=4471
149858652000,sensor,RTT,4471,"{""us"": 5290}",LAT RTT seq=4471 us=5290
149939678900,sensor,TX,4472,"{""age_min_ms"": 65, ""age_max_ms"": 65}",LAT TX seq=4472 age_min_ms=65 age_max_ms=65
149944833300,screen,RX,4472,{},I (713120) LAT: RX seq=4472
149958661300,sensor,RTT,4472,"{""us"": 4619}",LAT RTT seq=4472 us=4619
150039656800,sensor,TX,4473,"{""age_min_ms"": 24, ""age_max_ms"": 24}",LAT TX seq=4473 age_min_ms=24 age_max_ms=24
150043593800,screen,RX,4473,{},I (713220) LAT: RX seq=4473
150058669100,sensor,RTT,4473,"{""us"": 6187}",LAT RTT seq=4473 us=6187
150139582300,sensor,TX,4474,"{""age_min_ms"": 24, ""age_max_ms"": 24}",LAT TX seq=4474 age_min_ms=24 age_max_ms=24
150147775900,screen,RX,4474,{},I (713320) LAT: RX seq=4474
150158683700,sensor,RTT,4474,"{""us"": 7269}",LAT RTT seq=4474 us=7269
150239870500,sensor,TX,4475,"{""age_min_ms"": 65, ""age_max_ms"": 65}",LAT TX seq=4475 age_min_ms=65 age_max_ms=65
150244521200,screen,RX,4475,{},I (713420) LAT: RX seq=4475
150258705200,sensor,RTT,4475,"{""us"": 4670}",LAT RTT seq=4475 us=4670
150339511000,sensor,TX,4476,"{""age_min_ms"": 65, ""age_max_ms"": 65}",LAT TX seq=4476 age_min_ms=65 age_max_ms=65
150344585400,screen,RX,4476,{},I (713520) LAT: RX seq=4476
150358761700,sensor,RTT,4476,"{""us"": 11024}",LAT RTT seq=4476 us=11024
150439714400,sensor,TX,4477,"{""age_min_ms"": 65, ""age_max_ms"": 65}","DIST: [0.0, 0.0, 0.0, 0.0, 368.LAT TX seq=4477 age_min_ms=65 age_max_ms=65"
150444524200,screen,RX,4477,{},I (713620) LAT: RX seq=4477
150458808400,sensor,RTT,4477,"{""us"": 4145}",LAT RTT seq=4477 us=4145
150539516100,sensor,TX,4478,"{""age_min_ms"": 66, ""age_max_ms"": 66}",LAT TX seq=4478 age_min_ms=66 age_max_ms=66
150547018900,screen,RX,4478,{},I (713720) LAT: RX seq=4478
150558632600,sensor,RTT,4478,"{""us"": 6482}",LAT RTT seq=4478 us=6482
150639538800,sensor,TX,4479,"{""age_min_ms"": 65, ""age_max_ms"": 65}",LAT TX seq=4479 age_min_ms=65 age_max_ms=65
150644043500,screen,RX,4479,{},I (713820) LAT: RX seq=4479
150658689000,sensor,RTT,4479,"{""us"": 6789}",LAT RTT seq=4479 us=6789
150739653200,sensor,TX,4480,"{""age_min_ms"": 65, ""age_max_ms"": 65}",LAT TX seq=4480 age_min_ms=65 age_max_ms=65
150744225800,screen,RX,4480,{},I (713920) LAT: RX seq=4480
150758748400,sensor,RTT,4480,"{""us"": 4023}",LAT RTT seq=4480 us=4023
150839668900,sensor,TX,4481,"{""age_min_ms"": 65, ""age_max_ms"": 65}",LAT TX seq=4481 age_min_ms=65 age_max_ms=65
150843793100,screen,RX,4481,{},I (714020) LAT: RX seq=4481
150858736800,sensor,RTT,4481,"{""us"": 3178}",LAT RTT seq=4481 us=3178
150939774200,sensor,TX,4482,"{""age_min_ms"": 65, ""age_max_ms"": 65}",LAT TX seq=4482 age_min_ms=65 age_max_ms=65
150945710300,screen,RX,4482,{},I (714120) LAT: RX seq=4482
150958715400,sensor,RTT,4482,"{""us"": 6436}",LAT RTT seq=4482 us=6436
151039662900,sensor,TX,4483,"{""age_min_ms"": 25, ""age_max_ms"": 25}",LAT TX seq=4483 age_min_ms=25 age_max_ms=25
151044475200,screen,RX,4483,{},I (714220) LAT: RX seq=4483
151058701800,sensor,RTT,4483,"{""us"": 4872}",LAT RTT seq=4483 us=4872
151139604900,sensor,TX,4484,"{""age_min_ms"": 24, ""age_max_ms"": 24}",LAT TX seq=4484 age_min_ms=24 age_max_ms=24
151144210100,screen,RX,4484,{},I (714320) LAT: RX seq=4484
151158651600,sensor,RTT,4484,"{""us"": 4661}",LAT RTT seq=4484 us=4661
151239636700,sensor,TX,4485,"{""age_min_ms"": 65, ""age_max_ms"": 65}",LAT TX seq=4485 age_min_ms=65 age_max_ms=65
151246125800,screen,RX,4485,{},I (714420) LAT: RX seq=4485
151258686900,sensor,RTT,4485,"{""us"": 7381}",LAT RTT seq=4485 us=7381
151339539100,sensor,TX,4486,"{""age_min_ms"": 65, ""age_max_ms"": 65}",LAT TX seq=4486 age_min_ms=65 age_max_ms=65
151344445000,screen,RX,4486,{},I (714520) LAT: RX seq=4486
151358669000,sensor,RTT,4486,"{""us"": 4262}",LAT RTT seq=4486 us=4262
151439501300,sensor,TX,4487,"{""age_min_ms"": 65, ""age_max_ms"": 65}","DIST: [0.0, 0.0, 0.0, 0.0, 368.0,LAT TX seq=4487 age_min_ms=65 age_max_ms=65"
151443698900,screen,RX,4487,{},I (714620) LAT: RX seq=4487
151458660800,sensor,RTT,4487,"{""us"": 6006}",LAT RTT seq=4487 us=6006
151539604200,sensor,TX,4488,"{""age_min_ms"": 65, ""age_max_ms"": 65}",LAT TX seq=4488 age_min_ms=65 age_max_ms=65
151546563300,screen,RX,4488,{},I (714720) LAT: RX seq=4488
151558671900,sensor,RTT,4488,"{""us"": 5994}",LAT RTT seq=4488 us=5994
151639521000,sensor,TX,4489,"{""age_min_ms"": 65, ""age_max_ms"": 65}",LAT TX seq=4489 age_min_ms=65 age_max_ms=65
151643626000,screen,RX,4489,{},I (714820) LAT: RX seq=4489
151658712300,sensor,RTT,4489,"{""us"": 3619}",LAT RTT seq=4489 us=3619
151739633300,sensor,TX,4490,"{""age_min_ms"": 65, ""age_max_ms"": 65}",LAT TX seq=4490 age_min_ms=65 age_max_ms=65
151744814700,screen,RX,4490,{},I (714920) LAT: RX seq=4490
151759736900,sensor,RTT,4490,"{""us"": 5116}",LAT RTT seq=4490 us=5116
151840639400,sensor,TX,4491,"{""age_min_ms"": 66, ""age_max_ms"": 66}",LAT TX seq=4491 age_min_ms=66 age_max_ms=66
151845282600,screen,RX,4491,{},I (715020) LAT: RX seq=4491
151860626800,sensor,RTT,4491,"{""us"": 5022}",LAT RTT seq=4491 us=5022
151941630100,sensor,TX,4492,"{""age_min_ms"": 67, ""age_max_ms"": 67}",LAT TX seq=4492 age_min_ms=67 age_max_ms=67
151948747400,screen,RX,4492,{},I (715120) LAT: RX seq=4492
151960641700,sensor,RTT,4492,"{""us"": 7148}",LAT RTT seq=4492 us=7148
152041612300,sensor,TX,4493,"{""age_min_ms"": 26, ""age_max_ms"": 26}",LAT TX seq=4493 age_min_ms=26 age_max_ms=26
152046776200,screen,RX,4493,{},I (715220) LAT: RX seq=4493
152060648600,sensor,RTT,4493,"{""us"": 6636}",LAT RTT seq=4493 us=6636
152141498600,sensor,TX,4494,"{""age_min_ms"": 27, ""age_max_ms"": 27}",LAT TX seq=4494 age_min_ms=27 age_max_ms=27
152148299600,screen,RX,4494,{},I (715320) LAT: RX seq=4494
152160609200,sensor,RTT,4494,"{""us"": 7871}",LAT RTT seq=4494 us=7871
152241605400,sensor,TX,4495,"{""age_min_ms"": 67, ""age_max_ms"": 67}",LAT TX seq=4495 age_min_ms=67 age_max_ms=67
152246794800,screen,RX,4495,{},I (715420) LAT: RX seq=4495
152260781700,sensor,RTT,4495,"{""us"": 4577}",LAT RTT seq=4495 us=4577
152341645100,sensor,TX,4496,"{""age_min_ms"": 67, ""age_max_ms"": 67}",LAT TX seq=4496 age_min_ms=67 age_max_ms=67
152357765300,screen,RX,4496,{},I (715530) LAT: RX seq=4496
152360684700,sensor,RTT,4496,"{""us"": 16066}",LAT RTT seq=4496 us=16066
152441691000,sensor,TX,4497,"{""age_min_ms"": 67, ""age_max_ms"": 67}","DIST: [0.0, 0.0, 0.0, 0.0, 367.9, 0.0]LAT TX seq=4497 age_min_ms=67 age_max_ms=67"
152445912200,screen,RX,4497,{},I (715620) LAT: RX seq=4497
152460657500,sensor,RTT,4497,"{""us"": 6084}",LAT RTT seq=4497 us=6084
152541621400,sensor,TX,4498,"{""age_min_ms"": 68, ""age_max_ms"": 68}",LAT TX seq=4498 age_min_ms=68 age_max_ms=68
152545585800,screen,RX,4498,{},I (715720) LAT: RX seq=4498
152560617100,sensor,RTT,4498,"{""us"": 3942}",LAT RTT seq=4498 us=3942
152641685800,sensor,TX,4499,"{""age_min_ms"": 67, ""age_max_ms"": 67}",LAT TX seq=4499 age_min_ms=67 age_max_ms=67
152650463200,screen,RX,4499,{},I (715820) LAT: RX seq=4499
152661742600,sensor,RTT,4499,"{""us"": 7888}",LAT RTT seq=4499 us=7888
152742640900,sensor,TX,4500,"{""age_min_ms"": 68, ""age_max_ms"": 68}",LAT TX seq=4500 age_min_ms=68 age_max_ms=68
152747249700,screen,RX,4500,{},I (715920) LAT: RX seq=4500
152761882100,sensor,RTT,4500,"{""us"": 3873}",LAT RTT seq=4500 us=3873
152842513400,sensor,TX,4501,"{""age_min_ms"": 68, ""age_max_ms"": 68}",LAT TX seq=4501 age_min_ms=68 age_max_ms=68
152846981100,screen,RX,4501,{},I (716020) LAT: RX seq=4501
152862674600,sensor,RTT,4501,"{""us"": 7707}",LAT RTT seq=4501 us=7707
152943594100,sensor,TX,4502,"{""age_min_ms"": 61, ""age_max_ms"": 61}",LAT TX seq=4502 age_min_ms=61 age_max_ms=61
152947810000,screen,RX,4502,{},I (716120) LAT: RX seq=4502
152962670600,sensor,RTT,4502,"{""us"": 4216}",LAT RTT seq=4502 us=4216
153043623100,sensor,TX,4503,"{""age_min_ms"": 29, ""age_max_ms"": 29}",LAT TX seq=4503 age_min_ms=29 age_max_ms=29
153047626600,screen,RX,4503,{},I (716220) LAT: RX seq=4503
153062718600,sensor,RTT,4503,"{""us"": 4416}",LAT RTT seq=4503 us=4416
153143613700,sensor,TX,4504,"{""age_min_ms"": 29, ""age_max_ms"": 29}",LAT TX seq=4504 age_min_ms=29 age_max_ms=29
153149252000,screen,RX,4504,{},I (716320) LAT: RX seq=4504
153163683100,sensor,RTT,4504,"{""us"": 5759}",LAT RTT seq=4504 us=5759
153244613000,sensor,TX,4505,"{""age_min_ms"": 62, ""age_max_ms"": 62}",LAT TX seq=4505 age_min_ms=62 age_max_ms=62
153251738500,screen,RX,4505,{},I (716430) LAT: RX seq=4505
153263686900,sensor,RTT,4505,"{""us"": 7189}",LAT RTT seq=4505 us=7189
153344597700,sensor,TX,4506,"{""age_min_ms"": 62, ""age_max_ms"": 62}",LAT TX seq=4506 age_min_ms=62 age_max_ms=62
153348733000,screen,RX,4506,{},I (716520) LAT: RX seq=4506
153363631200,sensor,RTT,4506,"{""us"": 4153}",LAT RTT seq=4506 us=4153
153444795700,sensor,TX,4507,"{""age_min_ms"": 70, ""age_max_ms"": 70}",LAT TX seq=4507 age_min_ms=70 age_max_ms=70
153448795400,screen,RX,4507,{},I (716620) LAT: RX seq=4507
153463742100,sensor,RTT,4507,"{""us"": 7497}",LAT RTT seq=4507 us=7497
153544599900,sensor,TX,4508,"{""age_min_ms"": 62, ""age_max_ms"": 62}",LAT TX seq=4508 age_min_ms=62 age_max_ms=62
153549101100,screen,RX,4508,{},I (716720) LAT: RX seq=4508
153563679300,sensor,RTT,4508,"{""us"": 4277}",LAT RTT seq=4508 us=4277
153644657400,sensor,TX,4509,"{""age_min_ms"": 70, ""age_max_ms"": 70}",LAT TX seq=4509 age_min_ms=70 age_max_ms=70
153650691900,screen,RX,4509,{},I (716820) LAT: RX seq=4509
153664699500,sensor,RTT,4509,"{""us"": 7613}",LAT RTT seq=4509 us=7613
153745713900,sensor,TX,4510,"{""age_min_ms"": 71, ""age_max_ms"": 71}",LAT TX seq=4510 age_min_ms=71 age_max_ms=71
153750499500,screen,RX,4510,{},I (716920) LAT: RX seq=4510
153764677300,sensor,RTT,4510,"{""us"": 4333}",LAT RTT seq=4510 us=4333
153845574600,sensor,TX,4511,"{""age_min_ms"": 63, ""age_max_ms"": 63}",LAT TX seq=4511 age_min_ms=63 age_max_ms=63
153850009200,screen,RX,4511,{},I (717020) LAT: RX seq=4511
153865791500,sensor,RTT,4511,"{""us"": 4970}",LAT RTT seq=4511 us=4970
153946568800,sensor,TX,4512,"{""age_min_ms"": 64, ""age_max_ms"": 64}",LAT TX seq=4512 age_min_ms=64 age_max_ms=64
153951335100,screen,RX,4512,{},I (717120) LAT: RX seq=4512
153965742800,sensor,RTT,4512,"{""us"": 4960}",LAT RTT seq=4512 us=4960
154046691100,sensor,TX,4513,"{""age_min_ms"": 23, ""age_max_ms"": 23}",LAT TX seq=4513 age_min_ms=23 age_max_ms=23
154052170700,screen,RX,4513,{},I (717230) LAT: RX seq=4513
154066729900,sensor,RTT,4513,"{""us"": 6930}",LAT RTT seq=4513 us=6930
154147761500,sensor,TX,4514,"{""age_min_ms"": 38, ""age_max_ms"": 38}",LAT TX seq=4514 age_min_ms=38 age_max_ms=38
154151661600,screen,RX,4514,{},I (717320) LAT: RX seq=4514
154167793500,sensor,RTT,4514,"{""us"": 3288}",LAT RTT seq=4514 us=3288
154248623300,sensor,TX,4515,"{""age_min_ms"": 80, ""age_max_ms"": 80}","DIST: [0.0, 0.0, 0.0, 0.0LAT TX seq=4515 age_min_ms=80 age_max_ms=80"
154253313100,screen,RX,4515,{},I (717430) LAT: RX seq=4515
154267707900,sensor,RTT,4515,"{""us"": 3948}",LAT RTT seq=4515 us=3948
154348645400,sensor,TX,4516,"{""age_min_ms"": 80, ""age_max_ms"": 80}",LAT TX seq=4516 age_min_ms=80 age_max_ms=80
154353092700,screen,RX,4516,{},I (717530) LAT: RX seq=4516
154367720800,sensor,RTT,4516,"{""us"": 3744}",LAT RTT seq=4516 us=3744
154448629000,sensor,TX,4517,"{""age_min_ms"": 80, ""age_max_ms"": 80}",LAT TX seq=4517 age_min_ms=80 age_max_ms=80
154452872600,screen,RX,4517,{},I (717630) LAT: RX seq=4517
154548588500,sensor,TX,4518,"{""age_min_ms"": 80, ""age_max_ms"": 80}",LAT TX seq=4518 age_min_ms=80 age_max_ms=80
154552984200,screen,RX,4518,{},I (717730) LAT: RX seq=4518
154567654500,sensor,RTT,4518,"{""us"": 4438}",LAT RTT seq=4518 us=4438
154648602800,sensor,TX,4519,"{""age_min_ms"": 75, ""age_max_ms"": 75}",LAT TX seq=4519 age_min_ms=75 age_max_ms=75
154652720900,screen,RX,4519,{},I (717830) LAT: RX seq=4519
154668701200,sensor,RTT,4519,"{""us"": 6597}",LAT RTT seq=4519 us=6597
154749544000,sensor,TX,4520,"{""age_min_ms"": 67, ""age_max_ms"": 67}",LAT TX seq=4520 age_min_ms=67 age_max_ms=67
154757603000,screen,RX,4520,{},I (717930) LAT: RX seq=4520
154768809100,sensor,RTT,4520,"{""us"": 11777}",LAT RTT seq=4520 us=11777
154849643100,sensor,TX,4521,"{""age_min_ms"": 81, ""age_max_ms"": 81}",LAT TX seq=4521 age_min_ms=81 age_max_ms=81
154854682500,screen,RX,4521,{},I (718030) LAT: RX seq=4521
154868768600,sensor,RTT,4521,"{""us"": 5137}",LAT RTT seq=4521 us=5137
154949514700,sensor,TX,4522,"{""age_min_ms"": 67, ""age_max_ms"": 67}",LAT TX seq=4522 age_min_ms=67 age_max_ms=67
154954465600,screen,RX,4522,{},I (718130) LAT: RX seq=4522
154968737300,sensor,RTT,4522,"{""us"": 4990}",LAT RTT seq=4522 us=4990
155049647500,sensor,TX,4523,"{""age_min_ms"": 40, ""age_max_ms"": 40}",LAT TX seq=4523 age_min_ms=40 age_max_ms=40
155054194900,screen,RX,4523,{},I (718230) LAT: RX seq=4523
155068762500,sensor,RTT,4523,"{""us"": 3937}",LAT RTT seq=4523 us=3937
155149594400,sensor,TX,4524,"{""age_min_ms"": 40, ""age_max_ms"": 40}",LAT TX seq=4524 age_min_ms=40 age_max_ms=40
155156779100,screen,RX,4524,{},I (718330) LAT: RX seq=4524
155168729500,sensor,RTT,4524,"{""us"": 7130}",LAT RTT seq=4524 us=7130
155249613900,sensor,TX,4525,"{""age_min_ms"": 81, ""age_max_ms"": 81}","DIST: [0.0, 0.0, 0.0, 0.0,LAT TX seq=4525 age_min_ms=81 age_max_ms=81"
155254437600,screen,RX,4525,{},I (718430) LAT: RX seq=4525
155268654500,sensor,RTT,4525,"{""us"": 4070}",LAT RTT seq=4525 us=4070
155349637500,sensor,TX,4526,"{""age_min_ms"": 81, ""age_max_ms"": 81}",LAT TX seq=4526 age_min_ms=81 age_max_ms=81
155356614400,screen,RX,4526,{},I (718530) LAT: RX seq=4526
155368671300,sensor,RTT,4526,"{""us"": 6837}",LAT RTT seq=4526 us=6837
155449634300,sensor,TX,4527,"{""age_min_ms"": 67, ""age_max_ms"": 67}",LAT TX seq=4527 age_min_ms=67 age_max_ms=67
155455071600,screen,RX,4527,{},I (718630) LAT: RX seq=4527
155468715800,sensor,RTT,4527,"{""us"": 6318}",LAT RTT seq=4527 us=6318
155549563900,sensor,TX,4528,"{""age_min_ms"": 81, ""age_max_ms"": 81}",LAT TX seq=4528 age_min_ms=81 age_max_ms=81
155554444100,screen,RX,4528,{},I (718730) LAT: RX seq=4528
155568672000,sensor,RTT,4528,"{""us"": 5304}",LAT RTT seq=4528 us=5304
155649724400,sensor,TX,4529,"{""age_min_ms"": 75, ""age_max_ms"": 75}",LAT TX seq=4529 age_min_ms=75 age_max_ms=75
155656881800,screen,RX,4529,{},I (718830) LAT: RX seq=4529
155669667800,sensor,RTT,4529,"{""us"": 6502}",LAT RTT seq=4529 us=6502
155750564200,sensor,TX,4530,"{""age_min_ms"": 82, ""age_max_ms"": 82}",LAT TX seq=4530 age_min_ms=82 age_max_ms=82
155754677800,screen,RX,4530,{},I (718930) LAT: RX seq=4530
155770741200,sensor,RTT,4530,"{""us"": 4346}",LAT RTT seq=4530 us=4346
155851544200,sensor,TX,4531,"{""age_min_ms"": 83, ""age_max_ms"": 83}",LAT TX seq=4531 age_min_ms=83 age_max_ms=83
155856471500,screen,RX,4531,{},I (719030) LAT: RX seq=4531
155870729100,sensor,RTT,4531,"{""us"": 3943}",LAT RTT seq=4531 us=3943
155951731700,sensor,TX,4532,"{""age_min_ms"": 83, ""age_max_ms"": 83}",LAT TX seq=4532 age_min_ms=83 age_max_ms=83
155956186500,screen,RX,4532,{},I (719130) LAT: RX seq=4532
155970674100,sensor,RTT,4532,"{""us"": 4644}",LAT RTT seq=4532 us=4644
156051621300,sensor,TX,4533,"{""age_min_ms"": 36, ""age_max_ms"": 36}",LAT TX seq=4533 age_min_ms=36 age_max_ms=36
156055944200,screen,RX,4533,{},I (719230) LAT: RX seq=4533
156071762100,sensor,RTT,4533,"{""us"": 4122}",LAT RTT seq=4533 us=4122
156152555500,sensor,TX,4534,"{""age_min_ms"": 37, ""age_max_ms"": 37}",LAT TX seq=4534 age_min_ms=37 age_max_ms=37
156157759800,screen,RX,4534,{},I (719330) LAT: RX seq=4534
156172720800,sensor,RTT,4534,"{""us"": 4865}",LAT RTT seq=4534 us=4865
156253569400,sensor,TX,4535,"{""age_min_ms"": 79, ""age_max_ms"": 79}",LAT TX seq=4535 age_min_ms=79 age_max_ms=79
156259160800,screen,RX,4535,{},I (719430) LAT: RX seq=4535
156272739900,sensor,RTT,4535,"{""us"": 7172}",LAT RTT seq=4535 us=7172
156353636800,sensor,TX,4536,"{""age_min_ms"": 85, ""age_max_ms"": 85}",LAT TX seq=4536 age_min_ms=85 age_max_ms=85
156359137700,screen,RX,4536,{},I (719530) LAT: RX seq=4536
156372727400,sensor,RTT,4536,"{""us"": 8355}",LAT RTT seq=4536 us=8355
156453749800,sensor,TX,4537,"{""age_min_ms"": 79, ""age_max_ms"": 79}",LAT TX seq=4537 age_min_ms=79 age_max_ms=79
156457860900,screen,RX,4537,{},I (719630) LAT: RX seq=4537
156472683200,sensor,RTT,4537,"{""us"": 3411}",LAT RTT seq=4537 us=3411
156553555400,sensor,TX,4538,"{""age_min_ms"": 79, ""age_max_ms"": 79}",LAT TX seq=4538 age_min_ms=79 age_max_ms=79
156559621700,screen,RX,4538,{},I (719730) LAT: RX seq=4538
156573725600,sensor,RTT,4538,"{""us"": 5402}",LAT RTT seq=4538 us=5402
156654625900,sensor,TX,4539,"{""age_min_ms"": 80, ""age_max_ms"": 80}",LAT TX seq=4539 age_min_ms=80 age_max_ms=80
156660020300,screen,RX,4539,{},I (719830) LAT: RX seq=4539
156674680000,sensor,RTT,4539,"{""us"": 5929}",LAT RTT seq=4539 us=5929
156759845400,screen,RX,4540,{},I (719930) LAT: RX seq=4540
156775722500,sensor,TX,4540,"{""age_min_ms"": 87, ""age_max_ms"": 87}",LAT TX seq=4540 age_min_ms=87 age_max_ms=87
156775866300,sensor,RTT,4540,"{""us"": 4392}",LAT RTT seq=4540 us=4392
156856715000,sensor,TX,4541,"{""age_min_ms"": 82, ""age_max_ms"": 82}",LAT TX seq=4541 age_min_ms=82 age_max_ms=82
156862987200,screen,RX,4541,{},I (720040) LAT: RX seq=4541
156875696000,sensor,RTT,4541,"{""us"": 6513}",LAT RTT seq=4541 us=6513
156956502900,sensor,TX,4542,"{""age_min_ms"": 82, ""age_max_ms"": 82}",LAT TX seq=4542 age_min_ms=82 age_max_ms=82
156961402700,screen,RX,4542,{},I (720130) LAT: RX seq=4542
156975748300,sensor,RTT,4542,"{""us"": 9002}",LAT RTT seq=4542 us=9002
157056749800,sensor,TX,4543,"{""age_min_ms"": 43, ""age_max_ms"": 43}",LAT TX seq=4543 age_min_ms=43 age_max_ms=43
157064483800,screen,RX,4543,{},I (720240) LAT: RX seq=4543
157076730900,sensor,RTT,4543,"{""us"": 10105}",LAT RTT seq=4543 us=10105
157157581400,sensor,TX,4544,"{""age_min_ms"": 42, ""age_max_ms"": 42}",LAT TX seq=4544 age_min_ms=42 age_max_ms=42
157162943600,screen,RX,4544,{},I (720340) LAT: RX seq=4544
157177733700,sensor,RTT,4544,"{""us"": 5035}",LAT RTT seq=4544 us=5035
157258643700,sensor,TX,4545,"{""age_min_ms"": 85, ""age_max_ms"": 85}",LAT TX seq=4545 age_min_ms=85 age_max_ms=85
157267293300,screen,RX,4545,{},I (720440) LAT: RX seq=4545
157277771600,sensor,RTT,4545,"{""us"": 8473}",LAT RTT seq=4545 us=8473
157358626400,sensor,TX,4546,"{""age_min_ms"": 84, ""age_max_ms"": 84}",LAT TX seq=4546 age_min_ms=84 age_max_ms=84
157365117900,screen,RX,4546,{},I (720540) LAT: RX seq=4546
157377875900,sensor,RTT,4546,"{""us"": 16182}",LAT RTT seq=4546 us=16182
157458646100,sensor,TX,4547,"{""age_min_ms"": 90, ""age_max_ms"": 90}",LAT TX seq=4547 age_min_ms=90 age_max_ms=90
157465087200,screen,RX,4547,{},I (720640) LAT: RX seq=4547
157477741100,sensor,RTT,4547,"{""us"": 5714}",LAT RTT seq=4547 us=5714
157558677100,sensor,TX,4548,"{""age_min_ms"": 84, ""age_max_ms"": 84}",LAT TX seq=4548 age_min_ms=84 age_max_ms=84
157563161000,screen,RX,4548,{},I (720740) LAT: RX seq=4548
157577780500,sensor,RTT,4548,"{""us"": 4394}",LAT RTT seq=4548 us=4394
157658680300,sensor,TX,4549,"{""age_min_ms"": 90, ""age_max_ms"": 90}",LAT TX seq=4549 age_min_ms=90 age_max_ms=90
157662825700,screen,RX,4549,{},I (720840) LAT: RX seq=4549
157678756000,sensor,RTT,4549,"{""us"": 5569}",LAT RTT seq=4549 us=5569
157759579100,sensor,TX,4550,"{""age_min_ms"": 91, ""age_max_ms"": 91}",LAT TX seq=4550 age_min_ms=91 age_max_ms=91
157764339400,screen,RX,4550,{},I (720940) LAT: RX seq=4550
157778750800,sensor,RTT,4550,"{""us"": 6918}",LAT RTT seq=4550 us=6918
157859567500,sensor,TX,4551,"{""age_min_ms"": 91, ""age_max_ms"": 91}",LAT TX seq=4551 age_min_ms=91 age_max_ms=91
157864086000,screen,RX,4551,{},I (721040) LAT: RX seq=4551
157878714400,sensor,RTT,4551,"{""us"": 4159}",LAT RTT seq=4551 us=4159
157959611600,sensor,TX,4552,"{""age_min_ms"": 91, ""age_max_ms"": 91}",LAT TX seq=4552 age_min_ms=91 age_max_ms=91
157966009000,screen,RX,4552,{},I (721140) LAT: RX seq=4552
157978700000,sensor,RTT,4552,"{""us"": 6139}",LAT RTT seq=4552 us=6139
158059526000,sensor,TX,4553,"{""age_min_ms"": 54, ""age_max_ms"": 54}",LAT TX seq=4553 age_min_ms=54 age_max_ms=54
158063808900,screen,RX,4553,{},I (721240) LAT: RX seq=4553
158079666000,sensor,RTT,4553,"{""us"": 4851}",LAT RTT seq=4553 us=4851
158160542400,sensor,TX,4554,"{""age_min_ms"": 51, ""age_max_ms"": 51}",LAT TX seq=4554 age_min_ms=51 age_max_ms=51
158165632900,screen,RX,4554,{},I (721340) LAT: RX seq=4554
158180765500,sensor,RTT,4554,"{""us"": 6408}",LAT RTT seq=4554 us=6408
158261690200,sensor,TX,4555,"{""age_min_ms"": 87, ""age_max_ms"": 87}",LAT TX seq=4555 age_min_ms=87 age_max_ms=87
158267018400,screen,RX,4555,{},I (721440) LAT: RX seq=4555
158280769700,sensor,RTT,4555,"{""us"": 5550}",LAT RTT seq=4555 us=5550
158361551400,sensor,TX,4556,"{""age_min_ms"": 87, ""age_max_ms"": 87}",LAT TX seq=4556 age_min_ms=87 age_max_ms=87
158365787500,screen,RX,4556,{},I (721540) LAT: RX seq=4556
158380699300,sensor,RTT,4556,"{""us"": 4079}",LAT RTT seq=4556 us=4079
158461542200,sensor,TX,4557,"{""age_min_ms"": 87, ""age_max_ms"": 87}",LAT TX seq=4557 age_min_ms=87 age_max_ms=87
158465734400,screen,RX,4557,{},I (721640) LAT: RX seq=4557
158480752800,sensor,RTT,4557,"{""us"": 3338}",LAT RTT seq=4557 us=3338
158561623300,sensor,TX,4558,"{""age_min_ms"": 87, ""age_max_ms"": 87}",LAT TX seq=4558 age_min_ms=87 age_max_ms=87
158565885800,screen,RX,4558,{},I (721740) LAT: RX seq=4558
158580727400,sensor,RTT,4558,"{""us"": 3956}",LAT RTT seq=4558 us=3956
158661571300,sensor,TX,4559,"{""age_min_ms"": 87, ""age_max_ms"": 87}",LAT TX seq=4559 age_min_ms=87 age_max_ms=87
158666364800,screen,RX,4559,{},I (721840) LAT: RX seq=4559
158681707600,sensor,RTT,4559,"{""us"": 8680}",LAT RTT seq=4559 us=8680
158762503700,sensor,TX,4560,"{""age_min_ms"": 88, ""age_max_ms"": 88}",LAT TX seq=4560 age_min_ms=88 age_max_ms=88
158766652900,screen,RX,4560,{},I (721940) LAT: RX seq=4560
158781726300,sensor,RTT,4560,"{""us"": 3418}",LAT RTT seq=4560 us=3418
158862753200,sensor,TX,4561,"{""age_min_ms"": 88, ""age_max_ms"": 88}",LAT TX seq=4561 age_min_ms=88 age_max_ms=88
158866947000,screen,RX,4561,{},I (722040) LAT: RX seq=4561
158881743400,sensor,RTT,4561,"{""us"": 11085}",LAT RTT seq=4561 us=11085
158962567300,sensor,TX,4562,"{""age_min_ms"": 88, ""age_max_ms"": 88}",LAT TX seq=4562 age_min_ms=88 age_max_ms=88
158966663200,screen,RX,4562,{},I (722140) LAT: RX seq=4562
158981695800,sensor,RTT,4562,"{""us"": 4450}",LAT RTT seq=4562 us=4450
159062544600,sensor,TX,4563,"{""age_min_ms"": 47, ""age_max_ms"": 47}",LAT TX seq=4563 age_min_ms=47 age_max_ms=47
159067443200,screen,RX,4563,{},I (722240) LAT: RX seq=4563
159082659500,sensor,RTT,4563,"{""us"": 10564}",LAT RTT seq=4563 us=10564
159163865400,sensor,TX,4564,"{""age_min_ms"": 54, ""age_max_ms"": 54}",LAT TX seq=4564 age_min_ms=54 age_max_ms=54
159167949900,screen,RX,4564,{},I (722340) LAT: RX seq=4564
159183767100,sensor,RTT,4564,"{""us"": 3391}",LAT RTT seq=4564 us=3391
159264679200,sensor,TX,4565,"{""age_min_ms"": 90, ""age_max_ms"": 90}",LAT TX seq=4565 age_min_ms=90 age_max_ms=90
159268658700,screen,RX,4565,{},I (722440) LAT: RX seq=4565
159283750200,sensor,RTT,4565,"{""us"": 6170}",LAT RTT seq=4565 us=6170
159364556200,sensor,TX,4566,"{""age_min_ms"": 90, ""age_max_ms"": 90}",LAT TX seq=4566 age_min_ms=90 age_max_ms=90
159369515900,screen,RX,4566,{},I (722540) LAT: RX seq=4566
159464674800,sensor,RTT,4566,"{""us"": 4127}",LAT RTT seq=4566 us=4127
159464674800,sensor,TX,4567,"{""age_min_ms"": 91, ""age_max_ms"": 91}",LAT TX seq=4567 age_min_ms=91 age_max_ms=91
159469498100,screen,RX,4567,{},I (722640) LAT: RX seq=4567
159483783800,sensor,RTT,4567,"{""us"": 5458}",LAT RTT seq=4567 us=5458
159564649900,sensor,TX,4568,"{""age_min_ms"": 91, ""age_max_ms"": 91}",LAT TX seq=4568 age_min_ms=91 age_max_ms=91
159569557300,screen,RX,4568,{},I (722740) LAT: RX seq=4568
159583751700,sensor,RTT,4568,"{""us"": 5163}",LAT RTT seq=4568 us=5163
159664710600,sensor,TX,4569,"{""age_min_ms"": 90, ""age_max_ms"": 90}",LAT TX seq=4569 age_min_ms=90 age_max_ms=90
159669580700,screen,RX,4569,{},I (722840) LAT: RX seq=4569
159685455400,sensor,RTT,4569,"{""us"": 5096}",LAT RTT seq=4569 us=5096
159765615300,sensor,TX,4570,"{""age_min_ms"": 91, ""age_max_ms"": 91}",LAT TX seq=4570 age_min_ms=91 age_max_ms=91
159769740700,screen,RX,4570,{},I (722940) LAT: RX seq=4570
159785785700,sensor,RTT,4570,"{""us"": 5308}",LAT RTT seq=4570 us=5308
159866578100,sensor,TX,4571,"{""age_min_ms"": 98, ""age_max_ms"": 98}",LAT TX seq=4571 age_min_ms=98 age_max_ms=98
159871520500,screen,RX,4571,{},I (723040) LAT: RX seq=4571
159886749100,sensor,RTT,4571,"{""us"": 5136}",LAT RTT seq=4571 us=5136
159967640800,sensor,TX,4572,"{""age_min_ms"": 93, ""age_max_ms"": 93}",LAT TX seq=4572 age_min_ms=93 age_max_ms=93
159971829700,screen,RX,4572,{},I (723150) LAT: RX seq=4572
159986777500,sensor,RTT,4572,"{""us"": 3759}",LAT RTT seq=4572 us=3759
160067581600,sensor,TX,4573,"{""age_min_ms"": 52, ""age_max_ms"": 52}",LAT TX seq=4573 age_min_ms=52 age_max_ms=52
160074178500,screen,RX,4573,{},I (723250) LAT: RX seq=4573
160087740500,sensor,RTT,4573,"{""us"": 6480}",LAT RTT seq=4573 us=6480
160173594100,screen,RX,4574,{},I (723350) LAT: RX seq=4574
160187841700,sensor,TX,4574,"{""age_min_ms"": 0, ""age_max_ms"": 0}",LAT TX seq=4574 age_min_ms=0 age_max_ms=0
160187841700,sensor,RTT,4574,"{""us"": 4040}",LAT RTT seq=4574 us=4040
160268660500,sensor,TX,4575,"{""age_min_ms"": 100, ""age_max_ms"": 100}",LAT TX seq=4575 age_min_ms=100 age_max_ms=100
160276710500,screen,RX,4575,{},I (723450) LAT: RX seq=4575
160287908300,sensor,RTT,4575,"{""us"": 18246}",LAT RTT seq=4575 us=18246
160368612500,sensor,TX,4576,"{""age_min_ms"": 94, ""age_max_ms"": 94}",LAT TX seq=4576 age_min_ms=94 age_max_ms=94
160374325900,screen,RX,4576,{},I (723550) LAT: RX seq=4576
160387814500,sensor,RTT,4576,"{""us"": 5820}",LAT RTT seq=4576 us=5820
160468664300,sensor,TX,4577,"{""age_min_ms"": 0, ""age_max_ms"": 0}",LAT TX seq=4577 age_min_ms=0 age_max_ms=0
160474191800,screen,RX,4577,{},I (723650) LAT: RX seq=4577
160487745100,sensor,RTT,4577,"{""us"": 4610}",LAT RTT seq=4577 us=4610
160568630800,sensor,TX,4578,"{""age_min_ms"": 100, ""age_max_ms"": 100}",LAT TX seq=4578 age_min_ms=100 age_max_ms=100
160575284400,screen,RX,4578,{},I (723750) LAT: RX seq=4578
160587795200,sensor,RTT,4578,"{""us"": 12404}",LAT RTT seq=4578 us=12404
160668590000,sensor,TX,4579,"{""age_min_ms"": 94, ""age_max_ms"": 94}",LAT TX seq=4579 age_min_ms=94 age_max_ms=94
160673448300,screen,RX,4579,{},I (723850) LAT: RX seq=4579
160688775900,sensor,RTT,4579,"{""us"": 8102}",LAT RTT seq=4579 us=8102
160769599900,sensor,TX,4580,"{""age_min_ms"": 1, ""age_max_ms"": 1}",LAT TX seq=4580 age_min_ms=1 age_max_ms=1
160773836000,screen,RX,4580,{},I (723950) LAT: RX seq=4580
160788738100,sensor,RTT,4580,"{""us"": 9167}",LAT RTT seq=4580 us=9167
160869648800,sensor,TX,4581,"{""age_min_ms"": 1, ""age_max_ms"": 1}",LAT TX seq=4581 age_min_ms=1 age_max_ms=1
160873901400,screen,RX,4581,{},I (724050) LAT: RX seq=4581
160889768100,sensor,RTT,4581,"{""us"": 4077}",LAT RTT seq=4581 us=4077
160970800400,sensor,TX,4582,"{""age_min_ms"": 102, ""age_max_ms"": 102}",LAT TX seq=4582 age_min_ms=102 age_max_ms=102
160975704500,screen,RX,4582,{},I (724150) LAT: RX seq=4582
160989771500,sensor,RTT,4582,"{""us"": 4374}",LAT RTT seq=4582 us=4374
161070868700,sensor,TX,4583,"{""age_min_ms"": 61, ""age_max_ms"": 61}",LAT TX seq=4583 age_min_ms=61 age_max_ms=61
161081204100,screen,RX,4583,{},I (724250) LAT: RX seq=4583
161090733800,sensor,RTT,4583,"{""us"": 10756}",LAT RTT seq=4583 us=10756
161171578300,sensor,TX,4584,"{""age_min_ms"": 56, ""age_max_ms"": 56}",LAT TX seq=4584 age_min_ms=56 age_max_ms=56
161175886700,screen,RX,4584,{},I (724350) LAT: RX seq=4584
161272760900,sensor,RTT,4584,"{""us"": 3983}",LAT RTT seq=4584 us=3983
161272760900,sensor,TX,4585,"{""age_min_ms"": 0, ""age_max_ms"": 0}",LAT TX seq=4585 age_min_ms=0 age_max_ms=0
161278337300,screen,RX,4585,{},I (724450) LAT: RX seq=4585
161292724400,sensor,RTT,4585,"{""us"": 5885}",LAT RTT seq=4585 us=5885
161373568900,sensor,TX,4586,"{""age_min_ms"": 1, ""age_max_ms"": 1}",LAT TX seq=4586 age_min_ms=1 age_max_ms=1
161377937700,screen,RX,4586,{},I (724550) LAT: RX seq=4586
161392757000,sensor,RTT,4586,"{""us"": 4094}",LAT RTT seq=4586 us=4094
161473586100,sensor,TX,4587,"{""age_min_ms"": 5, ""age_max_ms"": 5}",LAT TX seq=4587 age_min_ms=5 age_max_ms=5
161477993700,screen,RX,4587,{},I (724650) LAT: RX seq=4587
161492766700,sensor,RTT,4587,"{""us"": 3953}",LAT RTT seq=4587 us=3953
161573587600,sensor,TX,4588,"{""age_min_ms"": 5, ""age_max_ms"": 5}",LAT TX seq=4588 age_min_ms=5 age_max_ms=5
161577928400,screen,RX,4588,{},I (724750) LAT: RX seq=4588
161592716900,sensor,RTT,4588,"{""us"": 4637}",LAT RTT seq=4588 us=4637
161673652300,sensor,TX,4589,"{""age_min_ms"": 5, ""age_max_ms"": 5}",LAT TX seq=4589 age_min_ms=5 age_max_ms=5
161677801800,screen,RX,4589,{},I (724850) LAT: RX seq=4589
161692712900,sensor,RTT,4589,"{""us"": 3714}",LAT RTT seq=4589 us=3714
161773839300,sensor,TX,4590,"{""age_min_ms"": 105, ""age_max_ms"": 105}",LAT TX seq=4590 age_min_ms=105 age_max_ms=105
161779020000,screen,RX,4590,{},I (724950) LAT: RX seq=4590
161792765700,sensor,RTT,4590,"{""us"": 7357}",LAT RTT seq=4590 us=7357
161873760500,sensor,TX,4591,"{""age_min_ms"": 5, ""age_max_ms"": 5}",LAT TX seq=4591 age_min_ms=5 age_max_ms=5
161881295700,screen,RX,4591,{},I (725050) LAT: RX seq=4591
161893780500,sensor,RTT,4591,"{""us"": 8986}",LAT RTT seq=4591 us=8986
161974586100,sensor,TX,4592,"{""age_min_ms"": 106, ""age_max_ms"": 106}",LAT TX seq=4592 age_min_ms=106 age_max_ms=106
161978675400,screen,RX,4592,{},I (725150) LAT: RX seq=4592
161994652300,sensor,RTT,4592,"{""us"": 7629}",LAT RTT seq=4592 us=7629
162075586500,sensor,TX,4593,"{""age_min_ms"": 66, ""age_max_ms"": 66}",LAT TX seq=4593 age_min_ms=66 age_max_ms=66
162082550400,screen,RX,4593,{},I (725260) LAT: RX seq=4593
162094712100,sensor,RTT,4593,"{""us"": 6273}",LAT RTT seq=4593 us=6273
162175937800,sensor,TX,4594,"{""age_min_ms"": 7, ""age_max_ms"": 7}",LAT TX seq=4594 age_min_ms=7 age_max_ms=7
162180107900,screen,RX,4594,{},I (725350) LAT: RX seq=4594
162195734300,sensor,RTT,4594,"{""us"": 4395}",LAT RTT seq=4594 us=4395
162276828500,sensor,TX,4595,"{""age_min_ms"": 2, ""age_max_ms"": 2}",LAT TX seq=4595 age_min_ms=2 age_max_ms=2
162282561100,screen,RX,4595,{},I (725460) LAT: RX seq=4595
162295732100,sensor,RTT,4595,"{""us"": 5934}",LAT RTT seq=4595 us=5934
162376579300,sensor,TX,4596,"{""age_min_ms"": 8, ""age_max_ms"": 8}",LAT TX seq=4596 age_min_ms=8 age_max_ms=8
162382856300,screen,RX,4596,{},I (725560) LAT: RX seq=4596
162395717300,sensor,RTT,4596,"{""us"": 5759}",LAT RTT seq=4596 us=5759
162476598000,sensor,TX,4597,"{""age_min_ms"": 8, ""age_max_ms"": 8}",LAT TX seq=4597 age_min_ms=8 age_max_ms=8
162484822900,screen,RX,4597,{},I (725660) LAT: RX seq=4597
162495751700,sensor,RTT,4597,"{""us"": 8204}",LAT RTT seq=4597 us=8204
162576568200,sensor,TX,4598,"{""age_min_ms"": 8, ""age_max_ms"": 8}",LAT TX seq=4598 age_min_ms=8 age_max_ms=8
162581505400,screen,RX,4598,{},I (725750) LAT: RX seq=4598
162595795300,sensor,RTT,4598,"{""us"": 4200}",LAT RTT seq=4598 us=4200
162676555400,sensor,TX,4599,"{""age_min_ms"": 108, ""age_max_ms"": 108}",LAT TX seq=4599 age_min_ms=108 age_max_ms=108
162681468700,screen,RX,4599,{},I (725850) LAT: RX seq=4599
162696734700,sensor,RTT,4599,"{""us"": 5887}",LAT RTT seq=4599 us=5887
162777561800,sensor,TX,4600,"{""age_min_ms"": 9, ""age_max_ms"": 9}",LAT TX seq=4600 age_min_ms=9 age_max_ms=9
162781704700,screen,RX,4600,{},I (725950) LAT: RX seq=4600
162797746800,sensor,RTT,4600,"{""us"": 4483}",LAT RTT seq=4600 us=4483
162878632100,sensor,TX,4601,"{""age_min_ms"": 10, ""age_max_ms"": 10}",LAT TX seq=4601 age_min_ms=10 age_max_ms=10
162883865700,screen,RX,4601,{},I (726060) LAT: RX seq=4601
162898725400,sensor,RTT,4601,"{""us"": 5434}",LAT RTT seq=4601 us=5434
162979626800,sensor,TX,4602,"{""age_min_ms"": 111, ""age_max_ms"": 111}",LAT TX seq=4602 age_min_ms=111 age_max_ms=111
162986663500,screen,RX,4602,{},I (726160) LAT: RX seq=4602
162998653700,sensor,RTT,4602,"{""us"": 6854}",LAT RTT seq=4602 us=6854
163079564400,sensor,TX,4603,"{""age_min_ms"": 70, ""age_max_ms"": 70}",LAT TX seq=4603 age_min_ms=70 age_max_ms=70
163086062600,screen,RX,4603,{},I (726260) LAT: RX seq=4603
163098713400,sensor,RTT,4603,"{""us"": 6143}",LAT RTT seq=4603 us=6143
163179761500,sensor,TX,4604,"{""age_min_ms"": 70, ""age_max_ms"": 70}",LAT TX seq=4604 age_min_ms=70 age_max_ms=70
163183647900,screen,RX,4604,{},I (726360) LAT: RX seq=4604
163199811300,sensor,RTT,4604,"{""us"": 6210}",LAT RTT seq=4604 us=6210
163280578400,sensor,TX,4605,"{""age_min_ms"": 12, ""age_max_ms"": 12}",LAT TX seq=4605 age_min_ms=12 age_max_ms=12
163288505800,screen,RX,4605,{},I (726460) LAT: RX seq=4605
163299752700,sensor,RTT,4605,"{""us"": 7831}",LAT RTT seq=4605 us=7831
163380725400,sensor,TX,4606,"{""age_min_ms"": 12, ""age_max_ms"": 12}",LAT TX seq=4606 age_min_ms=12 age_max_ms=12
163385504100,screen,RX,4606,{},I (726560) LAT: RX seq=4606
163399742500,sensor,RTT,4606,"{""us"": 4684}",LAT RTT seq=4606 us=4684
163480520700,sensor,TX,4607,"{""age_min_ms"": 12, ""age_max_ms"": 12}",LAT TX seq=4607 age_min_ms=12 age_max_ms=12
163484601400,screen,RX,4607,{},I (726660) LAT: RX seq=4607
163499674300,sensor,RTT,4607,"{""us"": 5116}",LAT RTT seq=4607 us=5116
163580741400,sensor,TX,4608,"{""age_min_ms"": 112, ""age_max_ms"": 112}",LAT TX seq=4608 age_min_ms=112 age_max_ms=112
163586425900,screen,RX,4608,{},I (726760) LAT: RX seq=4608
163599773800,sensor,RTT,4608,"{""us"": 5212}",LAT RTT seq=4608 us=5212
163680587600,sensor,TX,4609,"{""age_min_ms"": 12, ""age_max_ms"": 12}",LAT TX seq=4609 age_min_ms=12 age_max_ms=12
163685498900,screen,RX,4609,{},I (726860) LAT: RX seq=4609
163700801100,sensor,RTT,4609,"{""us"": 5353}",LAT RTT seq=4609 us=5353
163781552300,sensor,TX,4610,"{""age_min_ms"": 113, ""age_max_ms"": 113}",LAT TX seq=4610 age_min_ms=113 age_max_ms=113
163785902400,screen,RX,4610,{},I (726960) LAT: RX seq=4610
163800761300,sensor,RTT,4610,"{""us"": 3339}",LAT RTT seq=4610 us=3339
163881553000,sensor,TX,4611,"{""age_min_ms"": 13, ""age_max_ms"": 13}",LAT TX seq=4611 age_min_ms=13 age_max_ms=13
163885810300,screen,RX,4611,{},I (727060) LAT: RX seq=4611
163901751000,sensor,RTT,4611,"{""us"": 3557}",LAT RTT seq=4611 us=3557
163982575800,sensor,TX,4612,"{""age_min_ms"": 114, ""age_max_ms"": 114}",LAT TX seq=4612 age_min_ms=114 age_max_ms=114
163988182900,screen,RX,4612,{},I (727160) LAT: RX seq=4612
164001731900,sensor,RTT,4612,"{""us"": 8237}",LAT RTT seq=4612 us=8237
164082639800,sensor,TX,4613,"{""age_min_ms"": 66, ""age_max_ms"": 66}",LAT TX seq=4613 age_min_ms=66 age_max_ms=66
164087616500,screen,RX,4613,{},I (727260) LAT: RX seq=4613
164102705100,sensor,RTT,4613,"{""us"": 5668}",LAT RTT seq=4613 us=5668
164183680900,sensor,TX,4614,"{""age_min_ms"": 10, ""age_max_ms"": 10}",LAT TX seq=4614 age_min_ms=10 age_max_ms=10
164187854700,screen,RX,4614,{},I (727360) LAT: RX seq=4614
164203721400,sensor,RTT,4614,"{""us"": 3962}",LAT RTT seq=4614 us=3962
164284634500,sensor,TX,4615,"{""age_min_ms"": 10, ""age_max_ms"": 10}",LAT TX seq=4615 age_min_ms=10 age_max_ms=10
164290088800,screen,RX,4615,{},I (727460) LAT: RX seq=4615
164303757800,sensor,RTT,4615,"{""us"": 12196}",LAT RTT seq=4615 us=12196
164384572000,sensor,TX,4616,"{""age_min_ms"": 10, ""age_max_ms"": 10}",LAT TX seq=4616 age_min_ms=10 age_max_ms=10
164389485300,screen,RX,4616,{},I (727560) LAT: RX seq=4616
164403785400,sensor,RTT,4616,"{""us"": 6456}",LAT RTT seq=4616 us=6456
164484622900,sensor,TX,4617,"{""age_min_ms"": 10, ""age_max_ms"": 10}",LAT TX seq=4617 age_min_ms=10 age_max_ms=10
164489567400,screen,RX,4617,{},I (727660) LAT: RX seq=4617
164503723800,sensor,RTT,4617,"{""us"": 9592}",LAT RTT seq=4617 us=9592
164584566900,sensor,TX,4618,"{""age_min_ms"": 16, ""age_max_ms"": 16}",LAT TX seq=4618 age_min_ms=16 age_max_ms=16
164590130600,screen,RX,4618,{},I (727760) LAT: RX seq=4618
164603751600,sensor,RTT,4618,"{""us"": 6001}",LAT RTT seq=4618 us=6001
164684545700,sensor,TX,4619,"{""age_min_ms"": 10, ""age_max_ms"": 10}",LAT TX seq=4619 age_min_ms=10 age_max_ms=10
164689251000,screen,RX,4619,{},I (727860) LAT: RX seq=4619
164704692100,sensor,RTT,4619,"{""us"": 5259}",LAT RTT seq=4619 us=5259
164785640400,sensor,TX,4620,"{""age_min_ms"": 11, ""age_max_ms"": 11}",LAT TX seq=4620 age_min_ms=11 age_max_ms=11
164789796900,screen,RX,4620,{},I (727960) LAT: RX seq=4620
164804802700,sensor,RTT,4620,"{""us"": 3361}",LAT RTT seq=4620 us=3361
164885592600,sensor,TX,4621,"{""age_min_ms"": 11, ""age_max_ms"": 11}",LAT TX seq=4621 age_min_ms=11 age_max_ms=11
164889741100,screen,RX,4621,{},I (728060) LAT: RX seq=4621
164905739500,sensor,RTT,4621,"{""us"": 6106}",LAT RTT seq=4621 us=6106
164986557100,sensor,TX,4622,"{""age_min_ms"": 112, ""age_max_ms"": 112}",LAT TX seq=4622 age_min_ms=112 age_max_ms=112
164991341100,screen,RX,4622,{},I (728160) LAT: RX seq=4622
165005693300,sensor,RTT,4622,"{""us"": 4914}",LAT RTT seq=4622 us=4914
165086555400,sensor,TX,4623,"{""age_min_ms"": 72, ""age_max_ms"": 72}",LAT TX seq=4623 age_min_ms=72 age_max_ms=72
165091241000,screen,RX,4623,{},I (728260) LAT: RX seq=4623
165105806500,sensor,RTT,4623,"{""us"": 3889}",LAT RTT seq=4623 us=3889
165186838200,sensor,TX,4624,"{""age_min_ms"": 12, ""age_max_ms"": 12}",LAT TX seq=4624 age_min_ms=12 age_max_ms=12
165193664700,screen,RX,4624,{},I (728370) LAT: RX seq=4624
165205738400,sensor,RTT,4624,"{""us"": 6846}",LAT RTT seq=4624 us=6846
165286531000,sensor,TX,4625,"{""age_min_ms"": 12, ""age_max_ms"": 12}",LAT TX seq=4625 age_min_ms=12 age_max_ms=12
165291475000,screen,RX,4625,{},I (728460) LAT: RX seq=4625
165305761000,sensor,RTT,4625,"{""us"": 5336}",LAT RTT seq=4625 us=5336
165386991800,sensor,TX,4626,"{""age_min_ms"": 12, ""age_max_ms"": 12}",LAT TX seq=4626 age_min_ms=12 age_max_ms=12
165396690900,screen,RX,4626,{},I (728570) LAT: RX seq=4626
165405817900,sensor,RTT,4626,"{""us"": 9594}",LAT RTT seq=4626 us=9594
165486610400,sensor,TX,4627,"{""age_min_ms"": 12, ""age_max_ms"": 12}",LAT TX seq=4627 age_min_ms=12 age_max_ms=12
165491597700,screen,RX,4627,{},I (728660) LAT: RX seq=4627
165505788400,sensor,RTT,4627,"{""us"": 10366}",LAT RTT seq=4627 us=10366
165586602000,sensor,TX,4628,"{""age_min_ms"": 12, ""age_max_ms"": 12}",LAT TX seq=4628 age_min_ms=12 age_max_ms=12
165591228800,screen,RX,4628,{},I (728760) LAT: RX seq=4628
165605864100,sensor,RTT,4628,"{""us"": 3680}",LAT RTT seq=4628 us=3680
165686620300,sensor,TX,4629,"{""age_min_ms"": 12, ""age_max_ms"": 12}",LAT TX seq=4629 age_min_ms=12 age_max_ms=12
165691712000,screen,RX,4629,{},I (728860) LAT: RX seq=4629
165706766600,sensor,RTT,4629,"{""us"": 4510}",LAT RTT seq=4629 us=4510
165787707600,sensor,TX,4630,"{""age_min_ms"": 13, ""age_max_ms"": 13}",LAT TX seq=4630 age_min_ms=13 age_max_ms=13
165791781300,screen,RX,4630,{},I (728970) LAT: RX seq=4630
165807804500,sensor,RTT,4630,"{""us"": 5661}",LAT RTT seq=4630 us=5661
165888793600,sensor,TX,4631,"{""age_min_ms"": 14, ""age_max_ms"": 14}",LAT TX seq=4631 age_min_ms=14 age_max_ms=14
165893316000,screen,RX,4631,{},I (729070) LAT: RX seq=4631
165908830100,sensor,RTT,4631,"{""us"": 6365}",LAT RTT seq=4631 us=6365
165989619100,sensor,TX,4632,"{""age_min_ms"": 115, ""age_max_ms"": 115}",LAT TX seq=4632 age_min_ms=115 age_max_ms=115
165996715500,screen,RX,4632,{},I (729170) LAT: RX seq=4632
166008918400,sensor,RTT,4632,"{""us"": 11796}",LAT RTT seq=4632 us=11796
166089688100,sensor,TX,4633,"{""age_min_ms"": 74, ""age_max_ms"": 74}",LAT TX seq=4633 age_min_ms=74 age_max_ms=74
166093622600,screen,RX,4633,{},I (729270) LAT: RX seq=4633
166108773400,sensor,RTT,4633,"{""us"": 3555}",LAT RTT seq=4633 us=3555
166189544200,sensor,TX,4634,"{""age_min_ms"": 15, ""age_max_ms"": 15}",LAT TX seq=4634 age_min_ms=15 age_max_ms=15
166197455600,screen,RX,4634,{},I (729370) LAT: RX seq=4634
166208703500,sensor,RTT,4634,"{""us"": 8528}",LAT RTT seq=4634 us=8528
166289696400,sensor,TX,4635,"{""age_min_ms"": 7, ""age_max_ms"": 7}",LAT TX seq=4635 age_min_ms=7 age_max_ms=7
166294623000,screen,RX,4635,{},I (729470) LAT: RX seq=4635
166308820600,sensor,RTT,4635,"{""us"": 5465}",LAT RTT seq=4635 us=5465
166389550200,sensor,TX,4636,"{""age_min_ms"": 7, ""age_max_ms"": 7}",LAT TX seq=4636 age_min_ms=7 age_max_ms=7
166395505900,screen,RX,4636,{},I (729570) LAT: RX seq=4636
166408775100,sensor,RTT,4636,"{""us"": 4969}",LAT RTT seq=4636 us=4969
166489728200,sensor,TX,4637,"{""age_min_ms"": 7, ""age_max_ms"": 7}",LAT TX seq=4637 age_min_ms=7 age_max_ms=7
166494628600,screen,RX,4637,{},I (729670) LAT: RX seq=4637
166508737800,sensor,RTT,4637,"{""us"": 9408}",LAT RTT seq=4637 us=9408
166589594800,sensor,TX,4638,"{""age_min_ms"": 7, ""age_max_ms"": 7}",LAT TX seq=4638 age_min_ms=7 age_max_ms=7
166594035800,screen,RX,4638,{},I (729770) LAT: RX seq=4638
166608778900,sensor,RTT,4638,"{""us"": 4635}",LAT RTT seq=4638 us=4635
166689687200,sensor,TX,4639,"{""age_min_ms"": 7, ""age_max_ms"": 7}",LAT TX seq=4639 age_min_ms=7 age_max_ms=7
166693770300,screen,RX,4639,{},I (729870) LAT: RX seq=4639
166709751600,sensor,RTT,4639,"{""us"": 5325}",LAT RTT seq=4639 us=5325
166790724400,sensor,TX,4640,"{""age_min_ms"": 17, ""age_max_ms"": 17}",LAT TX seq=4640 age_min_ms=17 age_max_ms=17
166795747300,screen,RX,4640,{},I (729970) LAT: RX seq=4640
166809717100,sensor,RTT,4640,"{""us"": 4442}",LAT RTT seq=4640 us=4442
166890644300,sensor,TX,4641,"{""age_min_ms"": 8, ""age_max_ms"": 8}",LAT TX seq=4641 age_min_ms=8 age_max_ms=8
166895046700,screen,RX,4641,{},I (730070) LAT: RX seq=4641
166910813000,sensor,RTT,4641,"{""us"": 4521}",LAT RTT seq=4641 us=4521
166991858300,sensor,TX,4642,"{""age_min_ms"": 109, ""age_max_ms"": 109}",LAT TX seq=4642 age_min_ms=109 age_max_ms=109
166997329500,screen,RX,4642,{},I (730170) LAT: RX seq=4642
167011772000,sensor,RTT,4642,"{""us"": 5941}",LAT RTT seq=4642 us=5941
167092591000,sensor,TX,4643,"{""age_min_ms"": 78, ""age_max_ms"": 78}",LAT TX seq=4643 age_min_ms=78 age_max_ms=78
167099592800,screen,RX,4643,{},I (730270) LAT: RX seq=4643
167111773100,sensor,RTT,4643,"{""us"": 6321}",LAT RTT seq=4643 us=6321
167192705500,sensor,TX,4644,"{""age_min_ms"": 10, ""age_max_ms"": 10}",LAT TX seq=4644 age_min_ms=10 age_max_ms=10
167197128800,screen,RX,4644,{},I (730370) LAT: RX seq=4644
167211800400,sensor,RTT,4644,"{""us"": 5464}",LAT RTT seq=4644 us=5464
167292519300,sensor,TX,4645,"{""age_min_ms"": 18, ""age_max_ms"": 18}",LAT TX seq=4645 age_min_ms=18 age_max_ms=18
167296921300,screen,RX,4645,{},I (730470) LAT: RX seq=4645
167311724100,sensor,RTT,4645,"{""us"": 7068}",LAT RTT seq=4645 us=7068
167392730500,sensor,TX,4646,"{""age_min_ms"": 18, ""age_max_ms"": 18}",LAT TX seq=4646 age_min_ms=18 age_max_ms=18
167397416900,screen,RX,4646,{},I (730570) LAT: RX seq=4646
167411804500,sensor,RTT,4646,"{""us"": 4556}",LAT RTT seq=4646 us=4556
167492604200,sensor,TX,4647,"{""age_min_ms"": 18, ""age_max_ms"": 18}",LAT TX seq=4647 age_min_ms=18 age_max_ms=18
167496876400,screen,RX,4647,{},I (730670) LAT: RX seq=4647
167511722900,sensor,RTT,4647,"{""us"": 4800}",LAT RTT seq=4647 us=4800
167592687500,sensor,TX,4648,"{""age_min_ms"": 18, ""age_max_ms"": 18}",LAT TX seq=4648 age_min_ms=18 age_max_ms=18
167596769000,screen,RX,4648,{},I (730770) LAT: RX seq=4648
167611721800,sensor,RTT,4648,"{""us"": 4440}",LAT RTT seq=4648 us=4440
167692628600,sensor,TX,4649,"{""age_min_ms"": 18, ""age_max_ms"": 18}",LAT TX seq=4649 age_min_ms=18 age_max_ms=18
167699033100,screen,RX,4649,{},I (730870) LAT: RX seq=4649
167712816600,sensor,RTT,4649,"{""us"": 6059}",LAT RTT seq=4649 us=6059
167793636000,sensor,TX,4650,"{""age_min_ms"": 25, ""age_max_ms"": 25}",LAT TX seq=4650 age_min_ms=25 age_max_ms=25
167798514500,screen,RX,4650,{},I (730970) LAT: RX seq=4650
167813765600,sensor,RTT,4650,"{""us"": 4643}",LAT RTT seq=4650 us=4643
167894641300,sensor,TX,4651,"{""age_min_ms"": 26, ""age_max_ms"": 26}",LAT TX seq=4651 age_min_ms=26 age_max_ms=26
167898794200,screen,RX,4651,{},I (731070) LAT: RX seq=4651
167914738000,sensor,RTT,4651,"{""us"": 6126}",LAT RTT seq=4651 us=6126
167995745200,sensor,TX,4652,"{""age_min_ms"": 127, ""age_max_ms"": 127}",LAT TX seq=4652 age_min_ms=127 age_max_ms=127
168003485400,screen,RX,4652,{},I (731180) LAT: RX seq=4652
168014730600,sensor,RTT,4652,"{""us"": 9297}",LAT RTT seq=4652 us=9297
168095682800,sensor,TX,4653,"{""age_min_ms"": 86, ""age_max_ms"": 86}",LAT TX seq=4653 age_min_ms=86 age_max_ms=86
168100527400,screen,RX,4653,{},I (731270) LAT: RX seq=4653
168114966400,sensor,RTT,4653,"{""us"": 6589}",LAT RTT seq=4653 us=6589
168195597100,sensor,TX,4654,"{""age_min_ms"": 21, ""age_max_ms"": 21}",LAT TX seq=4654 age_min_ms=21 age_max_ms=21
168199687200,screen,RX,4654,{},I (731370) LAT: RX seq=4654
168214767700,sensor,RTT,4654,"{""us"": 7127}",LAT RTT seq=4654 us=7127
168295648300,sensor,TX,4655,"{""age_min_ms"": 21, ""age_max_ms"": 21}",LAT TX seq=4655 age_min_ms=21 age_max_ms=21
168303035700,screen,RX,4655,{},I (731480) LAT: RX seq=4655
168314741700,sensor,RTT,4655,"{""us"": 9949}",LAT RTT seq=4655 us=9949
168395798200,sensor,TX,4656,"{""age_min_ms"": 13, ""age_max_ms"": 13}",LAT TX seq=4656 age_min_ms=13 age_max_ms=13
168400546400,screen,RX,4656,{},I (731570) LAT: RX seq=4656
168414763000,sensor,RTT,4656,"{""us"": 3963}",LAT RTT seq=4656 us=3963
168495570800,sensor,TX,4657,"{""age_min_ms"": 30, ""age_max_ms"": 30}",LAT TX seq=4657 age_min_ms=30 age_max_ms=30
168500535800,screen,RX,4657,{},I (731670) LAT: RX seq=4657
168514845000,sensor,RTT,4657,"{""us"": 4539}",LAT RTT seq=4657 us=4539
168595834400,sensor,TX,4658,"{""age_min_ms"": 13, ""age_max_ms"": 13}",LAT TX seq=4658 age_min_ms=13 age_max_ms=13
168600693700,screen,RX,4658,{},I (731770) LAT: RX seq=4658
168614778800,sensor,RTT,4658,"{""us"": 4050}",LAT RTT seq=4658 us=4050
168695593500,sensor,TX,4659,"{""age_min_ms"": 21, ""age_max_ms"": 21}",LAT TX seq=4659 age_min_ms=21 age_max_ms=21
168700507500,screen,RX,4659,{},I (731870) LAT: RX seq=4659
168715629000,sensor,RTT,4659,"{""us"": 7495}",LAT RTT seq=4659 us=7495
168796714300,sensor,TX,4660,"{""age_min_ms"": 23, ""age_max_ms"": 23}",LAT TX seq=4660 age_min_ms=23 age_max_ms=23
168800716000,screen,RX,4660,{},I (731970) LAT: RX seq=4660
168816661600,sensor,RTT,4660,"{""us"": 4628}",LAT RTT seq=4660 us=4628
168897714000,sensor,TX,4661,"{""age_min_ms"": 23, ""age_max_ms"": 23}",LAT TX seq=4661 age_min_ms=23 age_max_ms=23
168902778100,screen,RX,4661,{},I (732080) LAT: RX seq=4661
168917856300,sensor,RTT,4661,"{""us"": 4148}",LAT RTT seq=4661 us=4148
168998533100,sensor,TX,4662,"{""age_min_ms"": 124, ""age_max_ms"": 124}",LAT TX seq=4662 age_min_ms=124 age_max_ms=124
169002820400,screen,RX,4662,{},I (732180) LAT: RX seq=4662
169017847600,sensor,RTT,4662,"{""us"": 3677}",LAT RTT seq=4662 us=3677
169098740900,sensor,TX,4663,"{""age_min_ms"": 75, ""age_max_ms"": 75}",LAT TX seq=4663 age_min_ms=75 age_max_ms=75
169102766400,screen,RX,4663,{},I (732280) LAT: RX seq=4663
169118848700,sensor,RTT,4663,"{""us"": 4533}",LAT RTT seq=4663 us=4533
169199684600,sensor,TX,4664,"{""age_min_ms"": 25, ""age_max_ms"": 25}",LAT TX seq=4664 age_min_ms=25 age_max_ms=25
169205071500,screen,RX,4664,{},I (732380) LAT: RX seq=4664
169219753400,sensor,RTT,4664,"{""us"": 11243}",LAT RTT seq=4664 us=11243
169300784400,sensor,TX,4665,"{""age_min_ms"": 26, ""age_max_ms"": 26}",LAT TX seq=4665 age_min_ms=26 age_max_ms=26
169309200800,screen,RX,4665,{},I (732480) LAT: RX seq=4665
169319751800,sensor,RTT,4665,"{""us"": 9736}",LAT RTT seq=4665 us=9736
169400576800,sensor,TX,4666,"{""age_min_ms"": 26, ""age_max_ms"": 26}",LAT TX seq=4666 age_min_ms=26 age_max_ms=26
169407054700,screen,RX,4666,{},I (732580) LAT: RX seq=4666
169420774200,sensor,RTT,4666,"{""us"": 8298}",LAT RTT seq=4666 us=8298
169501588500,sensor,TX,4667,"{""age_min_ms"": 26, ""age_max_ms"": 26}",LAT TX seq=4667 age_min_ms=26 age_max_ms=26
169506797400,screen,RX,4667,{},I (732680) LAT: RX seq=4667
169520780700,sensor,RTT,4667,"{""us"": 5534}",LAT RTT seq=4667 us=5534
169601755000,sensor,TX,4668,"{""age_min_ms"": 26, ""age_max_ms"": 26}",LAT TX seq=4668 age_min_ms=26 age_max_ms=26
169611391300,screen,RX,4668,{},I (732780) LAT: RX seq=4668
169620718300,sensor,RTT,4668,"{""us"": 9156}",LAT RTT seq=4668 us=9156
169701592000,sensor,TX,4669,"{""age_min_ms"": 19, ""age_max_ms"": 19}",LAT TX seq=4669 age_min_ms=19 age_max_ms=19
169706281500,screen,RX,4669,{},I (732880) LAT: RX seq=4669
169721772200,sensor,RTT,4669,"{""us"": 3916}",LAT RTT seq=4669 us=3916
169802698200,sensor,TX,4670,"{""age_min_ms"": 28, ""age_max_ms"": 28}",LAT TX seq=4670 age_min_ms=28 age_max_ms=28
169809764800,screen,RX,4670,{},I (732980) LAT: RX seq=4670
169822688500,sensor,RTT,4670,"{""us"": 6913}",LAT RTT seq=4670 us=6913
169903779400,sensor,TX,4671,"{""age_min_ms"": 21, ""age_max_ms"": 21}",LAT TX seq=4671 age_min_ms=21 age_max_ms=21
169908431800,screen,RX,4671,{},I (733080) LAT: RX seq=4671
169923804800,sensor,RTT,4671,"{""us"": 7665}",LAT RTT seq=4671 us=7665
170004619100,sensor,TX,4672,"{""age_min_ms"": 122, ""age_max_ms"": 122}",LAT TX seq=4672 age_min_ms=122 age_max_ms=122
170011421100,screen,RX,4672,{},I (733180) LAT: RX seq=4672
170091585000,sensor,RTT,4672,"{""us"": 6488}",LAT RTT seq=4672 us=6488
170104678700,sensor,TX,4673,"{""age_min_ms"": 89, ""age_max_ms"": 89}",LAT TX seq=4673 age_min_ms=89 age_max_ms=89
170109550800,screen,RX,4673,{},I (733280) LAT: RX seq=4673
170124848200,sensor,RTT,4673,"{""us"": 4061}",LAT RTT seq=4673 us=4061
170205741300,sensor,TX,4674,"{""age_min_ms"": 37, ""age_max_ms"": 37}",LAT TX seq=4674 age_min_ms=37 age_max_ms=37
170209748400,screen,RX,4674,{},I (733380) LAT: RX seq=4674
170224789100,sensor,RTT,4674,"{""us"": 3115}",LAT RTT seq=4674 us=3115
170305551900,sensor,TX,4675,"{""age_min_ms"": 23, ""age_max_ms"": 23}",LAT TX seq=4675 age_min_ms=23 age_max_ms=23
170310989400,screen,RX,4675,{},I (733480) LAT: RX seq=4675
170324785200,sensor,RTT,4675,"{""us"": 4397}",LAT RTT seq=4675 us=4397
170405549300,sensor,TX,4676,"{""age_min_ms"": 37, ""age_max_ms"": 37}",LAT TX seq=4676 age_min_ms=37 age_max_ms=37
170411361800,screen,RX,4676,{},I (733580) LAT: RX seq=4676
170424797400,sensor,RTT,4676,"{""us"": 6168}",LAT RTT seq=4676 us=6168
170505556900,sensor,TX,4677,"{""age_min_ms"": 40, ""age_max_ms"": 40}",LAT TX seq=4677 age_min_ms=40 age_max_ms=40
170513676100,screen,RX,4677,{},I (733690) LAT: RX seq=4677
170524755800,sensor,RTT,4677,"{""us"": 10007}",LAT RTT seq=4677 us=10007
170605640100,sensor,TX,4678,"{""age_min_ms"": 23, ""age_max_ms"": 23}",LAT TX seq=4678 age_min_ms=23 age_max_ms=23
170610756100,screen,RX,4678,{},I (733780) LAT: RX seq=4678
170624723900,sensor,RTT,4678,"{""us"": 4366}",LAT RTT seq=4678 us=4366
170705624500,sensor,TX,4679,"{""age_min_ms"": 23, ""age_max_ms"": 23}",LAT TX seq=4679 age_min_ms=23 age_max_ms=23
170710575100,screen,RX,4679,{},I (733880) LAT: RX seq=4679
170725722200,sensor,RTT,4679,"{""us"": 4097}",LAT RTT seq=4679 us=4097
170806550500,sensor,TX,4680,"{""age_min_ms"": 38, ""age_max_ms"": 38}",LAT TX seq=4680 age_min_ms=38 age_max_ms=38
170810842600,screen,RX,4680,{},I (733980) LAT: RX seq=4680
170826828100,sensor,RTT,4680,"{""us"": 4382}",LAT RTT seq=4680 us=4382
170907625000,sensor,TX,4681,"{""age_min_ms"": 39, ""age_max_ms"": 39}",LAT TX seq=4681 age_min_ms=39 age_max_ms=39
170913106100,screen,RX,4681,{},I (734090) LAT: RX seq=4681
170926810600,sensor,RTT,4681,"{""us"": 5994}",LAT RTT seq=4681 us=5994
171007763000,sensor,TX,4682,"{""age_min_ms"": 139, ""age_max_ms"": 139}",LAT TX seq=4682 age_min_ms=139 age_max_ms=139
171012554700,screen,RX,4682,{},I (734190) LAT: RX seq=4682
171026834100,sensor,RTT,4682,"{""us"": 4331}",LAT RTT seq=4682 us=4331
171107985300,sensor,TX,4683,"{""age_min_ms"": 98, ""age_max_ms"": 98}",LAT TX seq=4683 age_min_ms=98 age_max_ms=98
171112649700,screen,RX,4683,{},I (734290) LAT: RX seq=4683
171126831600,sensor,RTT,4683,"{""us"": 4079}",LAT RTT seq=4683 us=4079
171207828100,sensor,TX,4684,"{""age_min_ms"": 39, ""age_max_ms"": 39}",LAT TX seq=4684 age_min_ms=39 age_max_ms=39
171212416500,screen,RX,4684,{},I (734390) LAT: RX seq=4684
171226788500,sensor,RTT,4684,"{""us"": 4937}",LAT RTT seq=4684 us=4937
171307696000,sensor,TX,4685,"{""age_min_ms"": 39, ""age_max_ms"": 39}",LAT TX seq=4685 age_min_ms=39 age_max_ms=39
171312298000,screen,RX,4685,{},I (734490) LAT: RX seq=4685
171326901700,sensor,RTT,4685,"{""us"": 4619}",LAT RTT seq=4685 us=4619
171407712600,sensor,TX,4686,"{""age_min_ms"": 39, ""age_max_ms"": 39}",LAT TX seq=4686 age_min_ms=39 age_max_ms=39
171412111500,screen,RX,4686,{},I (734590) LAT: RX seq=4686
171427826700,sensor,RTT,4686,"{""us"": 3426}",LAT RTT seq=4686 us=3426
171508563300,sensor,TX,4687,"{""age_min_ms"": 40, ""age_max_ms"": 40}",LAT TX seq=4687 age_min_ms=40 age_max_ms=40
171513265100,screen,RX,4687,{},I (734690) LAT: RX seq=4687
171527765100,sensor,RTT,4687,"{""us"": 5738}",LAT RTT seq=4687 us=5738
171608556100,sensor,TX,4688,"{""age_min_ms"": 26, ""age_max_ms"": 26}",LAT TX seq=4688 age_min_ms=26 age_max_ms=26
171612789900,screen,RX,4688,{},I (734790) LAT: RX seq=4688
171627724200,sensor,RTT,4688,"{""us"": 8128}",LAT RTT seq=4688 us=8128
171708743500,sensor,TX,4689,"{""age_min_ms"": 34, ""age_max_ms"": 34}",LAT TX seq=4689 age_min_ms=34 age_max_ms=34
171712850200,screen,RX,4689,{},I (734890) LAT: RX seq=4689
171728755500,sensor,RTT,4689,"{""us"": 3929}",LAT RTT seq=4689 us=3929
171809957400,sensor,TX,4690,"{""age_min_ms"": 41, ""age_max_ms"": 41}",LAT TX seq=4690 age_min_ms=41 age_max_ms=41
171814669900,screen,RX,4690,{},I (734990) LAT: RX seq=4690
171910759700,sensor,RTT,4690,"{""us"": 4033}",LAT RTT seq=4690 us=4033
171910759700,sensor,TX,4691,"{""age_min_ms"": 42, ""age_max_ms"": 42}",LAT TX seq=4691 age_min_ms=42 age_max_ms=42
171915789200,screen,RX,4691,{},I (735090) LAT: RX seq=4691
171930800200,sensor,RTT,4691,"{""us"": 6922}",LAT RTT seq=4691 us=6922
172011695900,sensor,TX,4692,"{""age_min_ms"": 2, ""age_max_ms"": 2}",LAT TX seq=4692 age_min_ms=2 age_max_ms=2
172018250400,screen,RX,4692,{},I (735190) LAT: RX seq=4692
172031834100,sensor,RTT,4692,"{""us"": 8669}",LAT RTT seq=4692 us=8669
172112878000,sensor,TX,4693,"{""age_min_ms"": 3, ""age_max_ms"": 3}",LAT TX seq=4693 age_min_ms=3 age_max_ms=3
172117392800,screen,RX,4693,{},I (735290) LAT: RX seq=4693
172131799300,sensor,RTT,4693,"{""us"": 4601}",LAT RTT seq=4693 us=4601
172212695100,sensor,TX,4694,"{""age_min_ms"": 44, ""age_max_ms"": 44}",LAT TX seq=4694 age_min_ms=44 age_max_ms=44
172216970900,screen,RX,4694,{},I (735390) LAT: RX seq=4694
172231781200,sensor,RTT,4694,"{""us"": 6799}",LAT RTT seq=4694 us=6799
172312568700,sensor,TX,4695,"{""age_min_ms"": 44, ""age_max_ms"": 44}",LAT TX seq=4695 age_min_ms=44 age_max_ms=44
172316966500,screen,RX,4695,{},I (735490) LAT: RX seq=4695
172331750700,sensor,RTT,4695,"{""us"": 3297}",LAT RTT seq=4695 us=3297
172412587100,sensor,TX,4696,"{""age_min_ms"": 38, ""age_max_ms"": 38}",LAT TX seq=4696 age_min_ms=38 age_max_ms=38
172419664600,screen,RX,4696,{},I (735590) LAT: RX seq=4696
172431787800,sensor,RTT,4696,"{""us"": 6370}",LAT RTT seq=4696 us=6370
172512728100,sensor,TX,4697,"{""age_min_ms"": 44, ""age_max_ms"": 44}",LAT TX seq=4697 age_min_ms=44 age_max_ms=44
172516733100,screen,RX,4697,{},I (735690) LAT: RX seq=4697
172532007200,sensor,RTT,4697,"{""us"": 3893}",LAT RTT seq=4697 us=3893
172612624200,sensor,TX,4698,"{""age_min_ms"": 38, ""age_max_ms"": 38}",LAT TX seq=4698 age_min_ms=38 age_max_ms=38
172616776800,screen,RX,4698,{},I (735790) LAT: RX seq=4698
172631725200,sensor,RTT,4698,"{""us"": 5238}",LAT RTT seq=4698 us=5238
172712613000,sensor,TX,4699,"{""age_min_ms"": 38, ""age_max_ms"": 38}",LAT TX seq=4699 age_min_ms=38 age_max_ms=38
172718126200,screen,RX,4699,{},I (735890) LAT: RX seq=4699
172732773200,sensor,RTT,4699,"{""us"": 8260}",LAT RTT seq=4699 us=8260
172813609000,sensor,TX,4700,"{""age_min_ms"": 45, ""age_max_ms"": 45}",LAT TX seq=4700 age_min_ms=45 age_max_ms=45
172818242300,screen,RX,4700,{},I (735990) LAT: RX seq=4700
172833862100,sensor,RTT,4700,"{""us"": 3639}",LAT RTT seq=4700 us=3639
172914583900,sensor,TX,4701,"{""age_min_ms"": 40, ""age_max_ms"": 40}",LAT TX seq=4701 age_min_ms=40 age_max_ms=40
172918729600,screen,RX,4701,{},I (736090) LAT: RX seq=4701
172934766900,sensor,RTT,4701,"{""us"": 3415}",LAT RTT seq=4701 us=3415
173015859900,sensor,TX,4702,"{""age_min_ms"": 6, ""age_max_ms"": 6}",LAT TX seq=4702 age_min_ms=6 age_max_ms=6
173020508200,screen,RX,4702,{},I (736190) LAT: RX seq=4702
173035835300,sensor,RTT,4702,"{""us"": 5448}",LAT RTT seq=4702 us=5448
173116644800,sensor,TX,4703,"{""age_min_ms"": 1, ""age_max_ms"": 1}",LAT TX seq=4703 age_min_ms=1 age_max_ms=1
173120736600,screen,RX,4703,{},I (736290) LAT: RX seq=4703
173136842700,sensor,RTT,4703,"{""us"": 4087}",LAT RTT seq=4703 us=4087
173221994100,screen,RX,4704,{},I (736400) LAT: RX seq=4704
173237770200,sensor,RTT,4704,"{""us"": 4543}",LALAT RTT seq=4704 us=4543
173318561800,sensor,TX,4705,"{""age_min_ms"": 44, ""age_max_ms"": 44}",LAT TX seq=4705 age_min_ms=44 age_max_ms=44
173323953700,screen,RX,4705,{},I (736500) LAT: RX seq=4705
173337785500,sensor,RTT,4705,"{""us"": 4468}",LAT RTT seq=4705 us=4468
173418603700,sensor,TX,4706,"{""age_min_ms"": 50, ""age_max_ms"": 50}",LAT TX seq=4706 age_min_ms=50 age_max_ms=50
173423586100,screen,RX,4706,{},I (736600) LAT: RX seq=4706
173437746800,sensor,RTT,4706,"{""us"": 4736}",LAT RTT seq=4706 us=4736
173518566700,sensor,TX,4707,"{""age_min_ms"": 44, ""age_max_ms"": 44}",LAT TX seq=4707 age_min_ms=44 age_max_ms=44
173523494200,screen,RX,4707,{},I (736700) LAT: RX seq=4707
173537753100,sensor,RTT,4707,"{""us"": 4617}",LAT RTT seq=4707 us=4617
173618680200,sensor,TX,4708,"{""age_min_ms"": 50, ""age_max_ms"": 50}",LAT TX seq=4708 age_min_ms=50 age_max_ms=50
173623192800,screen,RX,4708,{},I (736800) LAT: RX seq=4708
173638788400,sensor,RTT,4708,"{""us"": 4465}",LAT RTT seq=4708 us=4465
173719607200,sensor,TX,4709,"{""age_min_ms"": 45, ""age_max_ms"": 45}",LAT TX seq=4709 age_min_ms=45 age_max_ms=45
173723920600,screen,RX,4709,{},I (736900) LAT: RX seq=4709
173739860500,sensor,RTT,4709,"{""us"": 6064}",LAT RTT seq=4709 us=6064
173820798500,sensor,TX,4710,"{""age_min_ms"": 46, ""age_max_ms"": 46}",LAT TX seq=4710 age_min_ms=46 age_max_ms=46
173825535200,screen,RX,4710,{},I (737000) LAT: RX seq=4710
173840857000,sensor,RTT,4710,"{""us"": 5622}",LAT RTT seq=4710 us=5622
173921618900,sensor,TX,4711,"{""age_min_ms"": 47, ""age_max_ms"": 47}",LAT TX seq=4711 age_min_ms=47 age_max_ms=47
173925719400,screen,RX,4711,{},I (737100) LAT: RX seq=4711
173941743300,sensor,RTT,4711,"{""us"": 6283}",LAT RTT seq=4711 us=6283
174022696600,sensor,TX,4712,"{""age_min_ms"": 7, ""age_max_ms"": 7}",LAT TX seq=4712 age_min_ms=7 age_max_ms=7
174027718600,screen,RX,4712,{},I (737200) LAT: RX seq=4712
174041843200,sensor,RTT,4712,"{""us"": 5929}",LAT RTT seq=4712 us=5929
174122587000,sensor,TX,4713,"{""age_min_ms"": 13, ""age_max_ms"": 13}",LAT TX seq=4713 age_min_ms=13 age_max_ms=13
174127422400,screen,RX,4713,{},I (737300) LAT: RX seq=4713
174142735800,sensor,RTT,4713,"{""us"": 4350}",LAT RTT seq=4713 us=4350
174223565200,sensor,TX,4714,"{""age_min_ms"": 55, ""age_max_ms"": 55}",LAT TX seq=4714 age_min_ms=55 age_max_ms=55
174228204500,screen,RX,4714,{},I (737400) LAT: RX seq=4714
174242757600,sensor,RTT,4714,"{""us"": 4452}",LAT RTT seq=4714 us=4452
174323767200,sensor,TX,4715,"{""age_min_ms"": 49, ""age_max_ms"": 49}",LAT TX seq=4715 age_min_ms=49 age_max_ms=49
174327729400,screen,RX,4715,{},I (737500) LAT: RX seq=4715
174342748000,sensor,RTT,4715,"{""us"": 3386}",LAT RTT seq=4715 us=3386
174423564600,sensor,TX,4716,"{""age_min_ms"": 49, ""age_max_ms"": 49}",LAT TX seq=4716 age_min_ms=49 age_max_ms=49
174429352300,screen,RX,4716,{},I (737600) LAT: RX seq=4716
174442764000,sensor,RTT,4716,"{""us"": 4843}",LAT RTT seq=4716 us=4843
174523649600,sensor,TX,4717,"{""age_min_ms"": 49, ""age_max_ms"": 49}",LAT TX seq=4717 age_min_ms=49 age_max_ms=49
174528959800,screen,RX,4717,{},I (737700) LAT: RX seq=4717
174542769700,sensor,RTT,4717,"{""us"": 4464}",LAT RTT seq=4717 us=4464
174623549200,sensor,TX,4718,"{""age_min_ms"": 49, ""age_max_ms"": 49}",LAT TX seq=4718 age_min_ms=49 age_max_ms=49
174628492700,screen,RX,4718,{},I (737800) LAT: RX seq=4718
174642750600,sensor,RTT,4718,"{""us"": 5704}",LAT RTT seq=4718 us=5704
174723581600,sensor,TX,4719,"{""age_min_ms"": 55, ""age_max_ms"": 55}",LAT TX seq=4719 age_min_ms=55 age_max_ms=55
174728713000,screen,RX,4719,{},I (737900) LAT: RX seq=4719
174742764800,sensor,RTT,4719,"{""us"": 4210}",LAT RTT seq=4719 us=4210
174823586800,sensor,TX,4720,"{""age_min_ms"": 49, ""age_max_ms"": 49}",LAT TX seq=4720 age_min_ms=49 age_max_ms=49
174827687800,screen,RX,4720,{},I (738000) LAT: RX seq=4720
174843754600,sensor,RTT,4720,"{""us"": 3666}",LAT RTT seq=4720 us=3666
174924658900,sensor,TX,4721,"{""age_min_ms"": 51, ""age_max_ms"": 51}",LAT TX seq=4721 age_min_ms=51 age_max_ms=51
174929672700,screen,RX,4721,{},I (738100) LAT: RX seq=4721
174944842100,sensor,RTT,4721,"{""us"": 6755}",LAT RTT seq=4721 us=6755
175025712400,sensor,TX,4722,"{""age_min_ms"": 11, ""age_max_ms"": 11}",LAT TX seq=4722 age_min_ms=11 age_max_ms=11
175029843200,screen,RX,4722,{},I (738200) LAT: RX seq=4722
175044732600,sensor,RTT,4722,"{""us"": 3873}",LAT RTT seq=4722 us=3873
175125719100,sensor,TX,4723,"{""age_min_ms"": 11, ""age_max_ms"": 11}",LAT TX seq=4723 age_min_ms=11 age_max_ms=11
175131994900,screen,RX,4723,{},I (738310) LAT: RX seq=4723
175144800800,sensor,RTT,4723,"{""us"": 6632}",LAT RTT seq=4723 us=6632
175225721200,sensor,TX,4724,"{""age_min_ms"": 52, ""age_max_ms"": 52}",LAT TX seq=4724 age_min_ms=52 age_max_ms=52
175231454100,screen,RX,4724,{},I (738400) LAT: RX seq=4724
175244739900,sensor,RTT,4724,"{""us"": 7171}",LAT RTT seq=4724 us=7171
175325795100,sensor,TX,4725,"{""age_min_ms"": 57, ""age_max_ms"": 57}",LAT TX seq=4725 age_min_ms=57 age_max_ms=57
175329734900,screen,RX,4725,{},I (738500) LAT: RX seq=4725
175344789500,sensor,RTT,4725,"{""us"": 4210}",LAT RTT seq=4725 us=4210
175425707600,sensor,TX,4726,"{""age_min_ms"": 57, ""age_max_ms"": 57}",LAT TX seq=4726 age_min_ms=57 age_max_ms=57
175430559200,screen,RX,4726,{},I (738600) LAT: RX seq=4726
175444819500,sensor,RTT,4726,"{""us"": 4367}",LAT RTT seq=4726 us=4367
175525649900,sensor,TX,4727,"{""age_min_ms"": 57, ""age_max_ms"": 57}",LAT TX seq=4727 age_min_ms=57 age_max_ms=57
175530547100,screen,RX,4727,{},I (738700) LAT: RX seq=4727
175544737100,sensor,RTT,4727,"{""us"": 4162}",LAT RTT seq=4727 us=4162
175625663500,sensor,TX,4728,"{""age_min_ms"": 57, ""age_max_ms"": 57}",LAT TX seq=4728 age_min_ms=57 age_max_ms=57
175633162400,screen,RX,4728,{},I (738810) LAT: RX seq=4728
175644800500,sensor,RTT,4728,"{""us"": 8125}",LAT RTT seq=4728 us=8125
175725629600,sensor,TX,4729,"{""age_min_ms"": 51, ""age_max_ms"": 51}",LAT TX seq=4729 age_min_ms=51 age_max_ms=51
175733326000,screen,RX,4729,{},I (738910) LAT: RX seq=4729
175744780400,sensor,RTT,4729,"{""us"": 9681}",LAT RTT seq=4729 us=9681
175825609300,sensor,TX,4730,"{""age_min_ms"": 57, ""age_max_ms"": 57}",LAT TX seq=4730 age_min_ms=57 age_max_ms=57
175830281400,screen,RX,4730,{},I (739000) LAT: RX seq=4730
175845773600,sensor,RTT,4730,"{""us"": 4798}",LAT RTT seq=4730 us=4798
175930686600,screen,RX,4731,{},I (739100) LAT: RX seq=4731
175945779100,sensor,RTT,4731,"{""us"": 3554}",LAT RTT seq=4731 us=3554
176026628400,sensor,TX,4732,"{""age_min_ms"": 17, ""age_max_ms"": 17}",LAT TX seq=4732 age_min_ms=17 age_max_ms=17
176032615600,screen,RX,4732,{},I (739210) LAT: RX seq=4732
176045840600,sensor,RTT,4732,"{""us"": 6195}",LAT RTT seq=4732 us=6195
176126660700,sensor,TX,4733,"{""age_min_ms"": 17, ""age_max_ms"": 17}",LAT TX seq=4733 age_min_ms=17 age_max_ms=17
176130671000,screen,RX,4733,{},I (739300) LAT: RX seq=4733
176146803200,sensor,RTT,4733,"{""us"": 4170}",LAT RTT seq=4733 us=4170
176227610400,sensor,TX,4734,"{""age_min_ms"": 59, ""age_max_ms"": 59}",LAT TX seq=4734 age_min_ms=59 age_max_ms=59
176232784600,screen,RX,4734,{},I (739410) LAT: RX seq=4734
176246794600,sensor,RTT,4734,"{""us"": 7322}",LAT RTT seq=4734 us=7322
176327683700,sensor,TX,4735,"{""age_min_ms"": 53, ""age_max_ms"": 53}",LAT TX seq=4735 age_min_ms=53 age_max_ms=53
176332682300,screen,RX,4735,{},I (739510) LAT: RX seq=4735
176346767700,sensor,RTT,4735,"{""us"": 4974}",LAT RTT seq=4735 us=4974
176427590500,sensor,TX,4736,"{""age_min_ms"": 54, ""age_max_ms"": 54}",LAT TX seq=4736 age_min_ms=54 age_max_ms=54
176435103700,screen,RX,4736,{},I (739610) LAT: RX seq=4736
176446762700,sensor,RTT,4736,"{""us"": 6489}",LAT RTT seq=4736 us=6489
176527717900,sensor,TX,4737,"{""age_min_ms"": 53, ""age_max_ms"": 53}",LAT TX seq=4737 age_min_ms=53 age_max_ms=53
176532771200,screen,RX,4737,{},I (739710) LAT: RX seq=4737
176546956500,sensor,RTT,4737,"{""us"": 4515}",LAT RTT seq=4737 us=4515
176627601400,sensor,TX,4738,"{""age_min_ms"": 59, ""age_max_ms"": 59}",LAT TX seq=4738 age_min_ms=59 age_max_ms=59
176635323300,screen,RX,4738,{},I (739810) LAT: RX seq=4738
176646810000,sensor,RTT,4738,"{""us"": 8200}",LAT RTT seq=4738 us=8200
176727650700,sensor,TX,4739,"{""age_min_ms"": 59, ""age_max_ms"": 59}",LAT TX seq=4739 age_min_ms=59 age_max_ms=59
176733054300,screen,RX,4739,{},I (739910) LAT: RX seq=4739
176747756600,sensor,RTT,4739,"{""us"": 4434}",LAT RTT seq=4739 us=4434
176828809500,sensor,TX,4740,"{""age_min_ms"": 60, ""age_max_ms"": 60}",LAT TX seq=4740 age_min_ms=60 age_max_ms=60
176833129900,screen,RX,4740,{},I (740010) LAT: RX seq=4740
176848846900,sensor,RTT,4740,"{""us"": 5534}",LAT RTT seq=4740 us=5534
176929679700,sensor,TX,4741,"{""age_min_ms"": 55, ""age_max_ms"": 55}",LAT TX seq=4741 age_min_ms=55 age_max_ms=55
176934556600,screen,RX,4741,{},I (740110) LAT: RX seq=4741
176948819400,sensor,RTT,4741,"{""us"": 5068}",LAT RTT seq=4741 us=5068
177029596000,sensor,TX,4742,"{""age_min_ms"": 20, ""age_max_ms"": 20}",LAT TX seq=4742 age_min_ms=20 age_max_ms=20
177036786200,screen,RX,4742,{},I (740210) LAT: RX seq=4742
177048743700,sensor,RTT,4742,"{""us"": 6508}",LAT RTT seq=4742 us=6508
177129712300,sensor,TX,4743,"{""age_min_ms"": 14, ""age_max_ms"": 14}",LAT TX seq=4743 age_min_ms=14 age_max_ms=14
177134108700,screen,RX,4743,{},I (740310) LAT: RX seq=4743
177149759500,sensor,RTT,4743,"{""us"": 4515}",LAT RTT seq=4743 us=4515
177230588100,sensor,TX,4744,"{""age_min_ms"": 56, ""age_max_ms"": 56}",LAT TX seq=4744 age_min_ms=56 age_max_ms=56
177237404400,screen,RX,4744,{},I (740410) LAT: RX seq=4744
177249788900,sensor,RTT,4744,"{""us"": 6866}",LAT RTT seq=4744 us=6866
177330739100,sensor,TX,4745,"{""age_min_ms"": 56, ""age_max_ms"": 56}",LAT TX seq=4745 age_min_ms=56 age_max_ms=56
177336139200,screen,RX,4745,{},I (740510) LAT: RX seq=4745
177349770100,sensor,RTT,4745,"{""us"": 6188}",LAT RTT seq=4745 us=6188
177430587600,sensor,TX,4746,"{""age_min_ms"": 62, ""age_max_ms"": 62}",LAT TX seq=4746 age_min_ms=62 age_max_ms=62
177439695200,screen,RX,4746,{},I (740610) LAT: RX seq=4746
177449754100,sensor,RTT,4746,"{""us"": 8588}",LAT RTT seq=4746 us=8588
177530693000,sensor,TX,4747,"{""age_min_ms"": 62, ""age_max_ms"": 62}",LAT TX seq=4747 age_min_ms=62 age_max_ms=62
177541619200,screen,RX,4747,{},I (740710) LAT: RX seq=4747
177549844000,sensor,RTT,4747,"{""us"": 10796}",LAT RTT seq=4747 us=10796
177630569500,sensor,TX,4748,"{""age_min_ms"": 56, ""age_max_ms"": 56}",LAT TX seq=4748 age_min_ms=56 age_max_ms=56
177635542600,screen,RX,4748,{},I (740810) LAT: RX seq=4748
177649791600,sensor,RTT,4748,"{""us"": 5602}",LAT RTT seq=4748 us=5602
177730588300,sensor,TX,4749,"{""age_min_ms"": 56, ""age_max_ms"": 56}",LAT TX seq=4749 age_min_ms=56 age_max_ms=56
177735549400,screen,RX,4749,{},I (740910) LAT: RX seq=4749
177749872800,sensor,RTT,4749,"{""us"": 4730}",LAT RTT seq=4749 us=4730
177830742700,sensor,TX,4750,"{""age_min_ms"": 62, ""age_max_ms"": 62}",LAT TX seq=4750 age_min_ms=62 age_max_ms=62
177838184400,screen,RX,4750,{},I (741010) LAT: RX seq=4750
177850982200,sensor,RTT,4750,"{""us"": 15467}",LAT RTT seq=4750 us=15467
177931594100,sensor,TX,4751,"{""age_min_ms"": 63, ""age_max_ms"": 63}",LAT TX seq=4751 age_min_ms=63 age_max_ms=63
177937426300,screen,RX,4751,{},I (741110) LAT: RX seq=4751
177950888200,sensor,RTT,4751,"{""us"": 6103}",LAT RTT seq=4751 us=6103
178031603300,sensor,TX,4752,"{""age_min_ms"": 17, ""age_max_ms"": 17}",LAT TX seq=4752 age_min_ms=17 age_max_ms=17
178036215900,screen,RX,4752,{},I (741210) LAT: RX seq=4752
178050833900,sensor,RTT,4752,"{""us"": 4451}",LAT RTT seq=4752 us=4451
178131573500,sensor,TX,4753,"{""age_min_ms"": 17, ""age_max_ms"": 17}",LAT TX seq=4753 age_min_ms=17 age_max_ms=17
178136038100,screen,RX,4753,{},I (741310) LAT: RX seq=4753
178150757300,sensor,RTT,4753,"{""us"": 4283}",LAT RTT seq=4753 us=4283
178231667100,sensor,TX,4754,"{""age_min_ms"": 57, ""age_max_ms"": 57}",LAT TX seq=4754 age_min_ms=57 age_max_ms=57
178235826300,screen,RX,4754,{},I (741410) LAT: RX seq=4754
178250858100,sensor,RTT,4754,"{""us"": 6712}",LAT RTT seq=4754 us=6712
178331581700,sensor,TX,4755,"{""age_min_ms"": 58, ""age_max_ms"": 58}",LAT TX seq=4755 age_min_ms=58 age_max_ms=58
178335803600,screen,RX,4755,{},I (741510) LAT: RX seq=4755
178431803900,sensor,RTT,4755,"{""us"": 4733}",LAT RTT seq=4755 us=4733
178431803900,sensor,TX,4756,"{""age_min_ms"": 58, ""age_max_ms"": 58}",LAT TX seq=4756 age_min_ms=58 age_max_ms=58
178435853000,screen,RX,4756,{},I (741610) LAT: RX seq=4756
178450755500,sensor,RTT,4756,"{""us"": 3791}",LAT RTT seq=4756 us=3791
178531670000,sensor,TX,4757,"{""age_min_ms"": 63, ""age_max_ms"": 63}",LAT TX seq=4757 age_min_ms=63 age_max_ms=63
178537783700,screen,RX,4757,{},I (741710) LAT: RX seq=4757
178550826500,sensor,RTT,4757,"{""us"": 6390}",LAT RTT seq=4757 us=6390
178631919300,sensor,TX,4758,"{""age_min_ms"": 63, ""age_max_ms"": 63}",LAT TX seq=4758 age_min_ms=63 age_max_ms=63
178636935000,screen,RX,4758,{},I (741810) LAT: RX seq=4758
178650880500,sensor,RTT,4758,"{""us"": 6559}",LAT RTT seq=4758 us=6559
178731781400,sensor,TX,4759,"{""age_min_ms"": 63, ""age_max_ms"": 63}",LAT TX seq=4759 age_min_ms=63 age_max_ms=63
178736517600,screen,RX,4759,{},I (741910) LAT: RX seq=4759
178750781500,sensor,RTT,4759,"{""us"": 9310}",LAT RTT seq=4759 us=9310
178831591600,sensor,TX,4760,"{""age_min_ms"": 58, ""age_max_ms"": 58}",LAT TX seq=4760 age_min_ms=58 age_max_ms=58
178836462600,screen,RX,4760,{},I (742010) LAT: RX seq=4760
178850802700,sensor,RTT,4760,"{""us"": 4000}",LAT RTT seq=4760 us=4000
178931811700,sensor,TX,4761,"{""age_min_ms"": 58, ""age_max_ms"": 58}",LAT TX seq=4761 age_min_ms=58 age_max_ms=58
178939574100,screen,RX,4761,{},I (742110) LAT: RX seq=4761
178950854200,sensor,RTT,4761,"{""us"": 7866}",LAT RTT seq=4761 us=7866
179031670600,sensor,TX,4762,"{""age_min_ms"": 17, ""age_max_ms"": 17}",LAT TX seq=4762 age_min_ms=17 age_max_ms=17
179036942500,screen,RX,4762,{},I (742210) LAT: RX seq=4762
179050737100,sensor,RTT,4762,"{""us"": 8551}",LAT RTT seq=4762 us=8551
179131825800,sensor,TX,4763,"{""age_min_ms"": 17, ""age_max_ms"": 17}",LAT TX seq=4763 age_min_ms=17 age_max_ms=17
179137053800,screen,RX,4763,{},I (742310) LAT: RX seq=4763
179150764900,sensor,RTT,4763,"{""us"": 9903}",LAT RTT seq=4763 us=9903
179231567600,sensor,TX,4764,"{""age_min_ms"": 58, ""age_max_ms"": 58}",LAT TX seq=4764 age_min_ms=58 age_max_ms=58
179235689500,screen,RX,4764,{},I (742410) LAT: RX seq=4764
179250848800,sensor,RTT,4764,"{""us"": 4506}",LAT RTT seq=4764 us=4506
179331898500,sensor,TX,4765,"{""age_min_ms"": 58, ""age_max_ms"": 58}",LAT TX seq=4765 age_min_ms=58 age_max_ms=58
179336593200,screen,RX,4765,{},I (742510) LAT: RX seq=4765
179350862600,sensor,RTT,4765,"{""us"": 8608}",LAT RTT seq=4765 us=8608
179431708800,sensor,TX,4766,"{""age_min_ms"": 57, ""age_max_ms"": 57}",LAT TX seq=4766 age_min_ms=57 age_max_ms=57
179437638000,screen,RX,4766,{},I (742610) LAT: RX seq=4766
179450868400,sensor,RTT,4766,"{""us"": 6991}",LAT RTT seq=4766 us=6991
179531538200,sensor,TX,4767,"{""age_min_ms"": 63, ""age_max_ms"": 63}",LAT TX seq=4767 age_min_ms=63 age_max_ms=63
179548553400,screen,RX,4767,{},I (742720) LAT: RX seq=4767
179615502800,sensor,RTT,4767,"{""us"": 19338}",LAT RTT seq=4767 us=19338
179631624900,sensor,TX,4768,"{""age_min_ms"": 57, ""age_max_ms"": 57}",LAT TX seq=4768 age_min_ms=57 age_max_ms=57
179638727300,screen,RX,4768,{},I (742810) LAT: RX seq=4768
179650770500,sensor,RTT,4768,"{""us"": 6157}",LAT RTT seq=4768 us=6157
179731746000,sensor,TX,4769,"{""age_min_ms"": 63, ""age_max_ms"": 63}",LAT TX seq=4769 age_min_ms=63 age_max_ms=63
179736300200,screen,RX,4769,{},I (742910) LAT: RX seq=4769
179750820700,sensor,RTT,4769,"{""us"": 5420}",LAT RTT seq=4769 us=5420
179831700100,sensor,TX,4770,"{""age_min_ms"": 58, ""age_max_ms"": 58}",LAT TX seq=4770 age_min_ms=58 age_max_ms=58
179836046500,screen,RX,4770,{},I (743010) LAT: RX seq=4770
179851814400,sensor,RTT,4770,"{""us"": 7341}",LAT RTT seq=4770 us=7341
179932582300,sensor,TX,4771,"{""age_min_ms"": 58, ""age_max_ms"": 58}",LAT TX seq=4771 age_min_ms=58 age_max_ms=58
179936733300,screen,RX,4771,{},I (743110) LAT: RX seq=4771
179951766000,sensor,RTT,4771,"{""us"": 5950}",LAT RTT seq=4771 us=5950
180032588300,sensor,TX,4772,"{""age_min_ms"": 17, ""age_max_ms"": 17}",LAT TX seq=4772 age_min_ms=17 age_max_ms=17
180038359100,screen,RX,4772,{},I (743210) LAT: RX seq=4772
180051783800,sensor,RTT,4772,"{""us"": 6363}",LAT RTT seq=4772 us=6363
180132708600,sensor,TX,4773,"{""age_min_ms"": 18, ""age_max_ms"": 18}",LAT TX seq=4773 age_min_ms=18 age_max_ms=18
180137635400,screen,RX,4773,{},I (743310) LAT: RX seq=4773
180232658800,sensor,RTT,4773,"{""us"": 4308}",LAT RTT seq=4773 us=4308
180232658800,sensor,TX,4774,"{""age_min_ms"": 58, ""age_max_ms"": 58}",LAT TX seq=4774 age_min_ms=58 age_max_ms=58
180237545500,screen,RX,4774,{},I (743410) LAT: RX seq=4774
180251859400,sensor,RTT,4774,"{""us"": 7277}",LAT RTT seq=4774 us=7277
180332646300,sensor,TX,4775,"{""age_min_ms"": 64, ""age_max_ms"": 64}",LAT TX seq=4775 age_min_ms=64 age_max_ms=64
180338544300,screen,RX,4775,{},I (743510) LAT: RX seq=4775
180351837700,sensor,RTT,4775,"{""us"": 4977}",LAT RTT seq=4775 us=4977
180432653500,sensor,TX,4776,"{""age_min_ms"": 59, ""age_max_ms"": 59}",LAT TX seq=4776 age_min_ms=59 age_max_ms=59
180437484200,screen,RX,4776,{},I (743610) LAT: RX seq=4776
180451870300,sensor,RTT,4776,"{""us"": 4721}",LAT RTT seq=4776 us=4721
180532645600,sensor,TX,4777,"{""age_min_ms"": 59, ""age_max_ms"": 59}",LAT TX seq=4777 age_min_ms=59 age_max_ms=59
180537164400,screen,RX,4777,{},I (743710) LAT: RX seq=4777
180551739900,sensor,RTT,4777,"{""us"": 4602}",LAT RTT seq=4777 us=4602
180632590900,sensor,TX,4778,"{""age_min_ms"": 59, ""age_max_ms"": 59}",LAT TX seq=4778 age_min_ms=59 age_max_ms=59
180637508200,screen,RX,4778,{},I (743810) LAT: RX seq=4778
180652790700,sensor,RTT,4778,"{""us"": 7318}",LAT RTT seq=4778 us=7318
180733726200,sensor,TX,4779,"{""age_min_ms"": 60, ""age_max_ms"": 60}",LAT TX seq=4779 age_min_ms=60 age_max_ms=60
180738063400,screen,RX,4779,{},I (743910) LAT: RX seq=4779
180753855600,sensor,RTT,4779,"{""us"": 3819}",LAT RTT seq=4779 us=3819
180834662200,sensor,TX,4780,"{""age_min_ms"": 61, ""age_max_ms"": 61}",LAT TX seq=4780 age_min_ms=61 age_max_ms=61
180838771600,screen,RX,4780,{},I (744010) LAT: RX seq=4780
180854777600,sensor,RTT,4780,"{""us"": 4901}",LAT RTT seq=4780 us=4901
180935766100,sensor,TX,4781,"{""age_min_ms"": 53, ""age_max_ms"": 53}",LAT TX seq=4781 age_min_ms=53 age_max_ms=53
180940673200,screen,RX,4781,{},I (744110) LAT: RX seq=4781
180955037100,sensor,RTT,4781,"{""us"": 4701}",LAT RTT seq=4781 us=4701
181035713300,sensor,TX,4782,"{""age_min_ms"": 20, ""age_max_ms"": 20}",LAT TX seq=4782 age_min_ms=20 age_max_ms=20
181040133100,screen,RX,4782,{},I (744210) LAT: RX seq=4782
181091441600,sensor,RTT,4782,"{""us"": 5000}",LAT RTT seq=4782 us=5000
181135758800,sensor,TX,4783,"{""age_min_ms"": 12, ""age_max_ms"": 12}",LAT TX seq=4783 age_min_ms=12 age_max_ms=12
181140165800,screen,RX,4783,{},I (744310) LAT: RX seq=4783
181154792800,sensor,RTT,4783,"{""us"": 4026}",LAT RTT seq=4783 us=4026
181235777600,sensor,TX,4784,"{""age_min_ms"": 53, ""age_max_ms"": 53}",LAT TX seq=4784 age_min_ms=53 age_max_ms=53
181240312100,screen,RX,4784,{},I (744410) LAT: RX seq=4784
181254879600,sensor,RTT,4784,"{""us"": 3812}",LAT RTT seq=4784 us=3812
181335716200,sensor,TX,4785,"{""age_min_ms"": 53, ""age_max_ms"": 53}",LAT TX seq=4785 age_min_ms=53 age_max_ms=53
181339736600,screen,RX,4785,{},I (744510) LAT: RX seq=4785
181355544700,sensor,RTT,4785,"{""us"": 3984}",LAT RTT seq=4785 us=3984
181435750600,sensor,TX,4786,"{""age_min_ms"": 53, ""age_max_ms"": 53}",LAT TX seq=4786 age_min_ms=53 age_max_ms=53
181439760500,screen,RX,4786,{},I (744610) LAT: RX seq=4786
181455826800,sensor,RTT,4786,"{""us"": 6129}",LAT RTT seq=4786 us=6129
181536602100,sensor,TX,4787,"{""age_min_ms"": 54, ""age_max_ms"": 54}",LAT TX seq=4787 age_min_ms=54 age_max_ms=54
181541703900,screen,RX,4787,{},I (744710) LAT: RX seq=4787
181555834800,sensor,RTT,4787,"{""us"": 5400}",LAT RTT seq=4787 us=5400
181636706000,sensor,TX,4788,"{""age_min_ms"": 54, ""age_max_ms"": 54}",LAT TX seq=4788 age_min_ms=54 age_max_ms=54
181641509200,screen,RX,4788,{},I (744810) LAT: RX seq=4788
181655866400,sensor,RTT,4788,"{""us"": 4844}",LAT RTT seq=4788 us=4844
181736628900,sensor,TX,4789,"{""age_min_ms"": 54, ""age_max_ms"": 54}",LAT TX seq=4789 age_min_ms=54 age_max_ms=54
181742170700,screen,RX,4789,{},I (744920) LAT: RX seq=4789
181755783300,sensor,RTT,4789,"{""us"": 6958}",LAT RTT seq=4789 us=6958
181836663800,sensor,TX,4790,"{""age_min_ms"": 54, ""age_max_ms"": 54}",LAT TX seq=4790 age_min_ms=54 age_max_ms=54
181844651900,screen,RX,4790,{},I (745020) LAT: RX seq=4790
181855789300,sensor,RTT,4790,"{""us"": 7808}",LAT RTT seq=4790 us=7808
181936795800,sensor,TX,4791,"{""age_min_ms"": 54, ""age_max_ms"": 54}",LAT TX seq=4791 age_min_ms=54 age_max_ms=54
181943471400,screen,RX,4791,{},I (745120) LAT: RX seq=4791
181955824000,sensor,RTT,4791,"{""us"": 9567}",LAT RTT seq=4791 us=9567
182036875900,sensor,TX,4792,"{""age_min_ms"": 13, ""age_max_ms"": 13}",LAT TX seq=4792 age_min_ms=13 age_max_ms=13
182043232100,screen,RX,4792,{},I (745220) LAT: RX seq=4792
182056817200,sensor,RTT,4792,"{""us"": 6889}",LAT RTT seq=4792 us=6889
182137649600,sensor,TX,4793,"{""age_min_ms"": 14, ""age_max_ms"": 14}",LAT TX seq=4793 age_min_ms=14 age_max_ms=14
182145618000,screen,RX,4793,{},I (745320) LAT: RX seq=4793
182157817800,sensor,RTT,4793,"{""us"": 8046}",LAT RTT seq=4793 us=8046
182238598600,sensor,TX,4794,"{""age_min_ms"": 56, ""age_max_ms"": 56}",LAT TX seq=4794 age_min_ms=56 age_max_ms=56
182243371100,screen,RX,4794,{},I (745420) LAT: RX seq=4794
182257814800,sensor,RTT,4794,"{""us"": 4219}",LAT RTT seq=4794 us=4219
182338615500,sensor,TX,4795,"{""age_min_ms"": 64, ""age_max_ms"": 64}",LAT TX seq=4795 age_min_ms=64 age_max_ms=64
182344137600,screen,RX,4795,{},I (745520) LAT: RX seq=4795
182357827300,sensor,RTT,4795,"{""us"": 4994}",LAT RTT seq=4795 us=4994
182438645800,sensor,TX,4796,"{""age_min_ms"": 61, ""age_max_ms"": 61}",LAT TX seq=4796 age_min_ms=61 age_max_ms=61
182443634800,screen,RX,4796,{},I (745620) LAT: RX seq=4796
182457793300,sensor,RTT,4796,"{""us"": 4700}",LAT RTT seq=4796 us=4700
182538562700,sensor,TX,4797,"{""age_min_ms"": 64, ""age_max_ms"": 64}",LAT TX seq=4797 age_min_ms=64 age_max_ms=64
182575215800,screen,RX,4797,{},I (745750) LAT: RX seq=4797
182577848600,sensor,RTT,4797,"{""us"": 36032}",LAT RTT seq=4797 us=36032
182638689100,sensor,TX,4798,"{""age_min_ms"": 64, ""age_max_ms"": 64}",LAT TX seq=4798 age_min_ms=64 age_max_ms=64
182644163700,screen,RX,4798,{},I (745820) LAT: RX seq=4798
182657850700,sensor,RTT,4798,"{""us"": 5750}",LAT RTT seq=4798 us=5750
182738892000,sensor,TX,4799,"{""age_min_ms"": 64, ""age_max_ms"": 64}",LAT TX seq=4799 age_min_ms=64 age_max_ms=64
182743572100,screen,RX,4799,{},I (745920) LAT: RX seq=4799
182757808500,sensor,RTT,4799,"{""us"": 4281}",LAT RTT seq=4799 us=4281
182838760900,sensor,TX,4800,"{""age_min_ms"": 65, ""age_max_ms"": 65}",LAT TX seq=4800 age_min_ms=65 age_max_ms=65
182842997600,screen,RX,4800,{},I (746020) LAT: RX seq=4800
182857785500,sensor,RTT,4800,"{""us"": 11625}",LAT RTT seq=4800 us=11625
182938715300,sensor,TX,4801,"{""age_min_ms"": 65, ""age_max_ms"": 65}",LAT TX seq=4801 age_min_ms=65 age_max_ms=65
182943498300,screen,RX,4801,{},I (746120) LAT: RX seq=4801
182957836000,sensor,RTT,4801,"{""us"": 6592}",LAT RTT seq=4801 us=6592
183038562300,sensor,TX,4802,"{""age_min_ms"": 23, ""age_max_ms"": 23}",LAT TX seq=4802 age_min_ms=23 age_max_ms=23
183042784000,screen,RX,4802,{},I (746220) LAT: RX seq=4802
183057792400,sensor,RTT,4802,"{""us"": 4134}",LAT RTT seq=4802 us=4134
183138629300,sensor,TX,4803,"{""age_min_ms"": 24, ""age_max_ms"": 24}",LAT TX seq=4803 age_min_ms=24 age_max_ms=24
183142739200,screen,RX,4803,{},I (746320) LAT: RX seq=4803
183158847200,sensor,RTT,4803,"{""us"": 4614}",LAT RTT seq=4803 us=4614
183239614300,sensor,TX,4804,"{""age_min_ms"": 65, ""age_max_ms"": 65}",LAT TX seq=4804 age_min_ms=65 age_max_ms=65
183244519700,screen,RX,4804,{},I (746420) LAT: RX seq=4804
183258788500,sensor,RTT,4804,"{""us"": 5077}",LAT RTT seq=4804 us=5077
183339792600,sensor,TX,4805,"{""age_min_ms"": 65, ""age_max_ms"": 65}",LAT TX seq=4805 age_min_ms=65 age_max_ms=65
183344983300,screen,RX,4805,{},I (746520) LAT: RX seq=4805
183358812900,sensor,RTT,4805,"{""us"": 4310}",LAT RTT seq=4805 us=4310
183439694200,sensor,TX,4806,"{""age_min_ms"": 65, ""age_max_ms"": 65}",LAT TX seq=4806 age_min_ms=65 age_max_ms=65
183444051300,screen,RX,4806,{},I (746620) LAT: RX seq=4806
183458821900,sensor,RTT,4806,"{""us"": 4845}",LAT RTT seq=4806 us=4845
183539627800,sensor,TX,4807,"{""age_min_ms"": 65, ""age_max_ms"": 65}",LAT TX seq=4807 age_min_ms=65 age_max_ms=65
183546734200,screen,RX,4807,{},I (746720) LAT: RX seq=4807
183558986500,sensor,RTT,4807,"{""us"": 10682}",LAT RTT seq=4807 us=10682
183639699500,sensor,TX,4808,"{""age_min_ms"": 64, ""age_max_ms"": 64}",LAT TX seq=4808 age_min_ms=64 age_max_ms=64
183645675100,screen,RX,4808,{},I (746820) LAT: RX seq=4808
183658834000,sensor,RTT,4808,"{""us"": 5451}",LAT RTT seq=4808 us=5451
183739882700,sensor,TX,4809,"{""age_min_ms"": 57, ""age_max_ms"": 57}",LAT TX seq=4809 age_min_ms=57 age_max_ms=57
183756861300,screen,RX,4809,{},I (746930) LAT: RX seq=4809
183759830600,sensor,RTT,4809,"{""us"": 16337}",LAT RTT seq=4809 us=16337
183840796200,sensor,TX,4810,"{""age_min_ms"": 66, ""age_max_ms"": 66}",LAT TX seq=4810 age_min_ms=66 age_max_ms=66
183844860600,screen,RX,4810,{},I (747020) LAT: RX seq=4810
183860861400,sensor,RTT,4810,"{""us"": 3537}",LAT RTT seq=4810 us=3537
183941657800,sensor,TX,4811,"{""age_min_ms"": 67, ""age_max_ms"": 67}",LAT TX seq=4811 age_min_ms=67 age_max_ms=67
183946535400,screen,RX,4811,{},I (747120) LAT: RX seq=4811
183960815000,sensor,RTT,4811,"{""us"": 6018}",LAT RTT seq=4811 us=6018
184041612600,sensor,TX,4812,"{""age_min_ms"": 27, ""age_max_ms"": 27}",LAT TX seq=4812 age_min_ms=27 age_max_ms=27
184046587900,screen,RX,4812,{},I (747220) LAT: RX seq=4812
184060794800,sensor,RTT,4812,"{""us"": 3961}",LAT RTT seq=4812 us=3961
184141698800,sensor,TX,4813,"{""age_min_ms"": 26, ""age_max_ms"": 26}",LAT TX seq=4813 age_min_ms=26 age_max_ms=26
184146526500,screen,RX,4813,{},I (747320) LAT: RX seq=4813
184160844700,sensor,RTT,4813,"{""us"": 4879}",LAT RTT seq=4813 us=4879
184241721800,sensor,TX,4814,"{""age_min_ms"": 67, ""age_max_ms"": 67}",LAT TX seq=4814 age_min_ms=67 age_max_ms=67
184246309800,screen,RX,4814,{},I (747420) LAT: RX seq=4814
184260881800,sensor,RTT,4814,"{""us"": 4841}",LAT RTT seq=4814 us=4841
184348035100,screen,RX,4815,{},I (747520) LAT: RX seq=4815
184360803800,sensor,RTT,4815,"{""us"": 6024}","DIST: [0.0, 0.0, 0.0, 0.0, 368LAT RTT seq=4815 us=6024"
184441618900,sensor,TX,4816,"{""age_min_ms"": 68, ""age_max_ms"": 68}",LAT TX seq=4816 age_min_ms=68 age_max_ms=68
184445888400,screen,RX,4816,{},I (747620) LAT: RX seq=4816
184460818900,sensor,RTT,4816,"{""us"": 4057}",LAT RTT seq=4816 us=4057
184541824800,sensor,TX,4817,"{""age_min_ms"": 67, ""age_max_ms"": 67}",LAT TX seq=4817 age_min_ms=67 age_max_ms=67
184545908700,screen,RX,4817,{},I (747720) LAT: RX seq=4817
184560836500,sensor,RTT,4817,"{""us"": 3973}",LAT RTT seq=4817 us=3973
184641633500,sensor,TX,4818,"{""age_min_ms"": 67, ""age_max_ms"": 67}",LAT TX seq=4818 age_min_ms=67 age_max_ms=67
184645739900,screen,RX,4818,{},I (747820) LAT: RX seq=4818
184660853500,sensor,RTT,4818,"{""us"": 3045}",LAT RTT seq=4818 us=3045
184741662200,sensor,TX,4819,"{""age_min_ms"": 66, ""age_max_ms"": 66}",LAT TX seq=4819 age_min_ms=66 age_max_ms=66
184745736500,screen,RX,4819,{},I (747920) LAT: RX seq=4819
184761818800,sensor,RTT,4819,"{""us"": 3851}",LAT RTT seq=4819 us=3851
184842621300,sensor,TX,4820,"{""age_min_ms"": 68, ""age_max_ms"": 68}",LAT TX seq=4820 age_min_ms=68 age_max_ms=68
184848220500,screen,RX,4820,{},I (748020) LAT: RX seq=4820
184861839400,sensor,RTT,4820,"{""us"": 9642}",LAT RTT seq=4820 us=9642
184949603200,screen,RX,4821,{},I (748120) LAT: RX seq=4821
184961830100,sensor,TX,4821,"{""age_min_ms"": 60, ""age_max_ms"": 60}",LAT TX seq=4821 age_min_ms=60 age_max_ms=60
184961830100,sensor,RTT,4821,"{""us"": 6103}",LAT RTT seq=4821 us=6103
185042609500,sensor,TX,4822,"{""age_min_ms"": 19, ""age_max_ms"": 19}",LAT TX seq=4822 age_min_ms=19 age_max_ms=19
185050499900,screen,RX,4822,{},I (748220) LAT: RX seq=4822
185061796200,sensor,RTT,4822,"{""us"": 6747}",LAT RTT seq=4822 us=6747
185142745500,sensor,TX,4823,"{""age_min_ms"": 19, ""age_max_ms"": 19}",LAT TX seq=4823 age_min_ms=19 age_max_ms=19
185149709300,screen,RX,4823,{},I (748320) LAT: RX seq=4823
185162824300,sensor,RTT,4823,"{""us"": 6231}",LAT RTT seq=4823 us=6231
185243773400,sensor,TX,4824,"{""age_min_ms"": 70, ""age_max_ms"": 70}",LAT TX seq=4824 age_min_ms=70 age_max_ms=70
185248111600,screen,RX,4824,{},I (748420) LAT: RX seq=4824
185262837700,sensor,RTT,4824,"{""us"": 5446}",LAT RTT seq=4824 us=5446
185343738300,sensor,TX,4825,"{""age_min_ms"": 70, ""age_max_ms"": 70}",LAT TX seq=4825 age_min_ms=70 age_max_ms=70
185347904700,screen,RX,4825,{},I (748520) LAT: RX seq=4825
185362833900,sensor,RTT,4825,"{""us"": 3379}",LAT RTT seq=4825 us=3379
185443637800,sensor,TX,4826,"{""age_min_ms"": 61, ""age_max_ms"": 61}",LAT TX seq=4826 age_min_ms=61 age_max_ms=61
185450981600,screen,RX,4826,{},I (748620) LAT: RX seq=4826
185462890100,sensor,RTT,4826,"{""us"": 6914}",LAT RTT seq=4826 us=6914
185543753400,sensor,TX,4827,"{""age_min_ms"": 61, ""age_max_ms"": 61}",LAT TX seq=4827 age_min_ms=61 age_max_ms=61
185547944600,screen,RX,4827,{},I (748720) LAT: RX seq=4827
185562798600,sensor,RTT,4827,"{""us"": 3319}",LAT RTT seq=4827 us=3319
185643823700,sensor,TX,4828,"{""age_min_ms"": 61, ""age_max_ms"": 61}",LAT TX seq=4828 age_min_ms=61 age_max_ms=61
185648253000,screen,RX,4828,{},I (748820) LAT: RX seq=4828
185663874200,sensor,RTT,4828,"{""us"": 6521}",LAT RTT seq=4828 us=6521
185744806300,sensor,TX,4829,"{""age_min_ms"": 71, ""age_max_ms"": 71}",LAT TX seq=4829 age_min_ms=71 age_max_ms=71
185751911000,screen,RX,4829,{},I (748930) LAT: RX seq=4829
185763919800,sensor,RTT,4829,"{""us"": 7761}",LAT RTT seq=4829 us=7761
185844848000,sensor,TX,4830,"{""age_min_ms"": 62, ""age_max_ms"": 62}",LAT TX seq=4830 age_min_ms=62 age_max_ms=62
185849447400,screen,RX,4830,{},I (749020) LAT: RX seq=4830
185864905300,sensor,RTT,4830,"{""us"": 3762}",LAT RTT seq=4830 us=3762
185945682800,sensor,TX,4831,"{""age_min_ms"": 63, ""age_max_ms"": 63}",LAT TX seq=4831 age_min_ms=63 age_max_ms=63
185950335300,screen,RX,4831,{},I (749120) LAT: RX seq=4831
185964905700,sensor,RTT,4831,"{""us"": 4435}",LAT RTT seq=4831 us=4435
186045762700,sensor,TX,4832,"{""age_min_ms"": 30, ""age_max_ms"": 30}",LAT TX seq=4832 age_min_ms=30 age_max_ms=30
186049800700,screen,RX,4832,{},I (749220) LAT: RX seq=4832
186064854900,sensor,RTT,4832,"{""us"": 4160}",LAT RTT seq=4832 us=4160
186145674000,sensor,TX,4833,"{""age_min_ms"": 29, ""age_max_ms"": 29}",LAT TX seq=4833 age_min_ms=29 age_max_ms=29
186151534400,screen,RX,4833,{},I (749320) LAT: RX seq=4833
186165835400,sensor,RTT,4833,"{""us"": 5800}",LAT RTT seq=4833 us=5800
186246675500,sensor,TX,4834,"{""age_min_ms"": 64, ""age_max_ms"": 64}",LAT TX seq=4834 age_min_ms=64 age_max_ms=64
186251979100,screen,RX,4834,{},I (749430) LAT: RX seq=4834
186265887800,sensor,RTT,4834,"{""us"": 5853}",LAT RTT seq=4834 us=5853
186346758900,sensor,TX,4835,"{""age_min_ms"": 72, ""age_max_ms"": 72}",LAT TX seq=4835 age_min_ms=72 age_max_ms=72
186353698500,screen,RX,4835,{},I (749530) LAT: RX seq=4835
186446790300,sensor,RTT,4835,"{""us"": 7696}",LAT RTT seq=4835 us=7696
186446790300,sensor,TX,4836,"{""age_min_ms"": 64, ""age_max_ms"": 64}",LAT TX seq=4836 age_min_ms=64 age_max_ms=64
186451029500,screen,RX,4836,{},I (749620) LAT: RX seq=4836
186465794300,sensor,RTT,4836,"{""us"": 5546}",LAT RTT seq=4836 us=5546
186546703400,sensor,TX,4837,"{""age_min_ms"": 64, ""age_max_ms"": 64}",LAT TX seq=4837 age_min_ms=64 age_max_ms=64
186555782800,screen,RX,4837,{},I (749730) LAT: RX seq=4837
186565849200,sensor,RTT,4837,"{""us"": 12370}",LAT RTT seq=4837 us=12370
186646636200,sensor,TX,4838,"{""age_min_ms"": 72, ""age_max_ms"": 72}",LAT TX seq=4838 age_min_ms=72 age_max_ms=72
186653934300,screen,RX,4838,{},I (749830) LAT: RX seq=4838
186666904800,sensor,RTT,4838,"{""us"": 7581}",LAT RTT seq=4838 us=7581
186747701100,sensor,TX,4839,"{""age_min_ms"": 73, ""age_max_ms"": 73}",LAT TX seq=4839 age_min_ms=73 age_max_ms=73
186754866700,screen,RX,4839,{},I (749930) LAT: RX seq=4839
186766857000,sensor,RTT,4839,"{""us"": 7958}",LAT RTT seq=4839 us=7958
186847603000,sensor,TX,4840,"{""age_min_ms"": 79, ""age_max_ms"": 79}",LAT TX seq=4840 age_min_ms=79 age_max_ms=79
186851796300,screen,RX,4840,{},I (750020) LAT: RX seq=4840
186866854000,sensor,RTT,4840,"{""us"": 5991}",LAT RTT seq=4840 us=5991
186947707900,sensor,TX,4841,"{""age_min_ms"": 79, ""age_max_ms"": 79}",LAT TX seq=4841 age_min_ms=79 age_max_ms=79
186953527800,screen,RX,4841,{},I (750130) LAT: RX seq=4841
186966847200,sensor,RTT,4841,"{""us"": 5101}",LAT RTT seq=4841 us=5101
187047689200,sensor,TX,4842,"{""age_min_ms"": 24, ""age_max_ms"": 24}",LAT TX seq=4842 age_min_ms=24 age_max_ms=24
187056276700,screen,RX,4842,{},I (750230) LAT: RX seq=4842
187066885800,sensor,RTT,4842,"{""us"": 15273}",LAT RTT seq=4842 us=15273
187147774900,sensor,TX,4843,"{""age_min_ms"": 24, ""age_max_ms"": 24}",LAT TX seq=4843 age_min_ms=24 age_max_ms=24
187153384900,screen,RX,4843,{},I (750330) LAT: RX seq=4843
187166858100,sensor,RTT,4843,"{""us"": 8387}",LAT RTT seq=4843 us=8387
187247646400,sensor,TX,4844,"{""age_min_ms"": 73, ""age_max_ms"": 73}",LAT TX seq=4844 age_min_ms=73 age_max_ms=73
187253032500,screen,RX,4844,{},I (750430) LAT: RX seq=4844
187266911400,sensor,RTT,4844,"{""us"": 4511}",LAT RTT seq=4844 us=4511
187347661400,sensor,TX,4845,"{""age_min_ms"": 73, ""age_max_ms"": 73}",LAT TX seq=4845 age_min_ms=73 age_max_ms=73
187352648300,screen,RX,4845,{},I (750530) LAT: RX seq=4845
187447724000,sensor,RTT,4845,"{""us"": 4963}",LAT RTT seq=4845 us=4963
187447724000,sensor,TX,4846,"{""age_min_ms"": 73, ""age_max_ms"": 73}",LAT TX seq=4846 age_min_ms=73 age_max_ms=73
187452568900,screen,RX,4846,{},I (750630) LAT: RX seq=4846
187547658700,sensor,RTT,4846,"{""us"": 5046}",LAT RTT seq=4846 us=5046
187547658700,sensor,TX,4847,"{""age_min_ms"": 74, ""age_max_ms"": 74}",LAT TX seq=4847 age_min_ms=74 age_max_ms=74
187552859600,screen,RX,4847,{},I (750730) LAT: RX seq=4847
187566902500,sensor,RTT,4847,"{""us"": 4580}",LAT RTT seq=4847 us=4580
187647893900,sensor,TX,4848,"{""age_min_ms"": 73, ""age_max_ms"": 73}",LAT TX seq=4848 age_min_ms=73 age_max_ms=73
187657234800,screen,RX,4848,{},I (750830) LAT: RX seq=4848
187666950800,sensor,RTT,4848,"{""us"": 12602}",LAT RTT seq=4848 us=12602
187747809100,sensor,TX,4849,"{""age_min_ms"": 73, ""age_max_ms"": 73}",LAT TX seq=4849 age_min_ms=73 age_max_ms=73
187755666700,screen,RX,4849,{},I (750930) LAT: RX seq=4849
187766828400,sensor,RTT,4849,"{""us"": 8562}",LAT RTT seq=4849 us=8562
187847780500,sensor,TX,4850,"{""age_min_ms"": 65, ""age_max_ms"": 65}",LAT TX seq=4850 age_min_ms=65 age_max_ms=65
187851877300,screen,RX,4850,{},I (751030) LAT: RX seq=4850
187867097600,sensor,RTT,4850,"{""us"": 4415}",LAT RTT seq=4850 us=4415
187947637000,sensor,TX,4851,"{""age_min_ms"": 73, ""age_max_ms"": 73}",LAT TX seq=4851 age_min_ms=73 age_max_ms=73
187954111200,screen,RX,4851,{},I (751130) LAT: RX seq=4851
187966885600,sensor,RTT,4851,"{""us"": 11867}",LAT RTT seq=4851 us=11867
188047829100,sensor,TX,4852,"{""age_min_ms"": 32, ""age_max_ms"": 32}",LAT TX seq=4852 age_min_ms=32 age_max_ms=32
188053258700,screen,RX,4852,{},I (751230) LAT: RX seq=4852
188066871800,sensor,RTT,4852,"{""us"": 8178}",LAT RTT seq=4852 us=8178
188147646100,sensor,TX,4853,"{""age_min_ms"": 32, ""age_max_ms"": 32}",LAT TX seq=4853 age_min_ms=32 age_max_ms=32
188152275000,screen,RX,4853,{},I (751330) LAT: RX seq=4853
188167815300,sensor,RTT,4853,"{""us"": 6589}",LAT RTT seq=4853 us=6589
188248572300,sensor,TX,4854,"{""age_min_ms"": 74, ""age_max_ms"": 74}",LAT TX seq=4854 age_min_ms=74 age_max_ms=74
188254626800,screen,RX,4854,{},I (751430) LAT: RX seq=4854
188267881500,sensor,RTT,4854,"{""us"": 7869}",LAT RTT seq=4854 us=7869
188348661900,sensor,TX,4855,"{""age_min_ms"": 80, ""age_max_ms"": 80}",LAT TX seq=4855 age_min_ms=80 age_max_ms=80
188352743300,screen,RX,4855,{},I (751530) LAT: RX seq=4855
188367905200,sensor,RTT,4855,"{""us"": 5909}",LAT RTT seq=4855 us=5909
188448756600,sensor,TX,4856,"{""age_min_ms"": 80, ""age_max_ms"": 80}",LAT TX seq=4856 age_min_ms=80 age_max_ms=80
188455156700,screen,RX,4856,{},I (751630) LAT: RX seq=4856
188548672100,sensor,RTT,4856,"{""us"": 6340}",LAT RTT seq=4856 us=6340
188548672100,sensor,TX,4857,"{""age_min_ms"": 74, ""age_max_ms"": 74}",LAT TX seq=4857 age_min_ms=74 age_max_ms=74
188553551800,screen,RX,4857,{},I (751730) LAT: RX seq=4857
188567846300,sensor,RTT,4857,"{""us"": 5654}",LAT RTT seq=4857 us=5654
188648616100,sensor,TX,4858,"{""age_min_ms"": 75, ""age_max_ms"": 75}",LAT TX seq=4858 age_min_ms=75 age_max_ms=75
188653828700,screen,RX,4858,{},I (751830) LAT: RX seq=4858
188667842200,sensor,RTT,4858,"{""us"": 5250}",LAT RTT seq=4858 us=5250
188748624300,sensor,TX,4859,"{""age_min_ms"": 80, ""age_max_ms"": 80}",LAT TX seq=4859 age_min_ms=80 age_max_ms=80
188753601700,screen,RX,4859,{},I (751930) LAT: RX seq=4859
188767877100,sensor,RTT,4859,"{""us"": 5234}",LAT RTT seq=4859 us=5234
188848671900,sensor,TX,4860,"{""age_min_ms"": 74, ""age_max_ms"": 74}",LAT TX seq=4860 age_min_ms=74 age_max_ms=74
188853727300,screen,RX,4860,{},I (752030) LAT: RX seq=4860
188867877300,sensor,RTT,4860,"{""us"": 4717}",LAT RTT seq=4860 us=4717
188948643600,sensor,TX,4861,"{""age_min_ms"": 74, ""age_max_ms"": 74}",LAT TX seq=4861 age_min_ms=74 age_max_ms=74
188953147100,screen,RX,4861,{},I (752130) LAT: RX seq=4861
188967858800,sensor,RTT,4861,"{""us"": 6216}",LAT RTT seq=4861 us=6216
189048758500,sensor,TX,4862,"{""age_min_ms"": 33, ""age_max_ms"": 33}",LAT TX seq=4862 age_min_ms=33 age_max_ms=33
189057840000,screen,RX,4862,{},I (752230) LAT: RX seq=4862
189091556500,sensor,RTT,4862,"{""us"": 9775}",LAT RTT seq=4862 us=9775
189148732800,sensor,TX,4863,"{""age_min_ms"": 33, ""age_max_ms"": 33}",LAT TX seq=4863 age_min_ms=33 age_max_ms=33
189155037600,screen,RX,4863,{},I (752330) LAT: RX seq=4863
189167795900,sensor,RTT,4863,"{""us"": 6190}",LAT RTT seq=4863 us=6190
189248606100,sensor,TX,4864,"{""age_min_ms"": 74, ""age_max_ms"": 74}",LAT TX seq=4864 age_min_ms=74 age_max_ms=74
189252902300,screen,RX,4864,{},I (752430) LAT: RX seq=4864
189267819600,sensor,RTT,4864,"{""us"": 3664}",LAT RTT seq=4864 us=3664
189348900800,sensor,TX,4865,"{""age_min_ms"": 74, ""age_max_ms"": 74}",LAT TX seq=4865 age_min_ms=74 age_max_ms=74
189352788200,screen,RX,4865,{},I (752530) LAT: RX seq=4865
189367902800,sensor,RTT,4865,"{""us"": 3528}",LAT RTT seq=4865 us=3528
189448769800,sensor,TX,4866,"{""age_min_ms"": 74, ""age_max_ms"": 74}",LAT TX seq=4866 age_min_ms=74 age_max_ms=74
189452880700,screen,RX,4866,{},I (752630) LAT: RX seq=4866
189467898300,sensor,RTT,4866,"{""us"": 3074}",LAT RTT seq=4866 us=3074
189548786000,sensor,TX,4867,"{""age_min_ms"": 75, ""age_max_ms"": 75}",LAT TX seq=4867 age_min_ms=75 age_max_ms=75
189553128100,screen,RX,4867,{},I (752730) LAT: RX seq=4867
189567922600,sensor,RTT,4867,"{""us"": 6003}",LAT RTT seq=4867 us=6003
189648739700,sensor,TX,4868,"{""age_min_ms"": 74, ""age_max_ms"": 74}",LAT TX seq=4868 age_min_ms=74 age_max_ms=74
189653007100,screen,RX,4868,{},I (752830) LAT: RX seq=4868
189668923500,sensor,RTT,4868,"{""us"": 7150}",LAT RTT seq=4868 us=7150
189749641800,sensor,TX,4869,"{""age_min_ms"": 75, ""age_max_ms"": 75}",LAT TX seq=4869 age_min_ms=75 age_max_ms=75
189753770600,screen,RX,4869,{},I (752930) LAT: RX seq=4869
189769884400,sensor,RTT,4869,"{""us"": 6571}",LAT RTT seq=4869 us=6571
189850698200,sensor,TX,4870,"{""age_min_ms"": 76, ""age_max_ms"": 76}",LAT TX seq=4870 age_min_ms=76 age_max_ms=76
189858620600,screen,RX,4870,{},I (753030) LAT: RX seq=4870
189870850700,sensor,RTT,4870,"{""us"": 7214}",LAT RTT seq=4870 us=7214
189951790800,sensor,TX,4871,"{""age_min_ms"": 77, ""age_max_ms"": 77}",LAT TX seq=4871 age_min_ms=77 age_max_ms=77
189955841100,screen,RX,4871,{},I (753130) LAT: RX seq=4871
189970880200,sensor,RTT,4871,"{""us"": 4032}",LAT RTT seq=4871 us=4032
190051625100,sensor,TX,4872,"{""age_min_ms"": 36, ""age_max_ms"": 36}",LAT TX seq=4872 age_min_ms=36 age_max_ms=36
190057328600,screen,RX,4872,{},I (753230) LAT: RX seq=4872
190071849100,sensor,RTT,4872,"{""us"": 5459}",LAT RTT seq=4872 us=5459
190152872600,sensor,TX,4873,"{""age_min_ms"": 37, ""age_max_ms"": 37}",LAT TX seq=4873 age_min_ms=37 age_max_ms=37
190159899900,screen,RX,4873,{},I (753330) LAT: RX seq=4873
190172846600,sensor,RTT,4873,"{""us"": 7956}",LAT RTT seq=4873 us=7956
190253748400,sensor,TX,4874,"{""age_min_ms"": 85, ""age_max_ms"": 85}",LAT TX seq=4874 age_min_ms=85 age_max_ms=85
190257750700,screen,RX,4874,{},I (753430) LAT: RX seq=4874
190272884800,sensor,RTT,4874,"{""us"": 6110}",LAT RTT seq=4874 us=6110
190353676200,sensor,TX,4875,"{""age_min_ms"": 71, ""age_max_ms"": 71}",LAT TX seq=4875 age_min_ms=71 age_max_ms=71
190362512800,screen,RX,4875,{},I (753540) LAT: RX seq=4875
190372855600,sensor,RTT,4875,"{""us"": 8726}",LAT RTT seq=4875 us=8726
190453759400,sensor,TX,4876,"{""age_min_ms"": 79, ""age_max_ms"": 79}",LAT TX seq=4876 age_min_ms=79 age_max_ms=79
190459047800,screen,RX,4876,{},I (753630) LAT: RX seq=4876
190472914700,sensor,RTT,4876,"{""us"": 11182}",LAT RTT seq=4876 us=11182
190553804000,sensor,TX,4877,"{""age_min_ms"": 79, ""age_max_ms"": 79}",LAT TX seq=4877 age_min_ms=79 age_max_ms=79
190559168500,screen,RX,4877,{},I (753730) LAT: RX seq=4877
190572838200,sensor,RTT,4877,"{""us"": 8221}",LAT RTT seq=4877 us=8221
190653768900,sensor,TX,4878,"{""age_min_ms"": 79, ""age_max_ms"": 79}",LAT TX seq=4878 age_min_ms=79 age_max_ms=79
190661519900,screen,RX,4878,{},I (753830) LAT: RX seq=4878
190673864100,sensor,RTT,4878,"{""us"": 15965}",LAT RTT seq=4878 us=15965
190754931000,sensor,TX,4879,"{""age_min_ms"": 80, ""age_max_ms"": 80}",LAT TX seq=4879 age_min_ms=80 age_max_ms=80
190758953700,screen,RX,4879,{},I (753930) LAT: RX seq=4879
190774858200,sensor,RTT,4879,"{""us"": 3860}",LAT RTT seq=4879 us=3860
190855676500,sensor,TX,4880,"{""age_min_ms"": 82, ""age_max_ms"": 82}",LAT TX seq=4880 age_min_ms=82 age_max_ms=82
190860977100,screen,RX,4880,{},I (754030) LAT: RX seq=4880
190875873700,sensor,RTT,4880,"{""us"": 11086}",LAT RTT seq=4880 us=11086
190956601200,sensor,TX,4881,"{""age_min_ms"": 88, ""age_max_ms"": 88}",LAT TX seq=4881 age_min_ms=88 age_max_ms=88
190964194100,screen,RX,4881,{},I (754140) LAT: RX seq=4881
190975870500,sensor,RTT,4881,"{""us"": 7329}",LAT RTT seq=4881 us=7329
191056683700,sensor,TX,4882,"{""age_min_ms"": 41, ""age_max_ms"": 41}",LAT TX seq=4882 age_min_ms=41 age_max_ms=41
191060909100,screen,RX,4882,{},I (754230) LAT: RX seq=4882
191076819500,sensor,RTT,4882,"{""us"": 4150}",LAT RTT seq=4882 us=4150
191157661600,sensor,TX,4883,"{""age_min_ms"": 48, ""age_max_ms"": 48}",LAT TX seq=4883 age_min_ms=48 age_max_ms=48
191162863500,screen,RX,4883,{},I (754340) LAT: RX seq=4883
191177888500,sensor,RTT,4883,"{""us"": 4531}",LAT RTT seq=4883 us=4531
191258619800,sensor,TX,4884,"{""age_min_ms"": 84, ""age_max_ms"": 84}",LAT TX seq=4884 age_min_ms=84 age_max_ms=84
191262856000,screen,RX,4884,{},I (754440) LAT: RX seq=4884
191277841300,sensor,RTT,4884,"{""us"": 3964}",LAT RTT seq=4884 us=3964
191358622900,sensor,TX,4885,"{""age_min_ms"": 84, ""age_max_ms"": 84}",LAT TX seq=4885 age_min_ms=84 age_max_ms=84
191363949500,screen,RX,4885,{},I (754540) LAT: RX seq=4885
191458786200,sensor,RTT,4885,"{""us"": 9535}",LAT RTT seq=4885 us=9535
191458786200,sensor,TX,4886,"{""age_min_ms"": 90, ""age_max_ms"": 90}",LAT TX seq=4886 age_min_ms=90 age_max_ms=90
191463658000,screen,RX,4886,{},I (754640) LAT: RX seq=4886
191477864300,sensor,RTT,4886,"{""us"": 16820}",LAT RTT seq=4886 us=16820
191558759100,sensor,TX,4887,"{""age_min_ms"": 84, ""age_max_ms"": 84}",LAT TX seq=4887 age_min_ms=84 age_max_ms=84
191573341300,screen,RX,4887,{},I (754750) LAT: RX seq=4887
191577787200,sensor,RTT,4887,"{""us"": 19655}",LAT RTT seq=4887 us=19655
191658666500,sensor,TX,4888,"{""age_min_ms"": 84, ""age_max_ms"": 84}",LAT TX seq=4888 age_min_ms=84 age_max_ms=84
191663624000,screen,RX,4888,{},I (754840) LAT: RX seq=4888
191678870100,sensor,RTT,4888,"{""us"": 4906}",LAT RTT seq=4888 us=4906
191759649400,sensor,TX,4889,"{""age_min_ms"": 85, ""age_max_ms"": 85}",LAT TX seq=4889 age_min_ms=85 age_max_ms=85
191765698800,screen,RX,4889,{},I (754940) LAT: RX seq=4889
191779857800,sensor,RTT,4889,"{""us"": 8733}",LAT RTT seq=4889 us=8733
191860773600,sensor,TX,4890,"{""age_min_ms"": 92, ""age_max_ms"": 92}",LAT TX seq=4890 age_min_ms=92 age_max_ms=92
191865454700,screen,RX,4890,{},I (755040) LAT: RX seq=4890
191880877000,sensor,RTT,4890,"{""us"": 8137}",LAT RTT seq=4890 us=8137
191961665700,sensor,TX,4891,"{""age_min_ms"": 87, ""age_max_ms"": 87}",LAT TX seq=4891 age_min_ms=87 age_max_ms=87
191965827100,screen,RX,4891,{},I (755140) LAT: RX seq=4891
191980857100,sensor,RTT,4891,"{""us"": 3612}",LAT RTT seq=4891 us=3612
192061651500,sensor,TX,4892,"{""age_min_ms"": 46, ""age_max_ms"": 46}",LAT TX seq=4892 age_min_ms=46 age_max_ms=46
192068440800,screen,RX,4892,{},I (755240) LAT: RX seq=4892
192081841600,sensor,RTT,4892,"{""us"": 6068}",LAT RTT seq=4892 us=6068
192162648600,sensor,TX,4893,"{""age_min_ms"": 47, ""age_max_ms"": 47}",LAT TX seq=4893 age_min_ms=47 age_max_ms=47
192167524400,screen,RX,4893,{},I (755340) LAT: RX seq=4893
192182826800,sensor,RTT,4893,"{""us"": 4442}",LAT RTT seq=4893 us=4442
192263778000,sensor,TX,4894,"{""age_min_ms"": 89, ""age_max_ms"": 89}",LAT TX seq=4894 age_min_ms=89 age_max_ms=89
192267784500,screen,RX,4894,{},I (755440) LAT: RX seq=4894
192282869300,sensor,RTT,4894,"{""us"": 5356}",LAT RTT seq=4894 us=5356
192363612300,sensor,TX,4895,"{""age_min_ms"": 95, ""age_max_ms"": 95}",LAT TX seq=4895 age_min_ms=95 age_max_ms=95
192367771800,screen,RX,4895,{},I (755540) LAT: RX seq=4895
192382952200,sensor,RTT,4895,"{""us"": 3059}",LAT RTT seq=4895 us=3059
192463662000,sensor,TX,4896,"{""age_min_ms"": 89, ""age_max_ms"": 89}",LAT TX seq=4896 age_min_ms=89 age_max_ms=89
192467830500,screen,RX,4896,{},I (755640) LAT: RX seq=4896
192482873400,sensor,RTT,4896,"{""us"": 4422}",LAT RTT seq=4896 us=4422
192563723700,sensor,TX,4897,"{""age_min_ms"": 95, ""age_max_ms"": 95}",LAT TX seq=4897 age_min_ms=95 age_max_ms=95
192569373900,screen,RX,4897,{},I (755740) LAT: RX seq=4897
192582917600,sensor,RTT,4897,"{""us"": 5587}",LAT RTT seq=4897 us=5587
192663773000,sensor,TX,4898,"{""age_min_ms"": 95, ""age_max_ms"": 95}",LAT TX seq=4898 age_min_ms=95 age_max_ms=95
192669462600,screen,RX,4898,{},I (755840) LAT: RX seq=4898
192683893000,sensor,RTT,4898,"{""us"": 6660}",LAT RTT seq=4898 us=6660
192764823800,sensor,TX,4899,"{""age_min_ms"": 91, ""age_max_ms"": 91}",LAT TX seq=4899 age_min_ms=91 age_max_ms=91
192773587000,screen,RX,4899,{},I (755950) LAT: RX seq=4899
192783938300,sensor,RTT,4899,"{""us"": 8104}",LAT RTT seq=4899 us=8104
192864732500,sensor,TX,4900,"{""age_min_ms"": 91, ""age_max_ms"": 91}",LAT TX seq=4900 age_min_ms=91 age_max_ms=91
192870750700,screen,RX,4900,{},I (756040) LAT: RX seq=4900
192883869700,sensor,RTT,4900,"{""us"": 7551}",LAT RTT seq=4900 us=7551
192964865300,sensor,TX,4901,"{""age_min_ms"": 90, ""age_max_ms"": 90}",LAT TX seq=4901 age_min_ms=90 age_max_ms=90
192969655600,screen,RX,4901,{},I (756140) LAT: RX seq=4901
192983938100,sensor,RTT,4901,"{""us"": 3986}",LAT RTT seq=4901 us=3986
193064850200,sensor,TX,4902,"{""age_min_ms"": 49, ""age_max_ms"": 49}",LAT TX seq=4902 age_min_ms=49 age_max_ms=49
193069691500,screen,RX,4902,{},I (756240) LAT: RX seq=4902
193084900100,sensor,RTT,4902,"{""us"": 4311}",LAT RTT seq=4902 us=4311
193165671900,sensor,TX,4903,"{""age_min_ms"": 56, ""age_max_ms"": 56}",LAT TX seq=4903 age_min_ms=56 age_max_ms=56
193169800000,screen,RX,4903,{},I (756340) LAT: RX seq=4903
193184932100,sensor,RTT,4903,"{""us"": 3743}",LAT RTT seq=4903 us=3743
193265663200,sensor,TX,4904,"{""age_min_ms"": 97, ""age_max_ms"": 97}",LAT TX seq=4904 age_min_ms=97 age_max_ms=97
193270074700,screen,RX,4904,{},I (756440) LAT: RX seq=4904
193284869500,sensor,RTT,4904,"{""us"": 4146}",LAT RTT seq=4904 us=4146
193365631400,sensor,TX,4905,"{""age_min_ms"": 97, ""age_max_ms"": 97}",LAT TX seq=4905 age_min_ms=97 age_max_ms=97
193371583600,screen,RX,4905,{},I (756540) LAT: RX seq=4905
193384946600,sensor,RTT,4905,"{""us"": 4909}",LAT RTT seq=4905 us=4909
193465841100,sensor,TX,4906,"{""age_min_ms"": 91, ""age_max_ms"": 91}",LAT TX seq=4906 age_min_ms=91 age_max_ms=91
193470729800,screen,RX,4906,{},I (756640) LAT: RX seq=4906
193484905800,sensor,RTT,4906,"{""us"": 4187}",LAT RTT seq=4906 us=4187
193565753200,sensor,TX,4907,"{""age_min_ms"": 91, ""age_max_ms"": 91}",LAT TX seq=4907 age_min_ms=91 age_max_ms=91
193570576100,screen,RX,4907,{},I (756740) LAT: RX seq=4907
193584919100,sensor,RTT,4907,"{""us"": 5368}",LAT RTT seq=4907 us=5368
193665631500,sensor,TX,4908,"{""age_min_ms"": 97, ""age_max_ms"": 97}",LAT TX seq=4908 age_min_ms=97 age_max_ms=97
193671303300,screen,RX,4908,{},I (756840) LAT: RX seq=4908
193685884300,sensor,RTT,4908,"{""us"": 6914}",LAT RTT seq=4908 us=6914
193766679800,sensor,TX,4909,"{""age_min_ms"": 93, ""age_max_ms"": 93}",LAT TX seq=4909 age_min_ms=93 age_max_ms=93
193772769900,screen,RX,4909,{},I (756950) LAT: RX seq=4909
193786875100,sensor,RTT,4909,"{""us"": 7597}",LAT RTT seq=4909 us=7597
193867665200,sensor,TX,4910,"{""age_min_ms"": 93, ""age_max_ms"": 93}",LAT TX seq=4910 age_min_ms=93 age_max_ms=93
193872580500,screen,RX,4910,{},I (757040) LAT: RX seq=4910
193887864300,sensor,RTT,4910,"{""us"": 8591}",LAT RTT seq=4910 us=8591
193968607700,sensor,TX,4911,"{""age_min_ms"": 94, ""age_max_ms"": 94}",LAT TX seq=4911 age_min_ms=94 age_max_ms=94
193972874600,screen,RX,4911,{},I (757150) LAT: RX seq=4911
193987842400,sensor,RTT,4911,"{""us"": 4723}",LAT RTT seq=4911 us=4723
194068779900,sensor,TX,4912,"{""age_min_ms"": 53, ""age_max_ms"": 53}",LAT TX seq=4912 age_min_ms=53 age_max_ms=53
194075817600,screen,RX,4912,{},I (757250) LAT: RX seq=4912
194087889900,sensor,RTT,4912,"{""us"": 8358}",LAT RTT seq=4912 us=8358
194168757300,sensor,TX,4913,"{""age_min_ms"": 53, ""age_max_ms"": 53}",LAT TX seq=4913 age_min_ms=53 age_max_ms=53
194175165400,screen,RX,4913,{},I (757350) LAT: RX seq=4913
194188865200,sensor,RTT,4913,"{""us"": 6723}",LAT RTT seq=4913 us=6723
194269637300,sensor,TX,4914,"{""age_min_ms"": 95, ""age_max_ms"": 95}",LAT TX seq=4914 age_min_ms=95 age_max_ms=95
194274583800,screen,RX,4914,{},I (757450) LAT: RX seq=4914
194369840100,sensor,RTT,4914,"{""us"": 5389}",LAT RTT seq=4914 us=5389
194369840100,sensor,TX,4915,"{""age_min_ms"": 1, ""age_max_ms"": 1}",LAT TX seq=4915 age_min_ms=1 age_max_ms=1
194374729500,screen,RX,4915,{},I (757550) LAT: RX seq=4915
194388904200,sensor,RTT,4915,"{""us"": 9523}",LAT RTT seq=4915 us=9523
194469765000,sensor,TX,4916,"{""age_min_ms"": 1, ""age_max_ms"": 1}",LAT TX seq=4916 age_min_ms=1 age_max_ms=1
194477635500,screen,RX,4916,{},I (757650) LAT: RX seq=4916
194488921100,sensor,RTT,4916,"{""us"": 7502}",LAT RTT seq=4916 us=7502
194569627500,sensor,TX,4917,"{""age_min_ms"": 1, ""age_max_ms"": 1}",LAT TX seq=4917 age_min_ms=1 age_max_ms=1
194577315600,screen,RX,4917,{},I (757750) LAT: RX seq=4917
194588845600,sensor,RTT,4917,"{""us"": 7154}",LAT RTT seq=4917 us=7154
194669730400,sensor,TX,4918,"{""age_min_ms"": 101, ""age_max_ms"": 101}",LAT TX seq=4918 age_min_ms=101 age_max_ms=101
194676226500,screen,RX,4918,{},I (757850) LAT: RX seq=4918
194688797000,sensor,RTT,4918,"{""us"": 7439}",LAT RTT seq=4918 us=7439
194769760400,sensor,TX,4919,"{""age_min_ms"": 96, ""age_max_ms"": 96}",LAT TX seq=4919 age_min_ms=96 age_max_ms=96
194775148700,screen,RX,4919,{},I (757950) LAT: RX seq=4919
194788856500,sensor,RTT,4919,"{""us"": 11511}",LAT RTT seq=4919 us=11511
194875235300,screen,RX,4920,{},I (758050) LAT: RX seq=4920
194888865200,sensor,RTT,4920,"{""us"": 7697}",LAT TX seLAT RTT seq=4920 us=7697
194969763700,sensor,TX,4921,"{""age_min_ms"": 96, ""age_max_ms"": 96}",LAT TX seq=4921 age_min_ms=96 age_max_ms=96
194977541500,screen,RX,4921,{},I (758150) LAT: RX seq=4921
194988867300,sensor,RTT,4921,"{""us"": 15535}",LAT RTT seq=4921 us=15535
195069662200,sensor,TX,4922,"{""age_min_ms"": 60, ""age_max_ms"": 60}",LAT TX seq=4922 age_min_ms=60 age_max_ms=60
195074519400,screen,RX,4922,{},I (758250) LAT: RX seq=4922
195088938600,sensor,RTT,4922,"{""us"": 7839}",LAT RTT seq=4922 us=7839
195169657400,sensor,TX,4923,"{""age_min_ms"": 1, ""age_max_ms"": 1}",LAT TX seq=4923 age_min_ms=1 age_max_ms=1
195177332100,screen,RX,4923,{},I (758350) LAT: RX seq=4923
195189843200,sensor,RTT,4923,"{""us"": 7106}",LAT RTT seq=4923 us=7106
195270719600,sensor,TX,4924,"{""age_min_ms"": 2, ""age_max_ms"": 2}",LAT TX seq=4924 age_min_ms=2 age_max_ms=2
195274763100,screen,RX,4924,{},I (758450) LAT: RX seq=4924
195289857600,sensor,RTT,4924,"{""us"": 5812}",LAT RTT seq=4924 us=5812
195377081000,screen,RX,4925,{},I (758550) LAT: RX seq=4925
195389842100,sensor,RTT,4925,"{""us"": 9234}",LAT RTT seq=4925 us=9234
195470771000,sensor,TX,4926,"{""age_min_ms"": 102, ""age_max_ms"": 102}",LAT TX seq=4926 age_min_ms=102 age_max_ms=102
195475895600,screen,RX,4926,{},I (758650) LAT: RX seq=4926
195489874200,sensor,RTT,4926,"{""us"": 4463}",LAT RTT seq=4926 us=4463
195570640000,sensor,TX,4927,"{""age_min_ms"": 2, ""age_max_ms"": 2}",LAT TX seq=4927 age_min_ms=2 age_max_ms=2
195575580300,screen,RX,4927,{},I (758750) LAT: RX seq=4927
195589843300,sensor,RTT,4927,"{""us"": 13010}",LAT RTT seq=4927 us=13010
195670841900,sensor,TX,4928,"{""age_min_ms"": 102, ""age_max_ms"": 102}",LAT TX seq=4928 age_min_ms=102 age_max_ms=102
195675861900,screen,RX,4928,{},I (758850) LAT: RX seq=4928
195690941800,sensor,RTT,4928,"{""us"": 8197}",LAT RTT seq=4928 us=8197
195776049100,screen,RX,4929,{},I (758950) LAT: RX seq=4929
195791861100,sensor,RTT,4929,"{""us"": 4108}",LAT RTT seq=4929 us=4108
195872757400,sensor,TX,4930,"{""age_min_ms"": 97, ""age_max_ms"": 97}",LAT TX seq=4930 age_min_ms=97 age_max_ms=97
195880069900,screen,RX,4930,{},I (759050) LAT: RX seq=4930
195891936300,sensor,RTT,4930,"{""us"": 9076}",LAT RTT seq=4930 us=9076
195972614700,sensor,TX,4931,"{""age_min_ms"": 97, ""age_max_ms"": 97}",LAT TX seq=4931 age_min_ms=97 age_max_ms=97
195976801400,screen,RX,4931,{},I (759150) LAT: RX seq=4931
196072689000,sensor,TX,4932,"{""age_min_ms"": 58, ""age_max_ms"": 58}",LAT TX seq=4932 age_min_ms=58 age_max_ms=58
196077295900,screen,RX,4932,{},I (759250) LAT: RX seq=4932
196091847900,sensor,RTT,4932,"{""us"": 12997}",LAT RTT seq=4932 us=12997
196172664000,sensor,TX,4933,"{""age_min_ms"": 57, ""age_max_ms"": 57}",LAT TX seq=4933 age_min_ms=57 age_max_ms=57
196184902800,screen,RX,4933,{},I (759360) LAT: RX seq=4933
196191927900,sensor,RTT,4933,"{""us"": 11305}",LAT RTT seq=4933 us=11305
196272612200,sensor,TX,4934,"{""age_min_ms"": 98, ""age_max_ms"": 98}",LAT TX seq=4934 age_min_ms=98 age_max_ms=98
196281832300,screen,RX,4934,{},I (759450) LAT: RX seq=4934
196291843800,sensor,RTT,4934,"{""us"": 8892}",LAT RTT seq=4934 us=8892
196372716100,sensor,TX,4935,"{""age_min_ms"": 4, ""age_max_ms"": 4}",LAT TX seq=4935 age_min_ms=4 age_max_ms=4
196377952200,screen,RX,4935,{},I (759550) LAT: RX seq=4935
196391846000,sensor,RTT,4935,"{""us"": 5588}",LAT RTT seq=4935 us=5588
196472759800,sensor,TX,4936,"{""age_min_ms"": 104, ""age_max_ms"": 104}",LAT TX seq=4936 age_min_ms=104 age_max_ms=104
196477840000,screen,RX,4936,{},I (759650) LAT: RX seq=4936
196491874600,sensor,RTT,4936,"{""us"": 4173}",LAT RTT seq=4936 us=4173
196572629700,sensor,TX,4937,"{""age_min_ms"": 97, ""age_max_ms"": 97}",LAT TX seq=4937 age_min_ms=97 age_max_ms=97
196595589000,screen,RX,4937,{},I (759770) LAT: RX seq=4937
196611875600,sensor,RTT,4937,"{""us"": 25613}",LAT RTT seq=4937 us=25613
196672652100,sensor,TX,4938,"{""age_min_ms"": 98, ""age_max_ms"": 98}",LAT TX seq=4938 age_min_ms=98 age_max_ms=98
196677509400,screen,RX,4938,{},I (759850) LAT: RX seq=4938
196692857600,sensor,RTT,4938,"{""us"": 4038}",LAT RTT seq=4938 us=4038
196773786700,sensor,TX,4939,"{""age_min_ms"": 100, ""age_max_ms"": 100}",LAT TX seq=4939 age_min_ms=100 age_max_ms=100
196782956900,screen,RX,4939,{},I (759960) LAT: RX seq=4939
196792856800,sensor,RTT,4939,"{""us"": 11749}",LAT RTT seq=4939 us=11749
196873780300,sensor,TX,4940,"{""age_min_ms"": 5, ""age_max_ms"": 5}",LAT TX seq=4940 age_min_ms=5 age_max_ms=5
196882643000,screen,RX,4940,{},I (760060) LAT: RX seq=4940
196893901300,sensor,RTT,4940,"{""us"": 15035}",LAT RTT seq=4940 us=15035
196974832600,sensor,TX,4941,"{""age_min_ms"": 106, ""age_max_ms"": 106}",LAT TX seq=4941 age_min_ms=106 age_max_ms=106
196980297400,screen,RX,4941,{},I (760150) LAT: RX seq=4941
196994844600,sensor,RTT,4941,"{""us"": 5614}",LAT RTT seq=4941 us=5614
197075647300,sensor,TX,4942,"{""age_min_ms"": 61, ""age_max_ms"": 61}",LAT TX seq=4942 age_min_ms=61 age_max_ms=61
197083063800,screen,RX,4942,{},I (760260) LAT: RX seq=4942
197094754500,sensor,RTT,4942,"{""us"": 9063}",LAT RTT seq=4942 us=9063
197175653700,sensor,TX,4943,"{""age_min_ms"": 2, ""age_max_ms"": 2}",LAT TX seq=4943 age_min_ms=2 age_max_ms=2
197182479500,screen,RX,4943,{},I (760360) LAT: RX seq=4943
197195838000,sensor,RTT,4943,"{""us"": 13639}",LAT RTT seq=4943 us=13639
197276648800,sensor,TX,4944,"{""age_min_ms"": 8, ""age_max_ms"": 8}",LAT TX seq=4944 age_min_ms=8 age_max_ms=8
197285488800,screen,RX,4944,{},I (760460) LAT: RX seq=4944
197295865800,sensor,RTT,4944,"{""us"": 12362}",LAT RTT seq=4944 us=12362
197376775100,sensor,TX,4945,"{""age_min_ms"": 8, ""age_max_ms"": 8}",LAT TX seq=4945 age_min_ms=8 age_max_ms=8
197381570600,screen,RX,4945,{},I (760550) LAT: RX seq=4945
197395826700,sensor,RTT,4945,"{""us"": 3890}",LAT RTT seq=4945 us=3890
197476844400,sensor,TX,4946,"{""age_min_ms"": 8, ""age_max_ms"": 8}",LAT TX seq=4946 age_min_ms=8 age_max_ms=8
197480821800,screen,RX,4946,{},I (760650) LAT: RX seq=4946
197495906400,sensor,RTT,4946,"{""us"": 3065}",LAT RTT seq=4946 us=3065
197576678300,sensor,TX,4947,"{""age_min_ms"": 8, ""age_max_ms"": 8}",LAT TX seq=4947 age_min_ms=8 age_max_ms=8
197582582400,screen,RX,4947,{},I (760760) LAT: RX seq=4947
197595874800,sensor,RTT,4947,"{""us"": 17928}",LAT RTT seq=4947 us=17928
197676752200,sensor,TX,4948,"{""age_min_ms"": 3, ""age_max_ms"": 3}",LAT TX seq=4948 age_min_ms=3 age_max_ms=3
197684977900,screen,RX,4948,{},I (760860) LAT: RX seq=4948
197695866400,sensor,RTT,4948,"{""us"": 19577}",LAT RTT seq=4948 us=19577
197776783100,sensor,TX,4949,"{""age_min_ms"": 2, ""age_max_ms"": 2}",LAT TX seq=4949 age_min_ms=2 age_max_ms=2
197784544000,screen,RX,4949,{},I (760960) LAT: RX seq=4949
197796905100,sensor,RTT,4949,"{""us"": 9948}",LAT RTT seq=4949 us=9948
197877757100,sensor,TX,4950,"{""age_min_ms"": 9, ""age_max_ms"": 9}",LAT TX seq=4950 age_min_ms=9 age_max_ms=9
197885242000,screen,RX,4950,{},I (761060) LAT: RX seq=4950
197896913500,sensor,RTT,4950,"{""us"": 7247}",LAT RTT seq=4950 us=7247
197977796100,sensor,TX,4951,"{""age_min_ms"": 109, ""age_max_ms"": 109}",LAT TX seq=4951 age_min_ms=109 age_max_ms=109
197986374700,screen,RX,4951,{},I (761160) LAT: RX seq=4951
197996856100,sensor,RTT,4951,"{""us"": 12104}",LAT RTT seq=4951 us=12104
198077677000,sensor,TX,4952,"{""age_min_ms"": 62, ""age_max_ms"": 62}",LAT TX seq=4952 age_min_ms=62 age_max_ms=62
198081825900,screen,RX,4952,{},I (761250) LAT: RX seq=4952
198096870000,sensor,RTT,4952,"{""us"": 3087}",LAT RTT seq=4952 us=3087
198177730100,sensor,TX,4953,"{""age_min_ms"": 3, ""age_max_ms"": 3}",LAT TX seq=4953 age_min_ms=3 age_max_ms=3
198181819200,screen,RX,4953,{},I (761350) LAT: RX seq=4953
198196894100,sensor,RTT,4953,"{""us"": 3930}",LAT RTT seq=4953 us=3930
198277887700,sensor,TX,4954,"{""age_min_ms"": 4, ""age_max_ms"": 4}",LAT TX seq=4954 age_min_ms=4 age_max_ms=4
198281786700,screen,RX,4954,{},I (761450) LAT: RX seq=4954
198296841700,sensor,RTT,4954,"{""us"": 8386}",LAT RTT seq=4954 us=8386
198377792600,sensor,TX,4955,"{""age_min_ms"": 9, ""age_max_ms"": 9}",LAT TX seq=4955 age_min_ms=9 age_max_ms=9
198382582000,screen,RX,4955,{},I (761550) LAT: RX seq=4955
198396844100,sensor,RTT,4955,"{""us"": 5263}",LAT RTT seq=4955 us=5263
198477774700,sensor,TX,4956,"{""age_min_ms"": 9, ""age_max_ms"": 9}",LAT TX seq=4956 age_min_ms=9 age_max_ms=9
198482574400,screen,RX,4956,{},I (761660) LAT: RX seq=4956
198496827300,sensor,RTT,4956,"{""us"": 5470}",LAT RTT seq=4956 us=5470
198577658900,sensor,TX,4957,"{""age_min_ms"": 3, ""age_max_ms"": 3}",LAT TX seq=4957 age_min_ms=3 age_max_ms=3
198582707100,screen,RX,4957,{},I (761760) LAT: RX seq=4957
198596834700,sensor,RTT,4957,"{""us"": 5067}",LAT RTT seq=4957 us=5067
198677718900,sensor,TX,4958,"{""age_min_ms"": 9, ""age_max_ms"": 9}",LAT TX seq=4958 age_min_ms=9 age_max_ms=9
198682507200,screen,RX,4958,{},I (761860) LAT: RX seq=4958
198697921300,sensor,RTT,4958,"{""us"": 4864}",LAT RTT seq=4958 us=4864
198778684100,sensor,TX,4959,"{""age_min_ms"": 4, ""age_max_ms"": 4}",LAT TX seq=4959 age_min_ms=4 age_max_ms=4
198782807100,screen,RX,4959,{},I (761960) LAT: RX seq=4959
198798860500,sensor,RTT,4959,"{""us"": 6644}",LAT RTT seq=4959 us=6644
198879684600,sensor,TX,4960,"{""age_min_ms"": 11, ""age_max_ms"": 11}",LAT TX seq=4960 age_min_ms=11 age_max_ms=11
198885253300,screen,RX,4960,{},I (762060) LAT: RX seq=4960
198899951800,sensor,RTT,4960,"{""us"": 5916}",LAT RTT seq=4960 us=5916
198980684600,sensor,TX,4961,"{""age_min_ms"": 112, ""age_max_ms"": 112}",LAT TX seq=4961 age_min_ms=112 age_max_ms=112
198984816300,screen,RX,4961,{},I (762160) LAT: RX seq=4961
198999832700,sensor,RTT,4961,"{""us"": 3751}",LAT RTT seq=4961 us=3751
199080859900,sensor,TX,4962,"{""age_min_ms"": 65, ""age_max_ms"": 65}",LAT TX seq=4962 age_min_ms=65 age_max_ms=65
199086158800,screen,RX,4962,{},I (762260) LAT: RX seq=4962
199099838900,sensor,RTT,4962,"{""us"": 9545}",LAT RTT seq=4962 us=9545
199180718200,sensor,TX,4963,"{""age_min_ms"": 6, ""age_max_ms"": 6}",LAT TX seq=4963 age_min_ms=6 age_max_ms=6
199185449500,screen,RX,4963,{},I (762360) LAT: RX seq=4963
199199851600,sensor,RTT,4963,"{""us"": 6966}",LAT RTT seq=4963 us=6966
199280622100,sensor,TX,4964,"{""age_min_ms"": 6, ""age_max_ms"": 6}",LAT TX seq=4964 age_min_ms=6 age_max_ms=6
199285105300,screen,RX,4964,{},I (762460) LAT: RX seq=4964
199299859100,sensor,RTT,4964,"{""us"": 6725}",LAT RTT seq=4964 us=6725
199380900900,sensor,TX,4965,"{""age_min_ms"": 12, ""age_max_ms"": 12}",LAT TX seq=4965 age_min_ms=12 age_max_ms=12
199384962600,screen,RX,4965,{},I (762560) LAT: RX seq=4965
199399890200,sensor,RTT,4965,"{""us"": 4491}",LAT RTT seq=4965 us=4491
199480884900,sensor,TX,4966,"{""age_min_ms"": 25, ""age_max_ms"": 25}",LAT TX seq=4966 age_min_ms=25 age_max_ms=25
199488070500,screen,RX,4966,{},I (762660) LAT: RX seq=4966
199499855500,sensor,RTT,4966,"{""us"": 6765}",LAT RTT seq=4966 us=6765
199580817200,sensor,TX,4967,"{""age_min_ms"": 24, ""age_max_ms"": 24}",LAT TX seq=4967 age_min_ms=24 age_max_ms=24
199584849800,screen,RX,4967,{},I (762760) LAT: RX seq=4967
199600796000,sensor,RTT,4967,"{""us"": 3720}",LAT RTT seq=4967 us=3720
199681896400,sensor,TX,4968,"{""age_min_ms"": 25, ""age_max_ms"": 25}",LAT TX seq=4968 age_min_ms=25 age_max_ms=25
199690877300,screen,RX,4968,{},I (762860) LAT: RX seq=4968
199701845700,sensor,RTT,4968,"{""us"": 10444}",LAT RTT seq=4968 us=10444
199782742600,sensor,TX,4969,"{""age_min_ms"": 14, ""age_max_ms"": 14}",LAT TX seq=4969 age_min_ms=14 age_max_ms=14
199789485500,screen,RX,4969,{},I (762960) LAT: RX seq=4969
199801939100,sensor,RTT,4969,"{""us"": 7703}",LAT RTT seq=4969 us=7703
199882802200,sensor,TX,4970,"{""age_min_ms"": 8, ""age_max_ms"": 8}",LAT TX seq=4970 age_min_ms=8 age_max_ms=8
199886849600,screen,RX,4970,{},I (763060) LAT: RX seq=4970
199902870100,sensor,RTT,4970,"{""us"": 6591}",LAT RTT seq=4970 us=6591
199983649800,sensor,TX,4971,"{""age_min_ms"": 109, ""age_max_ms"": 109}",LAT TX seq=4971 age_min_ms=109 age_max_ms=109
199988947000,screen,RX,4971,{},I (763160) LAT: RX seq=4971
200002843500,sensor,RTT,4971,"{""us"": 6913}",LAT RTT seq=4971 us=6913
200083811700,sensor,TX,4972,"{""age_min_ms"": 68, ""age_max_ms"": 68}",LAT TX seq=4972 age_min_ms=68 age_max_ms=68
200088715400,screen,RX,4972,{},I (763260) LAT: RX seq=4972
200102823700,sensor,RTT,4972,"{""us"": 4174}",LAT RTT seq=4972 us=4174
200183754900,sensor,TX,4973,"{""age_min_ms"": 9, ""age_max_ms"": 9}",LAT TX seq=4973 age_min_ms=9 age_max_ms=9
200191236700,screen,RX,4973,{},I (763360) LAT: RX seq=4973
200203830300,sensor,RTT,4973,"{""us"": 8330}",LAT RTT seq=4973 us=8330
200284716400,sensor,TX,4974,"{""age_min_ms"": 10, ""age_max_ms"": 10}",LAT TX seq=4974 age_min_ms=10 age_max_ms=10
200291442000,screen,RX,4974,{},I (763460) LAT: RX seq=4974
200303829900,sensor,RTT,4974,"{""us"": 8370}",LAT RTT seq=4974 us=8370
200384744800,sensor,TX,4975,"{""age_min_ms"": 11, ""age_max_ms"": 11}",LAT TX seq=4975 age_min_ms=11 age_max_ms=11
200390686600,screen,RX,4975,{},I (763560) LAT: RX seq=4975
200403875700,sensor,RTT,4975,"{""us"": 6015}",LAT RTT seq=4975 us=6015
200484679900,sensor,TX,4976,"{""age_min_ms"": 10, ""age_max_ms"": 10}",LAT TX seq=4976 age_min_ms=10 age_max_ms=10
200490612400,screen,RX,4976,{},I (763660) LAT: RX seq=4976
200503899600,sensor,RTT,4976,"{""us"": 4881}",LAT RTT seq=4976 us=4881
200584677100,sensor,TX,4977,"{""age_min_ms"": 2, ""age_max_ms"": 2}",LAT TX seq=4977 age_min_ms=2 age_max_ms=2
200589282500,screen,RX,4977,{},I (763760) LAT: RX seq=4977
200603948600,sensor,RTT,4977,"{""us"": 8169}",LAT RTT seq=4977 us=8169
200685731800,sensor,TX,4978,"{""age_min_ms"": 11, ""age_max_ms"": 11}",LAT TX seq=4978 age_min_ms=11 age_max_ms=11
200689018700,screen,RX,4978,{},I (763860) LAT: RX seq=4978
200705006900,sensor,RTT,4978,"{""us"": 6522}",LAT RTT seq=4978 us=6522
200786536800,sensor,TX,4979,"{""age_min_ms"": 11, ""age_max_ms"": 11}",LAT TX seq=4979 age_min_ms=11 age_max_ms=11
200791247300,screen,RX,4979,{},I (763960) LAT: RX seq=4979
200805341400,sensor,RTT,4979,"{""us"": 5560}",LAT RTT seq=4979 us=5560
200885723100,sensor,TX,4980,"{""age_min_ms"": 11, ""age_max_ms"": 11}",LAT TX seq=4980 age_min_ms=11 age_max_ms=11
200890806600,screen,RX,4980,{},I (764060) LAT: RX seq=4980
200905075600,sensor,RTT,4980,"{""us"": 8685}",LAT RTT seq=4980 us=8685
200985808800,sensor,TX,4981,"{""age_min_ms"": 111, ""age_max_ms"": 111}",LAT TX seq=4981 age_min_ms=111 age_max_ms=111
200993606100,screen,RX,4981,{},I (764170) LAT: RX seq=4981
201039232300,sensor,RTT,4981,"{""us"": 7762}",LAT RTT seq=4981 us=7762
201085749700,sensor,TX,4982,"{""age_min_ms"": 70, ""age_max_ms"": 70}",LAT TX seq=4982 age_min_ms=70 age_max_ms=70
201091248100,screen,RX,4982,{},I (764260) LAT: RX seq=4982
201105257900,sensor,RTT,4982,"{""us"": 7558}",LAT RTT seq=4982 us=7558
201185802000,sensor,TX,4983,"{""age_min_ms"": 3, ""age_max_ms"": 3}",LAT TX seq=4983 age_min_ms=3 age_max_ms=3
201200429000,screen,RX,4983,{},I (764370) LAT: RX seq=4983
201204949600,sensor,RTT,4983,"{""us"": 14109}",LAT RTT seq=4983 us=14109
201285833400,sensor,TX,4984,"{""age_min_ms"": 3, ""age_max_ms"": 3}",LAT TX seq=4984 age_min_ms=3 age_max_ms=3
201290196000,screen,RX,4984,{},I (764460) LAT: RX seq=4984
201304985000,sensor,RTT,4984,"{""us"": 7077}",LAT RTT seq=4984 us=7077
201385741300,sensor,TX,4985,"{""age_min_ms"": 3, ""age_max_ms"": 3}",LAT TX seq=4985 age_min_ms=3 age_max_ms=3
201391092700,screen,RX,4985,{},I (764560) LAT: RX seq=4985
201404968900,sensor,RTT,4985,"{""us"": 6941}",LAT RTT seq=4985 us=6941
201485883000,sensor,TX,4986,"{""age_min_ms"": 3, ""age_max_ms"": 3}",LAT TX seq=4986 age_min_ms=3 age_max_ms=3
201492847100,screen,RX,4986,{},I (764670) LAT: RX seq=4986
201504898100,sensor,RTT,4986,"{""us"": 5897}",LAT RTT seq=4986 us=5897
201585740700,sensor,TX,4987,"{""age_min_ms"": 3, ""age_max_ms"": 3}",LAT TX seq=4987 age_min_ms=3 age_max_ms=3
201590116600,screen,RX,4987,{},I (764760) LAT: RX seq=4987
201604962900,sensor,RTT,4987,"{""us"": 6429}",LAT RTT seq=4987 us=6429
201686391200,sensor,TX,4988,"{""age_min_ms"": 3, ""age_max_ms"": 3}",LAT TX seq=4988 age_min_ms=3 age_max_ms=3
201694941400,screen,RX,4988,{},I (764870) LAT: RX seq=4988
201705037400,sensor,RTT,4988,"{""us"": 17721}",LAT RTT seq=4988 us=17721
201785790600,sensor,TX,4989,"{""age_min_ms"": 3, ""age_max_ms"": 3}",LAT TX seq=4989 age_min_ms=3 age_max_ms=3
201791524600,screen,RX,4989,{},I (764960) LAT: RX seq=4989
201804931400,sensor,RTT,4989,"{""us"": 6240}",LAT RTT seq=4989 us=6240
201885724100,sensor,TX,4990,"{""age_min_ms"": 3, ""age_max_ms"": 3}",LAT TX seq=4990 age_min_ms=3 age_max_ms=3
201894510600,screen,RX,4990,{},I (765070) LAT: RX seq=4990
201904973200,sensor,RTT,4990,"{""us"": 11265}",LAT RTT seq=4990 us=11265
201985715800,sensor,TX,4991,"{""age_min_ms"": 103, ""age_max_ms"": 103}",LAT TX seq=4991 age_min_ms=103 age_max_ms=103
201993687500,screen,RX,4991,{},I (765170) LAT: RX seq=4991
202004951900,sensor,RTT,4991,"{""us"": 12058}",LAT RTT seq=4991 us=12058
202085827900,sensor,TX,4992,"{""age_min_ms"": 62, ""age_max_ms"": 62}",LAT TX seq=4992 age_min_ms=62 age_max_ms=62
202092560000,screen,RX,4992,{},I (765270) LAT: RX seq=4992
202104915100,sensor,RTT,4992,"{""us"": 7067}",LAT RTT seq=4992 us=7067
202185766000,sensor,TX,4993,"{""age_min_ms"": 3, ""age_max_ms"": 3}",LAT TX seq=4993 age_min_ms=3 age_max_ms=3
202201709300,screen,RX,4993,{},I (765370) LAT: RX seq=4993
202226895000,sensor,RTT,4993,"{""us"": 27588}",LAT RTT seq=4993 us=27588
202286026200,sensor,TX,4994,"{""age_min_ms"": 3, ""age_max_ms"": 3}",LAT TX seq=4994 age_min_ms=3 age_max_ms=3
202291198700,screen,RX,4994,{},I (765460) LAT: RX seq=4994
202304962500,sensor,RTT,4994,"{""us"": 6343}",LAT RTT seq=4994 us=6343
202385825800,sensor,TX,4995,"{""age_min_ms"": 11, ""age_max_ms"": 11}",LAT TX seq=4995 age_min_ms=11 age_max_ms=11
202391607500,screen,RX,4995,{},I (765560) LAT: RX seq=4995
202404969700,sensor,RTT,4995,"{""us"": 5923}",LAT RTT seq=4995 us=5923
202485814100,sensor,TX,4996,"{""age_min_ms"": 11, ""age_max_ms"": 11}",LAT TX seq=4996 age_min_ms=11 age_max_ms=11
202491354800,screen,RX,4996,{},I (765660) LAT: RX seq=4996
202504881000,sensor,RTT,4996,"{""us"": 6373}",LAT RTT seq=4996 us=6373
202585697200,sensor,TX,4997,"{""age_min_ms"": 11, ""age_max_ms"": 11}",LAT TX seq=4997 age_min_ms=11 age_max_ms=11
202591226000,screen,RX,4997,{},I (765760) LAT: RX seq=4997
202604887800,sensor,RTT,4997,"{""us"": 4510}",LAT RTT seq=4997 us=4510
202685831800,sensor,TX,4998,"{""age_min_ms"": 11, ""age_max_ms"": 11}",LAT TX seq=4998 age_min_ms=11 age_max_ms=11
202699223500,screen,RX,4998,{},I (765870) LAT: RX seq=4998
202726107900,sensor,RTT,4998,"{""us"": 23205}",LAT RTT seq=4998 us=23205
202786838600,sensor,TX,4999,"{""age_min_ms"": 4, ""age_max_ms"": 4}",LAT TX seq=4999 age_min_ms=4 age_max_ms=4
202793400800,screen,RX,4999,{},I (765970) LAT: RX seq=4999
202805945700,sensor,RTT,4999,"{""us"": 6808}",LAT RTT seq=4999 us=6808
202886792000,sensor,TX,5000,"{""age_min_ms"": 12, ""age_max_ms"": 12}","DIST: [0.0, 0.0, 0.0, 0LAT TX seq=5000 age_min_ms=12 age_max_ms=12"
202892814500,screen,RX,5000,{},I (766070) LAT: RX seq=5000
202905940900,sensor,RTT,5000,"{""us"": 6007}",LAT RTT seq=5000 us=6007
202986808300,sensor,TX,5001,"{""age_min_ms"": 112, ""age_max_ms"": 112}",LAT TX seq=5001 age_min_ms=112 age_max_ms=112
202991363700,screen,RX,5001,{},I (766160) LAT: RX seq=5001
203005950900,sensor,RTT,5001,"{""us"": 6196}",LAT RTT seq=5001 us=6196
203086795700,sensor,TX,5002,"{""age_min_ms"": 63, ""age_max_ms"": 63}",LAT TX seq=5002 age_min_ms=63 age_max_ms=63
203093836800,screen,RX,5002,{},I (766270) LAT: RX seq=5002
203126071500,sensor,RTT,5002,"{""us"": 22383}",LAT RTT seq=5002 us=22383
203186704300,sensor,TX,5003,"{""age_min_ms"": 4, ""age_max_ms"": 4}",LAT TX seq=5003 age_min_ms=4 age_max_ms=4
203192588200,screen,RX,5003,{},I (766370) LAT: RX seq=5003
203205886700,sensor,RTT,5003,"{""us"": 4732}",LAT RTT seq=5003 us=4732
203286800900,sensor,TX,5004,"{""age_min_ms"": 12, ""age_max_ms"": 12}",LAT TX seq=5004 age_min_ms=12 age_max_ms=12
203295014400,screen,RX,5004,{},I (766470) LAT: RX seq=5004
203305950800,sensor,RTT,5004,"{""us"": 8214}",LAT RTT seq=5004 us=8214
203386707300,sensor,TX,5005,"{""age_min_ms"": 4, ""age_max_ms"": 4}",LAT TX seq=5005 age_min_ms=4 age_max_ms=4
203393125800,screen,RX,5005,{},I (766570) LAT: RX seq=5005
203405952100,sensor,RTT,5005,"{""us"": 16553}",LAT RTT seq=5005 us=16553
203486711500,sensor,TX,5006,"{""age_min_ms"": 4, ""age_max_ms"": 4}",LAT TX seq=5006 age_min_ms=4 age_max_ms=4
203494984800,screen,RX,5006,{},I (766670) LAT: RX seq=5006
203505899400,sensor,RTT,5006,"{""us"": 8331}",LAT RTT seq=5006 us=8331
203586769600,sensor,TX,5007,"{""age_min_ms"": 4, ""age_max_ms"": 4}",LAT TX seq=5007 age_min_ms=4 age_max_ms=4
203590941400,screen,RX,5007,{},I (766760) LAT: RX seq=5007
203606074300,sensor,RTT,5007,"{""us"": 3097}",LAT RTT seq=5007 us=3097
203686826400,sensor,TX,5008,"{""age_min_ms"": 4, ""age_max_ms"": 4}",LAT TX seq=5008 age_min_ms=4 age_max_ms=4
203692733700,screen,RX,5008,{},I (766870) LAT: RX seq=5008
203706900800,sensor,RTT,5008,"{""us"": 6172}",LAT RTT seq=5008 us=6172
203787755200,sensor,TX,5009,"{""age_min_ms"": 13, ""age_max_ms"": 13}",LAT TX seq=5009 age_min_ms=13 age_max_ms=13
203794749800,screen,RX,5009,{},I (766970) LAT: RX seq=5009
203807923500,sensor,RTT,5009,"{""us"": 7630}",LAT RTT seq=5009 us=7630
203888716600,sensor,TX,5010,"{""age_min_ms"": 6, ""age_max_ms"": 6}",LAT TX seq=5010 age_min_ms=6 age_max_ms=6
203900372400,screen,RX,5010,{},I (767070) LAT: RX seq=5010
203908951700,sensor,RTT,5010,"{""us"": 18810}",LAT RTT seq=5010 us=18810
203989786500,sensor,TX,5011,"{""age_min_ms"": 107, ""age_max_ms"": 107}",LAT TX seq=5011 age_min_ms=107 age_max_ms=107
203995118300,screen,RX,5011,{},I (767170) LAT: RX seq=5011
204008925300,sensor,RTT,5011,"{""us"": 4771}",LAT RTT seq=5011 us=4771
204089779100,sensor,TX,5012,"{""age_min_ms"": 66, ""age_max_ms"": 66}",LAT TX seq=5012 age_min_ms=66 age_max_ms=66
204094823200,screen,RX,5012,{},I (767270) LAT: RX seq=5012
204108933300,sensor,RTT,5012,"{""us"": 4747}",LAT RTT seq=5012 us=4747
204189799000,sensor,TX,5013,"{""age_min_ms"": 7, ""age_max_ms"": 7}",LAT TX seq=5013 age_min_ms=7 age_max_ms=7
204194655600,screen,RX,5013,{},I (767370) LAT: RX seq=5013
204208882700,sensor,RTT,5013,"{""us"": 10498}",LAT RTT seq=5013 us=10498
204290281800,sensor,TX,5014,"{""age_min_ms"": 7, ""age_max_ms"": 7}",LAT TX seq=5014 age_min_ms=7 age_max_ms=7
204298952500,screen,RX,5014,{},I (767470) LAT: RX seq=5014
204309053700,sensor,RTT,5014,"{""us"": 11849}",LAT RTT seq=5014 us=11849
204389748600,sensor,TX,5015,"{""age_min_ms"": 16, ""age_max_ms"": 16}",LAT TX seq=5015 age_min_ms=16 age_max_ms=16
204394471500,screen,RX,5015,{},I (767570) LAT: RX seq=5015
204408909700,sensor,RTT,5015,"{""us"": 4056}",LAT RTT seq=5015 us=4056
204489781300,sensor,TX,5016,"{""age_min_ms"": 15, ""age_max_ms"": 15}",LAT TX seq=5016 age_min_ms=15 age_max_ms=15
204496292500,screen,RX,5016,{},I (767670) LAT: RX seq=5016
204509025300,sensor,RTT,5016,"{""us"": 5765}",LAT RTT seq=5016 us=5765
204589820700,sensor,TX,5017,"{""age_min_ms"": 15, ""age_max_ms"": 15}",LAT TX seq=5017 age_min_ms=15 age_max_ms=15
204598792100,screen,RX,5017,{},I (767770) LAT: RX seq=5017
204608982200,sensor,RTT,5017,"{""us"": 13231}",LAT RTT seq=5017 us=13231
204695650900,screen,RX,5018,{},I (767870) LAT: RX seq=5018
204709916700,sensor,RTT,5018,"{""us"": 6890}",LAT RTT seq=5018 us=6890
204790899000,sensor,TX,5019,"{""age_min_ms"": 16, ""age_max_ms"": 16}",LAT TX seq=5019 age_min_ms=16 age_max_ms=16
204795676000,screen,RX,5019,{},I (767970) LAT: RX seq=5019
204810179400,sensor,RTT,5019,"{""us"": 10263}",LAT RTT seq=5019 us=10263
204890779800,sensor,TX,5020,"{""age_min_ms"": 16, ""age_max_ms"": 16}",LAT TX seq=5020 age_min_ms=16 age_max_ms=16
204898111200,screen,RX,5020,{},I (768070) LAT: RX seq=5020
204910894800,sensor,RTT,5020,"{""us"": 7148}",LAT RTT seq=5020 us=7148
204992078800,sensor,TX,5021,"{""age_min_ms"": 117, ""age_max_ms"": 117}",LAT TX seq=5021 age_min_ms=117 age_max_ms=117
204997177400,screen,RX,5021,{},I (768170) LAT: RX seq=5021
205091840300,sensor,RTT,5021,"{""us"": 6608}",LAT RTT seq=5021 us=6608
205092921100,sensor,TX,5022,"{""age_min_ms"": 94, ""age_max_ms"": 94}",LAT TX seq=5022 age_min_ms=94 age_max_ms=94
205097195200,screen,RX,5022,{},I (768270) LAT: RX seq=5022
205113529900,sensor,RTT,5022,"{""us"": 3971}",LAT RTT seq=5022 us=3971
205192936600,sensor,TX,5023,"{""age_min_ms"": 10, ""age_max_ms"": 10}",LAT TX seq=5023 age_min_ms=10 age_max_ms=10
205198390900,screen,RX,5023,{},I (768370) LAT: RX seq=5023
205213294600,sensor,RTT,5023,"{""us"": 5713}",LAT RTT seq=5023 us=5713
205293071000,sensor,TX,5024,"{""age_min_ms"": 10, ""age_max_ms"": 10}",LAT TX seq=5024 age_min_ms=10 age_max_ms=10
205298684800,screen,RX,5024,{},I (768470) LAT: RX seq=5024
205312018000,sensor,RTT,5024,"{""us"": 9039}",LAT RTT seq=5024 us=9039
205392840500,sensor,TX,5025,"{""age_min_ms"": 24, ""age_max_ms"": 24}",LAT TX seq=5025 age_min_ms=24 age_max_ms=24
205398469800,screen,RX,5025,{},I (768570) LAT: RX seq=5025
205413201200,sensor,RTT,5025,"{""us"": 5656}",LAT RTT seq=5025 us=5656
205492742300,sensor,TX,5026,"{""age_min_ms"": 10, ""age_max_ms"": 10}",LAT TX seq=5026 age_min_ms=10 age_max_ms=10
205500870600,screen,RX,5026,{},I (768670) LAT: RX seq=5026
205512458500,sensor,RTT,5026,"{""us"": 7988}",LAT RTT seq=5026 us=7988
205592858200,sensor,TX,5027,"{""age_min_ms"": 10, ""age_max_ms"": 10}",LAT TX seq=5027 age_min_ms=10 age_max_ms=10
205600592800,screen,RX,5027,{},I (768770) LAT: RX seq=5027
205611986300,sensor,RTT,5027,"{""us"": 8174}",LAT RTT seq=5027 us=8174
205692801400,sensor,TX,5028,"{""age_min_ms"": 10, ""age_max_ms"": 10}",LAT TX seq=5028 age_min_ms=10 age_max_ms=10
205697643300,screen,RX,5028,{},I (768870) LAT: RX seq=5028
205712948900,sensor,RTT,5028,"{""us"": 9098}",LAT RTT seq=5028 us=9098
205793782000,sensor,TX,5029,"{""age_min_ms"": 19, ""age_max_ms"": 19}",LAT TX seq=5029 age_min_ms=19 age_max_ms=19
205800130500,screen,RX,5029,{},I (768970) LAT: RX seq=5029
205813907200,sensor,RTT,5029,"{""us"": 7587}",LAT RTT seq=5029 us=7587
205894960000,sensor,TX,5030,"{""age_min_ms"": 12, ""age_max_ms"": 12}",LAT TX seq=5030 age_min_ms=12 age_max_ms=12
205899915800,screen,RX,5030,{},I (769070) LAT: RX seq=5030
205914954000,sensor,RTT,5030,"{""us"": 5056}",LAT RTT seq=5030 us=5056
205995810400,sensor,TX,5031,"{""age_min_ms"": 113, ""age_max_ms"": 113}",LAT TX seq=5031 age_min_ms=113 age_max_ms=113
206001903700,screen,RX,5031,{},I (769170) LAT: RX seq=5031
206014917200,sensor,RTT,5031,"{""us"": 5305}",LAT RTT seq=5031 us=5305
206096075200,sensor,TX,5032,"{""age_min_ms"": 72, ""age_max_ms"": 72}",LAT TX seq=5032 age_min_ms=72 age_max_ms=72
206100075800,screen,RX,5032,{},I (769270) LAT: RX seq=5032
206115924200,sensor,RTT,5032,"{""us"": 3204}",LAT RTT seq=5032 us=3204
206196908000,sensor,TX,5033,"{""age_min_ms"": 23, ""age_max_ms"": 23}",LAT TX seq=5033 age_min_ms=23 age_max_ms=23
206201727300,screen,RX,5033,{},I (769370) LAT: RX seq=5033
206216928900,sensor,RTT,5033,"{""us"": 8262}",LAT RTT seq=5033 us=8262
206297750000,sensor,TX,5034,"{""age_min_ms"": 22, ""age_max_ms"": 22}",LAT TX seq=5034 age_min_ms=22 age_max_ms=22
206302422900,screen,RX,5034,{},I (769480) LAT: RX seq=5034
206316958100,sensor,RTT,5034,"{""us"": 3620}",LAT RTT seq=5034 us=3620
206397784100,sensor,TX,5035,"{""age_min_ms"": 22, ""age_max_ms"": 22}",LAT TX seq=5035 age_min_ms=22 age_max_ms=22
206404567500,screen,RX,5035,{},I (769580) LAT: RX seq=5035
206416963100,sensor,RTT,5035,"{""us"": 9115}",LAT RTT seq=5035 us=9115
206497770300,sensor,TX,5036,"{""age_min_ms"": 22, ""age_max_ms"": 22}",LAT TX seq=5036 age_min_ms=22 age_max_ms=22
206508671700,screen,RX,5036,{},I (769680) LAT: RX seq=5036
206517885700,sensor,RTT,5036,"{""us"": 9895}",LAT RTT seq=5036 us=9895
206598804300,sensor,TX,5037,"{""age_min_ms"": 16, ""age_max_ms"": 16}",LAT TX seq=5037 age_min_ms=16 age_max_ms=16
206604040200,screen,RX,5037,{},I (769780) LAT: RX seq=5037
206618949700,sensor,RTT,5037,"{""us"": 5957}",LAT RTT seq=5037 us=5957
206700099300,sensor,TX,5038,"{""age_min_ms"": 17, ""age_max_ms"": 17}",LAT TX seq=5038 age_min_ms=17 age_max_ms=17
206704858500,screen,RX,5038,{},I (769880) LAT: RX seq=5038
206719978300,sensor,RTT,5038,"{""us"": 6014}",LAT RTT seq=5038 us=6014
206800751100,sensor,TX,5039,"{""age_min_ms"": 25, ""age_max_ms"": 25}",LAT TX seq=5039 age_min_ms=25 age_max_ms=25
206804936000,screen,RX,5039,{},I (769980) LAT: RX seq=5039
206820838800,sensor,RTT,5039,"{""us"": 3926}",LAT RTT seq=5039 us=3926
206901672500,sensor,TX,5040,"{""age_min_ms"": 26, ""age_max_ms"": 26}",LAT TX seq=5040 age_min_ms=26 age_max_ms=26
206906582300,screen,RX,5040,{},I (770080) LAT: RX seq=5040
206920944500,sensor,RTT,5040,"{""us"": 5588}",LAT RTT seq=5040 us=5588
207001779700,sensor,TX,5041,"{""age_min_ms"": 126, ""age_max_ms"": 126}",LAT TX seq=5041 age_min_ms=126 age_max_ms=126
207009677400,screen,RX,5041,{},I (770180) LAT: RX seq=5041
207020911000,sensor,RTT,5041,"{""us"": 6946}",LAT RTT seq=5041 us=6946
207101699100,sensor,TX,5042,"{""age_min_ms"": 78, ""age_max_ms"": 78}",LAT TX seq=5042 age_min_ms=78 age_max_ms=78
207106573600,screen,RX,5042,{},I (770280) LAT: RX seq=5042
207120911000,sensor,RTT,5042,"{""us"": 4462}",LAT RTT seq=5042 us=4462
207201766900,sensor,TX,5043,"{""age_min_ms"": 19, ""age_max_ms"": 19}",LAT TX seq=5043 age_min_ms=19 age_max_ms=19
207209584600,screen,RX,5043,{},I (770380) LAT: RX seq=5043
207220973600,sensor,RTT,5043,"{""us"": 7412}",LAT RTT seq=5043 us=7412
207302006200,sensor,TX,5044,"{""age_min_ms"": 33, ""age_max_ms"": 33}",LAT TX seq=5044 age_min_ms=33 age_max_ms=33
207308338800,screen,RX,5044,{},I (770480) LAT: RX seq=5044
207320960300,sensor,RTT,5044,"{""us"": 16331}",LAT RTT seq=5044 us=16331
207401803600,sensor,TX,5045,"{""age_min_ms"": 33, ""age_max_ms"": 33}",LAT TX seq=5045 age_min_ms=33 age_max_ms=33
207408077800,screen,RX,5045,{},I (770580) LAT: RX seq=5045
207421113300,sensor,RTT,5045,"{""us"": 18345}",LAT RTT seq=5045 us=18345
207501858600,sensor,TX,5046,"{""age_min_ms"": 19, ""age_max_ms"": 19}",LAT TX seq=5046 age_min_ms=19 age_max_ms=19
207506033700,screen,RX,5046,{},I (770680) LAT: RX seq=5046
207521034600,sensor,RTT,5046,"{""us"": 3615}",LAT RTT seq=5046 us=3615
207601851200,sensor,TX,5047,"{""age_min_ms"": 27, ""age_max_ms"": 27}",LAT TX seq=5047 age_min_ms=27 age_max_ms=27
207605887900,screen,RX,5047,{},I (770780) LAT: RX seq=5047
207621426500,sensor,RTT,5047,"{""us"": 8430}",LAT RTT seq=5047 us=8430
207702036300,sensor,TX,5048,"{""age_min_ms"": 27, ""age_max_ms"": 27}",LAT TX seq=5048 age_min_ms=27 age_max_ms=27
207708218900,screen,RX,5048,{},I (770880) LAT: RX seq=5048
207722360700,sensor,RTT,5048,"{""us"": 11783}",LAT RTT seq=5048 us=11783
207802855400,sensor,TX,5049,"{""age_min_ms"": 28, ""age_max_ms"": 28}",LAT TX seq=5049 age_min_ms=28 age_max_ms=28
207807768100,screen,RX,5049,{},I (770980) LAT: RX seq=5049
207821899700,sensor,RTT,5049,"{""us"": 11264}",LAT RTT seq=5049 us=11264
207902842400,sensor,TX,5050,"{""age_min_ms"": 27, ""age_max_ms"": 27}",LAT TX seq=5050 age_min_ms=27 age_max_ms=27
207908657700,screen,RX,5050,{},I (771080) LAT: RX seq=5050
207921959500,sensor,RTT,5050,"{""us"": 7414}",LAT RTT seq=5050 us=7414
208002757200,sensor,TX,5051,"{""age_min_ms"": 127, ""age_max_ms"": 127}",LAT TX seq=5051 age_min_ms=127 age_max_ms=127
208007667900,screen,RX,5051,{},I (771180) LAT: RX seq=5051
208021938700,sensor,RTT,5051,"{""us"": 4722}",LAT RTT seq=5051 us=4722
208102856900,sensor,TX,5052,"{""age_min_ms"": 79, ""age_max_ms"": 79}",LAT TX seq=5052 age_min_ms=79 age_max_ms=79
208110155100,screen,RX,5052,{},I (771280) LAT: RX seq=5052
208202877200,sensor,RTT,5052,"{""us"": 6301}",LAT RTT seq=5052 us=6301
208202877200,sensor,TX,5053,"{""age_min_ms"": 29, ""age_max_ms"": 29}",LAT TX seq=5053 age_min_ms=29 age_max_ms=29
208209574000,screen,RX,5053,{},I (771380) LAT: RX seq=5053
208221950800,sensor,RTT,5053,"{""us"": 10130}",LAT RTT seq=5053 us=10130
208302996500,sensor,TX,5054,"{""age_min_ms"": 28, ""age_max_ms"": 28}",LAT TX seq=5054 age_min_ms=28 age_max_ms=28
208307782500,screen,RX,5054,{},I (771480) LAT: RX seq=5054
208321977500,sensor,RTT,5054,"{""us"": 5692}",LAT RTT seq=5054 us=5692
208402770800,sensor,TX,5055,"{""age_min_ms"": 28, ""age_max_ms"": 28}",LAT TX seq=5055 age_min_ms=28 age_max_ms=28
208407751000,screen,RX,5055,{},I (771580) LAT: RX seq=5055
208503981500,sensor,RTT,5055,"{""us"": 4149}",LAT RTT seq=5055 us=4149
208503981500,sensor,TX,5056,"{""age_min_ms"": 35, ""age_max_ms"": 35}",LAT TX seq=5056 age_min_ms=35 age_max_ms=35
208507874300,screen,RX,5056,{},I (771680) LAT: RX seq=5056
208523969000,sensor,RTT,5056,"{""us"": 3551}",LAT RTT seq=5056 us=3551
208604956100,sensor,TX,5057,"{""age_min_ms"": 30, ""age_max_ms"": 30}",LAT TX seq=5057 age_min_ms=30 age_max_ms=30
208609950300,screen,RX,5057,{},I (771780) LAT: RX seq=5057
208623927600,sensor,RTT,5057,"{""us"": 4360}",LAT RTT seq=5057 us=4360
208704740600,sensor,TX,5058,"{""age_min_ms"": 30, ""age_max_ms"": 30}",LAT TX seq=5058 age_min_ms=30 age_max_ms=30
208709711900,screen,RX,5058,{},I (771880) LAT: RX seq=5058
208724872300,sensor,RTT,5058,"{""us"": 4915}",LAT RTT seq=5058 us=4915
208805726500,sensor,TX,5059,"{""age_min_ms"": 32, ""age_max_ms"": 32}",LAT TX seq=5059 age_min_ms=32 age_max_ms=32
208810366000,screen,RX,5059,{},I (771980) LAT: RX seq=5059
208825847100,sensor,RTT,5059,"{""us"": 5638}",LAT RTT seq=5059 us=5638
208906735800,sensor,TX,5060,"{""age_min_ms"": 33, ""age_max_ms"": 33}",LAT TX seq=5060 age_min_ms=33 age_max_ms=33
208911985000,screen,RX,5060,{},I (772090) LAT: RX seq=5060
208926950200,sensor,RTT,5060,"{""us"": 5269}",LAT RTT seq=5060 us=5269
209007844600,sensor,TX,5061,"{""age_min_ms"": 134, ""age_max_ms"": 134}",LAT TX seq=5061 age_min_ms=134 age_max_ms=134
209012009800,screen,RX,5061,{},I (772190) LAT: RX seq=5061
209026935000,sensor,RTT,5061,"{""us"": 4013}",LAT RTT seq=5061 us=4013
209107884400,sensor,TX,5062,"{""age_min_ms"": 93, ""age_max_ms"": 93}",LAT TX seq=5062 age_min_ms=93 age_max_ms=93
209111901500,screen,RX,5062,{},I (772280) LAT: RX seq=5062
209126954500,sensor,RTT,5062,"{""us"": 3578}",LAT RTT seq=5062 us=3578
209207849500,sensor,TX,5063,"{""age_min_ms"": 34, ""age_max_ms"": 34}",LAT TX seq=5063 age_min_ms=34 age_max_ms=34
209212136000,screen,RX,5063,{},I (772390) LAT: RX seq=5063
209226929300,sensor,RTT,5063,"{""us"": 4076}",LAT RTT seq=5063 us=4076
209313551000,screen,RX,5064,{},I (772490) LAT: RX seq=5064
209326944800,sensor,RTT,5064,"{""us"": 9216}",LAT RTT seq=5064 us=9216
209407801200,sensor,TX,5065,"{""age_min_ms"": 33, ""age_max_ms"": 33}",LAT TX seq=5065 age_min_ms=33 age_max_ms=33
209411895000,screen,RX,5065,{},I (772580) LAT: RX seq=5065
209426943800,sensor,RTT,5065,"{""us"": 7021}",LAT RTT seq=5065 us=7021
209507861300,sensor,TX,5066,"{""age_min_ms"": 34, ""age_max_ms"": 34}",LAT TX seq=5066 age_min_ms=34 age_max_ms=34
209513123400,screen,RX,5066,{},I (772690) LAT: RX seq=5066
209526930100,sensor,RTT,5066,"{""us"": 5168}",LAT RTT seq=5066 us=5168
209607817000,sensor,TX,5067,"{""age_min_ms"": 33, ""age_max_ms"": 33}",LAT TX seq=5067 age_min_ms=33 age_max_ms=33
209613175900,screen,RX,5067,{},I (772790) LAT: RX seq=5067
209627221200,sensor,RTT,5067,"{""us"": 4546}",LAT RTT seq=5067 us=4546
209708087600,sensor,TX,5068,"{""age_min_ms"": 33, ""age_max_ms"": 33}",LAT TX seq=5068 age_min_ms=33 age_max_ms=33
209711931900,screen,RX,5068,{},I (772880) LAT: RX seq=5068
209727960400,sensor,RTT,5068,"{""us"": 7497}",LAT RTT seq=5068 us=7497
209808752600,sensor,TX,5069,"{""age_min_ms"": 34, ""age_max_ms"": 34}",LAT TX seq=5069 age_min_ms=34 age_max_ms=34
209815587900,screen,RX,5069,{},I (772990) LAT: RX seq=5069
209828904700,sensor,RTT,5069,"{""us"": 8737}",LAT RTT seq=5069 us=8737
209909869000,sensor,TX,5070,"{""age_min_ms"": 35, ""age_max_ms"": 35}",LAT TX seq=5070 age_min_ms=35 age_max_ms=35
209914461300,screen,RX,5070,{},I (773090) LAT: RX seq=5070
209928936400,sensor,RTT,5070,"{""us"": 8541}",LAT RTT seq=5070 us=8541
210009768900,sensor,TX,5071,"{""age_min_ms"": 135, ""age_max_ms"": 135}",LAT TX seq=5071 age_min_ms=135 age_max_ms=135
210015994500,screen,RX,5071,{},I (773190) LAT: RX seq=5071
210028928700,sensor,RTT,5071,"{""us"": 6128}",LAT RTT seq=5071 us=6128
210109698300,sensor,TX,5072,"{""age_min_ms"": 95, ""age_max_ms"": 95}",LAT TX seq=5072 age_min_ms=95 age_max_ms=95
210118487700,screen,RX,5072,{},I (773290) LAT: RX seq=5072
210128986000,sensor,RTT,5072,"{""us"": 11836}",LAT RTT seq=5072 us=11836
210209904700,sensor,TX,5073,"{""age_min_ms"": 35, ""age_max_ms"": 35}",LAT TX seq=5073 age_min_ms=35 age_max_ms=35
210214988300,screen,RX,5073,{},I (773390) LAT: RX seq=5073
210228936400,sensor,RTT,5073,"{""us"": 5733}",LAT RTT seq=5073 us=5733
210309682300,sensor,TX,5074,"{""age_min_ms"": 35, ""age_max_ms"": 35}",LAT TX seq=5074 age_min_ms=35 age_max_ms=35
210317548900,screen,RX,5074,{},I (773490) LAT: RX seq=5074
210328878600,sensor,RTT,5074,"{""us"": 8585}",LAT RTT seq=5074 us=8585
210409793100,sensor,TX,5075,"{""age_min_ms"": 35, ""age_max_ms"": 35}",LAT TX seq=5075 age_min_ms=35 age_max_ms=35
210414681400,screen,RX,5075,{},I (773590) LAT: RX seq=5075
210428941600,sensor,RTT,5075,"{""us"": 6446}",LAT RTT seq=5075 us=6446
210509896100,sensor,TX,5076,"{""age_min_ms"": 35, ""age_max_ms"": 35}",LAT TX seq=5076 age_min_ms=35 age_max_ms=35
210514952000,screen,RX,5076,{},I (773690) LAT: RX seq=5076
210528981600,sensor,RTT,5076,"{""us"": 7687}",LAT RTT seq=5076 us=7687
210609860800,sensor,TX,5077,"{""age_min_ms"": 36, ""age_max_ms"": 36}",LAT TX seq=5077 age_min_ms=36 age_max_ms=36
210615221500,screen,RX,5077,{},I (773790) LAT: RX seq=5077
210628889000,sensor,RTT,5077,"{""us"": 5301}",LAT RTT seq=5077 us=5301
210709736900,sensor,TX,5078,"{""age_min_ms"": 27, ""age_max_ms"": 27}",LAT TX seq=5078 age_min_ms=27 age_max_ms=27
210714601700,screen,RX,5078,{},I (773890) LAT: RX seq=5078
210729859700,sensor,RTT,5078,"{""us"": 4872}",LAT RTT seq=5078 us=4872
210810856200,sensor,TX,5079,"{""age_min_ms"": 36, ""age_max_ms"": 36}",LAT TX seq=5079 age_min_ms=36 age_max_ms=36
210815061500,screen,RX,5079,{},I (773990) LAT: RX seq=5079
210830882500,sensor,RTT,5079,"{""us"": 4047}",LAT RTT seq=5079 us=4047
210911780700,sensor,TX,5080,"{""age_min_ms"": 37, ""age_max_ms"": 37}",LAT TX seq=5080 age_min_ms=37 age_max_ms=37
210916700700,screen,RX,5080,{},I (774090) LAT: RX seq=5080
210931917600,sensor,RTT,5080,"{""us"": 5283}",LAT RTT seq=5080 us=5283
211012853000,sensor,TX,5081,"{""age_min_ms"": 138, ""age_max_ms"": 138}",LAT TX seq=5081 age_min_ms=138 age_max_ms=138
211016944300,screen,RX,5081,{},I (774190) LAT: RX seq=5081
211031902900,sensor,RTT,5081,"{""us"": 3292}",LAT RTT seq=5081 us=3292
211112781200,sensor,TX,5082,"{""age_min_ms"": 97, ""age_max_ms"": 97}",LAT TX seq=5082 age_min_ms=97 age_max_ms=97
211120031700,screen,RX,5082,{},I (774290) LAT: RX seq=5082
211131942800,sensor,RTT,5082,"{""us"": 12566}",LAT RTT seq=5082 us=12566
211212902300,sensor,TX,5083,"{""age_min_ms"": 39, ""age_max_ms"": 39}",LAT TX seq=5083 age_min_ms=39 age_max_ms=39
211218842100,screen,RX,5083,{},I (774390) LAT: RX seq=5083
211232030500,sensor,RTT,5083,"{""us"": 6568}",LAT RTT seq=5083 us=6568
211312835400,sensor,TX,5084,"{""age_min_ms"": 30, ""age_max_ms"": 30}",LAT TX seq=5084 age_min_ms=30 age_max_ms=30
211317397700,screen,RX,5084,{},I (774490) LAT: RX seq=5084
211331957600,sensor,RTT,5084,"{""us"": 3795}",LAT RTT seq=5084 us=3795
211412905100,sensor,TX,5085,"{""age_min_ms"": 39, ""age_max_ms"": 39}",LAT TX seq=5085 age_min_ms=39 age_max_ms=39
211423955500,screen,RX,5085,{},I (774600) LAT: RX seq=5085
211432022300,sensor,RTT,5085,"{""us"": 13093}",LAT RTT seq=5085 us=13093
211512919200,sensor,TX,5086,"{""age_min_ms"": 30, ""age_max_ms"": 30}",LAT TX seq=5086 age_min_ms=30 age_max_ms=30
211517366200,screen,RX,5086,{},I (774690) LAT: RX seq=5086
211551925600,sensor,RTT,5086,"{""us"": 24615}",LAT RTT seq=5086 us=24615
211612782300,sensor,TX,5087,"{""age_min_ms"": 37, ""age_max_ms"": 37}",LAT TX seq=5087 age_min_ms=37 age_max_ms=37
211624553000,screen,RX,5087,{},I (774800) LAT: RX seq=5087
211631969300,sensor,RTT,5087,"{""us"": 13975}",LAT RTT seq=5087 us=13975
211712792300,sensor,TX,5088,"{""age_min_ms"": 30, ""age_max_ms"": 30}",LAT TX seq=5088 age_min_ms=30 age_max_ms=30
211719029600,screen,RX,5088,{},I (774890) LAT: RX seq=5088
211732869000,sensor,RTT,5088,"{""us"": 7375}",LAT RTT seq=5088 us=7375
211813789700,sensor,TX,5089,"{""age_min_ms"": 31, ""age_max_ms"": 31}",LAT TX seq=5089 age_min_ms=31 age_max_ms=31
211819136600,screen,RX,5089,{},I (774990) LAT: RX seq=5089
211833892100,sensor,RTT,5089,"{""us"": 6500}",LAT RTT seq=5089 us=6500
211914865700,sensor,TX,5090,"{""age_min_ms"": 39, ""age_max_ms"": 39}",LAT TX seq=5090 age_min_ms=39 age_max_ms=39
211918968000,screen,RX,5090,{},I (775090) LAT: RX seq=5090
211934904300,sensor,RTT,5090,"{""us"": 4282}",LAT RTT seq=5090 us=4282
212015947200,sensor,TX,5091,"{""age_min_ms"": 140, ""age_max_ms"": 140}",LAT TX seq=5091 age_min_ms=140 age_max_ms=140
212020694300,screen,RX,5091,{},I (775190) LAT: RX seq=5091
212034991100,sensor,RTT,5091,"{""us"": 8080}",LAT RTT seq=5091 us=8080
212115853500,sensor,TX,5092,"{""age_min_ms"": 92, ""age_max_ms"": 92}",LAT TX seq=5092 age_min_ms=92 age_max_ms=92
212120750700,screen,RX,5092,{},I (775290) LAT: RX seq=5092
212134942700,sensor,RTT,5092,"{""us"": 4049}",LAT RTT seq=5092 us=4049
212216013700,sensor,TX,5093,"{""age_min_ms"": 40, ""age_max_ms"": 40}",LAT TX seq=5093 age_min_ms=40 age_max_ms=40
212223859600,screen,RX,5093,{},I (775400) LAT: RX seq=5093
212254930100,sensor,RTT,5093,"{""us"": 21646}",LAT RTT seq=5093 us=21646
212315708200,sensor,TX,5094,"{""age_min_ms"": 33, ""age_max_ms"": 33}",LAT TX seq=5094 age_min_ms=33 age_max_ms=33
212320820700,screen,RX,5094,{},I (775490) LAT: RX seq=5094
212334930500,sensor,RTT,5094,"{""us"": 4818}",LAT RTT seq=5094 us=4818
212415788000,sensor,TX,5095,"{""age_min_ms"": 33, ""age_max_ms"": 33}",LAT TX seq=5095 age_min_ms=33 age_max_ms=33
212420186900,screen,RX,5095,{},I (775590) LAT: RX seq=5095
212434979100,sensor,RTT,5095,"{""us"": 5437}",LAT RTT seq=5095 us=5437
212515866900,sensor,TX,5096,"{""age_min_ms"": 33, ""age_max_ms"": 33}",LAT TX seq=5096 age_min_ms=33 age_max_ms=33
212520859800,screen,RX,5096,{},I (775690) LAT: RX seq=5096
212534933700,sensor,RTT,5096,"{""us"": 5997}",LAT RTT seq=5096 us=5997
212615747300,sensor,TX,5097,"{""age_min_ms"": 33, ""age_max_ms"": 33}",LAT TX seq=5097 age_min_ms=33 age_max_ms=33
212620147400,screen,RX,5097,{},I (775790) LAT: RX seq=5097
212634939800,sensor,RTT,5097,"{""us"": 3751}",LAT RTT seq=5097 us=3751
212715814800,sensor,TX,5098,"{""age_min_ms"": 33, ""age_max_ms"": 33}",LAT TX seq=5098 age_min_ms=33 age_max_ms=33
212719965800,screen,RX,5098,{},I (775890) LAT: RX seq=5098
212735888100,sensor,RTT,5098,"{""us"": 4607}",LAT RTT seq=5098 us=4607
212816867000,sensor,TX,5099,"{""age_min_ms"": 34, ""age_max_ms"": 34}",LAT TX seq=5099 age_min_ms=34 age_max_ms=34
212821000100,screen,RX,5099,{},I (775990) LAT: RX seq=5099
212836923700,sensor,RTT,5099,"{""us"": 5518}",LAT RTT seq=5099 us=5518
212917858300,sensor,TX,5100,"{""age_min_ms"": 35, ""age_max_ms"": 35}",LAT TX seq=5100 age_min_ms=35 age_max_ms=35
212922669100,screen,RX,5100,{},I (776100) LAT: RX seq=5100
212937939100,sensor,RTT,5100,"{""us"": 3955}",LAT RTT seq=5100 us=3955
213018843600,sensor,TX,5101,"{""age_min_ms"": 9, ""age_max_ms"": 9}",LAT TX seq=5101 age_min_ms=9 age_max_ms=9
213022945100,screen,RX,5101,{},I (776200) LAT: RX seq=5101
213038897500,sensor,RTT,5101,"{""us"": 4160}",LAT RTT seq=5101 us=4160
213119831400,sensor,TX,5102,"{""age_min_ms"": 4, ""age_max_ms"": 4}",LAT TX seq=5102 age_min_ms=4 age_max_ms=4
213124656600,screen,RX,5102,{},I (776300) LAT: RX seq=5102
213139954600,sensor,RTT,5102,"{""us"": 4311}",LAT RTT seq=5102 us=4311
213225209800,screen,RX,5103,{},I (776400) LAT: RX seq=5103
213240946500,sensor,RTT,5103,"{""us"": 4661}","DIST: [0.0, 0.0, 0.0, 0.0, 498LAT RTT seq=5103 us=4661"
213321758000,sensor,TX,5104,"{""age_min_ms"": 47, ""age_max_ms"": 47}",LAT TX seq=5104 age_min_ms=47 age_max_ms=47
213327284200,screen,RX,5104,{},I (776500) LAT: RX seq=5104
213340902100,sensor,RTT,5104,"{""us"": 6107}",LAT RTT seq=5104 us=6107
213421802100,sensor,TX,5105,"{""age_min_ms"": 47, ""age_max_ms"": 47}",LAT TX seq=5105 age_min_ms=47 age_max_ms=47
213425879400,screen,RX,5105,{},I (776600) LAT: RX seq=5105
213440920900,sensor,RTT,5105,"{""us"": 4193}",LAT RTT seq=5105 us=4193
213521814700,sensor,TX,5106,"{""age_min_ms"": 47, ""age_max_ms"": 47}",LAT TX seq=5106 age_min_ms=47 age_max_ms=47
213526648400,screen,RX,5106,{},I (776700) LAT: RX seq=5106
213540969300,sensor,RTT,5106,"{""us"": 4647}",LAT RTT seq=5106 us=4647
213622014500,sensor,TX,5107,"{""age_min_ms"": 48, ""age_max_ms"": 48}",LAT TX seq=5107 age_min_ms=48 age_max_ms=48
213626979200,screen,RX,5107,{},I (776800) LAT: RX seq=5107
213640914400,sensor,RTT,5107,"{""us"": 4957}",LAT RTT seq=5107 us=4957
213721999700,sensor,TX,5108,"{""age_min_ms"": 47, ""age_max_ms"": 47}",LAT TX seq=5108 age_min_ms=47 age_max_ms=47
213726795700,screen,RX,5108,{},I (776900) LAT: RX seq=5108
213741978400,sensor,RTT,5108,"{""us"": 5174}",LAT RTT seq=5108 us=5174
213822809700,sensor,TX,5109,"{""age_min_ms"": 48, ""age_max_ms"": 48}",LAT TX seq=5109 age_min_ms=48 age_max_ms=48
213828509200,screen,RX,5109,{},I (777000) LAT: RX seq=5109
213842963400,sensor,RTT,5109,"{""us"": 5294}",LAT RTT seq=5109 us=5294
213923828300,sensor,TX,5110,"{""age_min_ms"": 50, ""age_max_ms"": 50}",LAT TX seq=5110 age_min_ms=50 age_max_ms=50
213929007000,screen,RX,5110,{},I (777100) LAT: RX seq=5110
213942966700,sensor,RTT,5110,"{""us"": 13419}",LAT RTT seq=5110 us=13419
214023717000,sensor,TX,5111,"{""age_min_ms"": 8, ""age_max_ms"": 8}",LAT TX seq=5111 age_min_ms=8 age_max_ms=8
214028965100,screen,RX,5111,{},I (777200) LAT: RX seq=5111
214043915200,sensor,RTT,5111,"{""us"": 4895}",LAT RTT seq=5111 us=4895
214124903700,sensor,TX,5112,"{""age_min_ms"": 10, ""age_max_ms"": 10}",LAT TX seq=5112 age_min_ms=10 age_max_ms=10
214128893500,screen,RX,5112,{},I (777300) LAT: RX seq=5112
214144873400,sensor,RTT,5112,"{""us"": 3811}",LAT RTT seq=5112 us=3811
214225779200,sensor,TX,5113,"{""age_min_ms"": 52, ""age_max_ms"": 52}",LAT TX seq=5113 age_min_ms=52 age_max_ms=52
214230691000,screen,RX,5113,{},I (777400) LAT: RX seq=5113
214244898900,sensor,RTT,5113,"{""us"": 3939}",LAT RTT seq=5113 us=3939
214325817000,sensor,TX,5114,"{""age_min_ms"": 57, ""age_max_ms"": 57}",LAT TX seq=5114 age_min_ms=57 age_max_ms=57
214330699500,screen,RX,5114,{},I (777500) LAT: RX seq=5114
214344944200,sensor,RTT,5114,"{""us"": 4093}",LAT RTT seq=5114 us=4093
214425693200,sensor,TX,5115,"{""age_min_ms"": 52, ""age_max_ms"": 52}",LAT TX seq=5115 age_min_ms=52 age_max_ms=52
214430569300,screen,RX,5115,{},I (777600) LAT: RX seq=5115
214444883400,sensor,RTT,5115,"{""us"": 5077}",LAT RTT seq=5115 us=5077
214525736000,sensor,TX,5116,"{""age_min_ms"": 51, ""age_max_ms"": 51}",LAT TX seq=5116 age_min_ms=51 age_max_ms=51
214530525700,screen,RX,5116,{},I (777700) LAT: RX seq=5116
214544908900,sensor,RTT,5116,"{""us"": 4607}",LAT RTT seq=5116 us=4607
214625914200,sensor,TX,5117,"{""age_min_ms"": 52, ""age_max_ms"": 52}",LAT TX seq=5117 age_min_ms=52 age_max_ms=52
214629911900,screen,RX,5117,{},I (777800) LAT: RX seq=5117
214645967800,sensor,RTT,5117,"{""us"": 4047}",LAT RTT seq=5117 us=4047
214726883600,sensor,TX,5118,"{""age_min_ms"": 44, ""age_max_ms"": 44}",LAT TX seq=5118 age_min_ms=44 age_max_ms=44
214731263200,screen,RX,5118,{},I (777900) LAT: RX seq=5118
214746873000,sensor,RTT,5118,"{""us"": 4869}",LAT RTT seq=5118 us=4869
214827746200,sensor,TX,5119,"{""age_min_ms"": 45, ""age_max_ms"": 45}",LAT TX seq=5119 age_min_ms=45 age_max_ms=45
214833024800,screen,RX,5119,{},I (778010) LAT: RX seq=5119
214847946800,sensor,RTT,5119,"{""us"": 4793}",LAT RTT seq=5119 us=4793
214933571100,screen,RX,5120,{},I (778110) LAT: RX seq=5120
214947964900,sensor,RTT,5120,"{""us"": 6121}",LAT RTT seq=5120 us=6121
215028754900,sensor,TX,5121,"{""age_min_ms"": 13, ""age_max_ms"": 13}",LAT TX seq=5121 age_min_ms=13 age_max_ms=13
215035277700,screen,RX,5121,{},I (778210) LAT: RX seq=5121
215048933100,sensor,RTT,5121,"{""us"": 6087}",LAT RTT seq=5121 us=6087
215129813600,sensor,TX,5122,"{""age_min_ms"": 14, ""age_max_ms"": 14}",LAT TX seq=5122 age_min_ms=14 age_max_ms=14
215133913700,screen,RX,5122,{},I (778310) LAT: RX seq=5122
215150004700,sensor,RTT,5122,"{""us"": 6177}",LAT RTT seq=5122 us=6177
215230840400,sensor,TX,5123,"{""age_min_ms"": 56, ""age_max_ms"": 56}",LAT TX seq=5123 age_min_ms=56 age_max_ms=56
215235603800,screen,RX,5123,{},I (778410) LAT: RX seq=5123
215250874400,sensor,RTT,5123,"{""us"": 7363}",LAT RTT seq=5123 us=7363
215331744700,sensor,TX,5124,"{""age_min_ms"": 57, ""age_max_ms"": 57}",LAT TX seq=5124 age_min_ms=57 age_max_ms=57
215335854600,screen,RX,5124,{},I (778510) LAT: RX seq=5124
215350946600,sensor,RTT,5124,"{""us"": 3079}",LAT RTT seq=5124 us=3079
215431695800,sensor,TX,5125,"{""age_min_ms"": 58, ""age_max_ms"": 58}",LAT TX seq=5125 age_min_ms=58 age_max_ms=58
215435830500,screen,RX,5125,{},I (778610) LAT: RX seq=5125
215450985600,sensor,RTT,5125,"{""us"": 6887}",LAT RTT seq=5125 us=6887
215531686300,sensor,TX,5126,"{""age_min_ms"": 57, ""age_max_ms"": 57}",LAT TX seq=5126 age_min_ms=57 age_max_ms=57
215535833300,screen,RX,5126,{},I (778710) LAT: RX seq=5126
215550875900,sensor,RTT,5126,"{""us"": 5843}",LAT RTT seq=5126 us=5843
215631959600,sensor,TX,5127,"{""age_min_ms"": 57, ""age_max_ms"": 57}",LAT TX seq=5127 age_min_ms=57 age_max_ms=57
215637412100,screen,RX,5127,{},I (778810) LAT: RX seq=5127
215650994300,sensor,RTT,5127,"{""us"": 6059}",LAT RTT seq=5127 us=6059
215731863500,sensor,TX,5128,"{""age_min_ms"": 57, ""age_max_ms"": 57}",LAT TX seq=5128 age_min_ms=57 age_max_ms=57
215737239500,screen,RX,5128,{},I (778910) LAT: RX seq=5128
215751053500,sensor,RTT,5128,"{""us"": 10802}",LAT RTT seq=5128 us=10802
215831752300,sensor,TX,5129,"{""age_min_ms"": 57, ""age_max_ms"": 57}",LAT TX seq=5129 age_min_ms=57 age_max_ms=57
215842338600,screen,RX,5129,{},I (779020) LAT: RX seq=5129
215851919100,sensor,RTT,5129,"{""us"": 9829}",LAT RTT seq=5129 us=9829
215932869000,sensor,TX,5130,"{""age_min_ms"": 58, ""age_max_ms"": 58}",LAT TX seq=5130 age_min_ms=58 age_max_ms=58
215944885800,screen,RX,5130,{},I (779120) LAT: RX seq=5130
215951870200,sensor,RTT,5130,"{""us"": 12583}",LAT RTT seq=5130 us=12583
216032995600,sensor,TX,5131,"{""age_min_ms"": 17, ""age_max_ms"": 17}",LAT TX seq=5131 age_min_ms=17 age_max_ms=17
216040051000,screen,RX,5131,{},I (779210) LAT: RX seq=5131
216052007000,sensor,RTT,5131,"{""us"": 6645}",LAT RTT seq=5131 us=6645
216132832600,sensor,TX,5132,"{""age_min_ms"": 17, ""age_max_ms"": 17}",LAT TX seq=5132 age_min_ms=17 age_max_ms=17
216136893700,screen,RX,5132,{},I (779310) LAT: RX seq=5132
216151987000,sensor,RTT,5132,"{""us"": 3956}",LAT RTT seq=5132 us=3956
216232807800,sensor,TX,5133,"{""age_min_ms"": 58, ""age_max_ms"": 58}",LAT TX seq=5133 age_min_ms=58 age_max_ms=58
216238689800,screen,RX,5133,{},I (779410) LAT: RX seq=5133
216252003500,sensor,RTT,5133,"{""us"": 8839}",LAT RTT seq=5133 us=8839
216332747900,sensor,TX,5134,"{""age_min_ms"": 58, ""age_max_ms"": 58}",LAT TX seq=5134 age_min_ms=58 age_max_ms=58
216337164500,screen,RX,5134,{},I (779510) LAT: RX seq=5134
216432968200,sensor,RTT,5134,"{""us"": 8392}",LAT RTT seq=5134 us=8392
216432968200,sensor,TX,5135,"{""age_min_ms"": 58, ""age_max_ms"": 58}",LAT TX seq=5135 age_min_ms=58 age_max_ms=58
216439152600,screen,RX,5135,{},I (779610) LAT: RX seq=5135
216451946600,sensor,RTT,5135,"{""us"": 5692}",LAT RTT seq=5135 us=5692
216532729300,sensor,TX,5136,"{""age_min_ms"": 58, ""age_max_ms"": 58}",LAT TX seq=5136 age_min_ms=58 age_max_ms=58
216541296900,screen,RX,5136,{},I (779710) LAT: RX seq=5136
216551931400,sensor,RTT,5136,"{""us"": 9479}",LAT RTT seq=5136 us=9479
216632784300,sensor,TX,5137,"{""age_min_ms"": 58, ""age_max_ms"": 58}",LAT TX seq=5137 age_min_ms=58 age_max_ms=58
216637165600,screen,RX,5137,{},I (779810) LAT: RX seq=5137
216652954700,sensor,RTT,5137,"{""us"": 4714}",LAT RTT seq=5137 us=4714
216733741600,sensor,TX,5138,"{""age_min_ms"": 59, ""age_max_ms"": 59}",LAT TX seq=5138 age_min_ms=59 age_max_ms=59
216738765400,screen,RX,5138,{},I (779910) LAT: RX seq=5138
216752939700,sensor,RTT,5138,"{""us"": 7818}",LAT RTT seq=5138 us=7818
216833878700,sensor,TX,5139,"{""age_min_ms"": 59, ""age_max_ms"": 59}",LAT TX seq=5139 age_min_ms=59 age_max_ms=59
216838704600,screen,RX,5139,{},I (780010) LAT: RX seq=5139
216853000900,sensor,RTT,5139,"{""us"": 4981}",LAT RTT seq=5139 us=4981
216933722700,sensor,TX,5140,"{""age_min_ms"": 59, ""age_max_ms"": 59}",LAT TX seq=5140 age_min_ms=59 age_max_ms=59
216938675100,screen,RX,5140,{},I (780110) LAT: RX seq=5140
216952936000,sensor,RTT,5140,"{""us"": 4698}",LAT RTT seq=5140 us=4698
217033759900,sensor,TX,5141,"{""age_min_ms"": 18, ""age_max_ms"": 18}",LAT TX seq=5141 age_min_ms=18 age_max_ms=18
217041714500,screen,RX,5141,{},I (780210) LAT: RX seq=5141
217052941700,sensor,RTT,5141,"{""us"": 8464}",LAT RTT seq=5141 us=8464
217133924600,sensor,TX,5142,"{""age_min_ms"": 19, ""age_max_ms"": 19}",LAT TX seq=5142 age_min_ms=19 age_max_ms=19
217137947600,screen,RX,5142,{},I (780310) LAT: RX seq=5142
217152933200,sensor,RTT,5142,"{""us"": 5958}",LAT RTT seq=5142 us=5958
217233781300,sensor,TX,5143,"{""age_min_ms"": 60, ""age_max_ms"": 60}",LAT TX seq=5143 age_min_ms=60 age_max_ms=60
217240125600,screen,RX,5143,{},I (780410) LAT: RX seq=5143
217252922200,sensor,RTT,5143,"{""us"": 6717}",LAT RTT seq=5143 us=6717
217333716400,sensor,TX,5144,"{""age_min_ms"": 51, ""age_max_ms"": 51}",LAT TX seq=5144 age_min_ms=51 age_max_ms=51
217338511500,screen,RX,5144,{},I (780510) LAT: RX seq=5144
217352961200,sensor,RTT,5144,"{""us"": 9530}",LAT RTT seq=5144 us=9530
217433719100,sensor,TX,5145,"{""age_min_ms"": 60, ""age_max_ms"": 60}",LAT TX seq=5145 age_min_ms=60 age_max_ms=60
217441943900,screen,RX,5145,{},I (780610) LAT: RX seq=5145
217452950300,sensor,RTT,5145,"{""us"": 7170}",LAT RTT seq=5145 us=7170
217533901800,sensor,TX,5146,"{""age_min_ms"": 60, ""age_max_ms"": 60}",LAT TX seq=5146 age_min_ms=60 age_max_ms=60
217537891400,screen,RX,5146,{},I (780710) LAT: RX seq=5146
217552997300,sensor,RTT,5146,"{""us"": 4575}",LAT RTT seq=5146 us=4575
217633731900,sensor,TX,5147,"{""age_min_ms"": 51, ""age_max_ms"": 51}",LAT TX seq=5147 age_min_ms=51 age_max_ms=51
217638553700,screen,RX,5147,{},I (780810) LAT: RX seq=5147
217653984100,sensor,RTT,5147,"{""us"": 6225}",LAT RTT seq=5147 us=6225
217734904100,sensor,TX,5148,"{""age_min_ms"": 61, ""age_max_ms"": 61}",LAT TX seq=5148 age_min_ms=61 age_max_ms=61
217740819700,screen,RX,5148,{},I (780910) LAT: RX seq=5148
217754960100,sensor,RTT,5148,"{""us"": 5106}",LAT RTT seq=5148 us=5106
217835803300,sensor,TX,5149,"{""age_min_ms"": 60, ""age_max_ms"": 60}",LAT TX seq=5149 age_min_ms=60 age_max_ms=60
217840750400,screen,RX,5149,{},I (781010) LAT: RX seq=5149
217855984200,sensor,RTT,5149,"{""us"": 7761}",LAT RTT seq=5149 us=7761
217936828200,sensor,TX,5150,"{""age_min_ms"": 61, ""age_max_ms"": 61}",LAT TX seq=5150 age_min_ms=61 age_max_ms=61
217940926000,screen,RX,5150,{},I (781110) LAT: RX seq=5150
217955922500,sensor,RTT,5150,"{""us"": 3714}",LAT RTT seq=5150 us=3714
218036845500,sensor,TX,5151,"{""age_min_ms"": 21, ""age_max_ms"": 21}",LAT TX seq=5151 age_min_ms=21 age_max_ms=21
218042885700,screen,RX,5151,{},I (781220) LAT: RX seq=5151
218055895400,sensor,RTT,5151,"{""us"": 6353}",LAT RTT seq=5151 us=6353
218136828900,sensor,TX,5152,"{""age_min_ms"": 21, ""age_max_ms"": 21}",LAT TX seq=5152 age_min_ms=21 age_max_ms=21
218140920200,screen,RX,5152,{},I (781310) LAT: RX seq=5152
218156045700,sensor,RTT,5152,"{""us"": 4900}",LAT RTT seq=5152 us=4900
218236739500,sensor,TX,5153,"{""age_min_ms"": 62, ""age_max_ms"": 62}",LAT TX seq=5153 age_min_ms=62 age_max_ms=62
218242082200,screen,RX,5153,{},I (781420) LAT: RX seq=5153
218255917900,sensor,RTT,5153,"{""us"": 5433}",LAT RTT seq=5153 us=5433
218336813500,sensor,TX,5154,"{""age_min_ms"": 61, ""age_max_ms"": 61}",LAT TX seq=5154 age_min_ms=61 age_max_ms=61
218341993800,screen,RX,5154,{},I (781520) LAT: RX seq=5154
218355986700,sensor,RTT,5154,"{""us"": 4452}",LAT RTT seq=5154 us=4452
218436781400,sensor,TX,5155,"{""age_min_ms"": 62, ""age_max_ms"": 62}",LAT TX seq=5155 age_min_ms=62 age_max_ms=62
218441779900,screen,RX,5155,{},I (781610) LAT: RX seq=5155
218456516700,sensor,RTT,5155,"{""us"": 4975}",LAT RTT seq=5155 us=4975
218536752700,sensor,TX,5156,"{""age_min_ms"": 62, ""age_max_ms"": 62}",LAT TX seq=5156 age_min_ms=62 age_max_ms=62
218541592400,screen,RX,5156,{},I (781710) LAT: RX seq=5156
218555943700,sensor,RTT,5156,"{""us"": 4366}",LAT RTT seq=5156 us=4366
218636738000,sensor,TX,5157,"{""age_min_ms"": 62, ""age_max_ms"": 62}",LAT TX seq=5157 age_min_ms=62 age_max_ms=62
218642272400,screen,RX,5157,{},I (781820) LAT: RX seq=5157
218655982600,sensor,RTT,5157,"{""us"": 7161}",LAT RTT seq=5157 us=7161
218736899200,sensor,TX,5158,"{""age_min_ms"": 68, ""age_max_ms"": 68}",LAT TX seq=5158 age_min_ms=68 age_max_ms=68
218742065500,screen,RX,5158,{},I (781920) LAT: RX seq=5158
218755966100,sensor,RTT,5158,"{""us"": 6055}",LAT RTT seq=5158 us=6055
218836848000,sensor,TX,5159,"{""age_min_ms"": 62, ""age_max_ms"": 62}",LAT TX seq=5159 age_min_ms=62 age_max_ms=62
218841140500,screen,RX,5159,{},I (782010) LAT: RX seq=5159
218855993700,sensor,RTT,5159,"{""us"": 4045}",LAT RTT seq=5159 us=4045
218936781700,sensor,TX,5160,"{""age_min_ms"": 68, ""age_max_ms"": 68}",LAT TX seq=5160 age_min_ms=68 age_max_ms=68
218940947800,screen,RX,5160,{},I (782110) LAT: RX seq=5160
218955953100,sensor,RTT,5160,"{""us"": 3525}",LAT RTT seq=5160 us=3525
219036849700,sensor,TX,5161,"{""age_min_ms"": 27, ""age_max_ms"": 27}",LAT TX seq=5161 age_min_ms=27 age_max_ms=27
219040896200,screen,RX,5161,{},I (782210) LAT: RX seq=5161
219055942000,sensor,RTT,5161,"{""us"": 5705}",LAT RTT seq=5161 us=5705
219136888700,sensor,TX,5162,"{""age_min_ms"": 21, ""age_max_ms"": 21}",LAT TX seq=5162 age_min_ms=21 age_max_ms=21
219141540600,screen,RX,5162,{},I (782310) LAT: RX seq=5162
219155966700,sensor,RTT,5162,"{""us"": 8387}",LAT RTT seq=5162 us=8387
219236746900,sensor,TX,5163,"{""age_min_ms"": 62, ""age_max_ms"": 62}",LAT TX seq=5163 age_min_ms=62 age_max_ms=62
219241230000,screen,RX,5163,{},I (782410) LAT: RX seq=5163
219255935100,sensor,RTT,5163,"{""us"": 3532}",LAT RTT seq=5163 us=3532
219336716100,sensor,TX,5164,"{""age_min_ms"": 62, ""age_max_ms"": 62}",LAT TX seq=5164 age_min_ms=62 age_max_ms=62
219341515800,screen,RX,5164,{},I (782510) LAT: RX seq=5164
219355994100,sensor,RTT,5164,"{""us"": 5971}",LAT RTT seq=5164 us=5971
219436930100,sensor,TX,5165,"{""age_min_ms"": 62, ""age_max_ms"": 62}",LAT TX seq=5165 age_min_ms=62 age_max_ms=62
219441018600,screen,RX,5165,{},I (782610) LAT: RX seq=5165
219456013800,sensor,RTT,5165,"{""us"": 3264}",LAT RTT seq=5165 us=3264
219536715200,sensor,TX,5166,"{""age_min_ms"": 62, ""age_max_ms"": 62}",LAT TX seq=5166 age_min_ms=62 age_max_ms=62
219540918800,screen,RX,5166,{},I (782710) LAT: RX seq=5166
219555998300,sensor,RTT,5166,"{""us"": 3785}",LAT RTT seq=5166 us=3785
219636754500,sensor,TX,5167,"{""age_min_ms"": 62, ""age_max_ms"": 62}",LAT TX seq=5167 age_min_ms=62 age_max_ms=62
219641064700,screen,RX,5167,{},I (782810) LAT: RX seq=5167
219655940400,sensor,RTT,5167,"{""us"": 6246}",LAT RTT seq=5167 us=6246
219736923500,sensor,TX,5168,"{""age_min_ms"": 62, ""age_max_ms"": 62}",LAT TX seq=5168 age_min_ms=62 age_max_ms=62
219740896300,screen,RX,5168,{},I (782910) LAT: RX seq=5168
219756002200,sensor,RTT,5168,"{""us"": 3362}",LAT RTT seq=5168 us=3362
219836729000,sensor,TX,5169,"{""age_min_ms"": 62, ""age_max_ms"": 62}",LAT TX seq=5169 age_min_ms=62 age_max_ms=62
219840836400,screen,RX,5169,{},I (783010) LAT: RX seq=5169
219855924200,sensor,RTT,5169,"{""us"": 5815}",LAT RTT seq=5169 us=5815
219936817500,sensor,TX,5170,"{""age_min_ms"": 62, ""age_max_ms"": 62}",LAT TX seq=5170 age_min_ms=62 age_max_ms=62
219941754100,screen,RX,5170,{},I (783110) LAT: RX seq=5170
219955985200,sensor,RTT,5170,"{""us"": 4003}",LAT RTT seq=5170 us=4003
220036714600,sensor,TX,5171,"{""age_min_ms"": 21, ""age_max_ms"": 21}",LAT TX seq=5171 age_min_ms=21 age_max_ms=21
220041679500,screen,RX,5171,{},I (783210) LAT: RX seq=5171
220055955800,sensor,RTT,5171,"{""us"": 5381}",LAT RTT seq=5171 us=5381
220136967400,sensor,TX,5172,"{""age_min_ms"": 21, ""age_max_ms"": 21}",LAT TX seq=5172 age_min_ms=21 age_max_ms=21
220144046000,screen,RX,5172,{},I (783320) LAT: RX seq=5172
220155977700,sensor,RTT,5172,"{""us"": 6904}",LAT RTT seq=5172 us=6904
220236819900,sensor,TX,5173,"{""age_min_ms"": 62, ""age_max_ms"": 62}",LAT TX seq=5173 age_min_ms=62 age_max_ms=62
220245058000,screen,RX,5173,{},I (783420) LAT: RX seq=5173
220255992900,sensor,RTT,5173,"{""us"": 8360}",LAT RTT seq=5173 us=8360
220336891100,sensor,TX,5174,"{""age_min_ms"": 62, ""age_max_ms"": 62}",LAT TX seq=5174 age_min_ms=62 age_max_ms=62
220349870000,screen,RX,5174,{},I (783520) LAT: RX seq=5174
220355887500,sensor,RTT,5174,"{""us"": 12892}",LAT RTT seq=5174 us=12892
220436790000,sensor,TX,5175,"{""age_min_ms"": 62, ""age_max_ms"": 62}",LAT TX seq=5175 age_min_ms=62 age_max_ms=62
220450333000,screen,RX,5175,{},I (783620) LAT: RX seq=5175
220476011600,sensor,RTT,5175,"{""us"": 31698}",LAT RTT seq=5175 us=31698
220536719500,sensor,TX,5176,"{""age_min_ms"": 62, ""age_max_ms"": 62}",LAT TX seq=5176 age_min_ms=62 age_max_ms=62
220541670500,screen,RX,5176,{},I (783710) LAT: RX seq=5176
220555917400,sensor,RTT,5176,"{""us"": 3984}",LAT RTT seq=5176 us=3984
220642004900,screen,RX,5177,{},I (783820) LAT: RX seq=5177
220657018300,sensor,RTT,5177,"{""us"": 9003}",LALAT RTT seq=5177 us=9003
220737854600,sensor,TX,5178,"{""age_min_ms"": 69, ""age_max_ms"": 69}",LAT TX seq=5178 age_min_ms=69 age_max_ms=69
220744581300,screen,RX,5178,{},I (783920) LAT: RX seq=5178
220757963900,sensor,RTT,5178,"{""us"": 5995}",LAT RTT seq=5178 us=5995
220838726500,sensor,TX,5179,"{""age_min_ms"": 64, ""age_max_ms"": 64}",LAT TX seq=5179 age_min_ms=64 age_max_ms=64
220843715300,screen,RX,5179,{},I (784020) LAT: RX seq=5179
220857918500,sensor,RTT,5179,"{""us"": 3959}",LAT RTT seq=5179 us=3959
220938790800,sensor,TX,5180,"{""age_min_ms"": 64, ""age_max_ms"": 64}",LAT TX seq=5180 age_min_ms=64 age_max_ms=64
220943633400,screen,RX,5180,{},I (784120) LAT: RX seq=5180
220957949400,sensor,RTT,5180,"{""us"": 5515}",LAT RTT seq=5180 us=5515
221038973300,sensor,TX,5181,"{""age_min_ms"": 23, ""age_max_ms"": 23}",LAT TX seq=5181 age_min_ms=23 age_max_ms=23
221046778600,screen,RX,5181,{},I (784220) LAT: RX seq=5181
221059027700,sensor,RTT,5181,"{""us"": 7369}",LAT RTT seq=5181 us=7369
221139858400,sensor,TX,5182,"{""age_min_ms"": 24, ""age_max_ms"": 24}",LAT TX seq=5182 age_min_ms=24 age_max_ms=24
221144033000,screen,RX,5182,{},I (784320) LAT: RX seq=5182
221159905700,sensor,RTT,5182,"{""us"": 6660}",LAT RTT seq=5182 us=6660
221240823600,sensor,TX,5183,"{""age_min_ms"": 66, ""age_max_ms"": 66}",LAT TX seq=5183 age_min_ms=66 age_max_ms=66
221245718900,screen,RX,5183,{},I (784420) LAT: RX seq=5183
221259925800,sensor,RTT,5183,"{""us"": 6004}",LAT RTT seq=5183 us=6004
221340833400,sensor,TX,5184,"{""age_min_ms"": 66, ""age_max_ms"": 66}",LAT TX seq=5184 age_min_ms=66 age_max_ms=66
221345781700,screen,RX,5184,{},I (784520) LAT: RX seq=5184
221359943200,sensor,RTT,5184,"{""us"": 4218}",LAT RTT seq=5184 us=4218
221440715200,sensor,TX,5185,"{""age_min_ms"": 83, ""age_max_ms"": 83}",LAT TX seq=5185 age_min_ms=83 age_max_ms=83
221445737600,screen,RX,5185,{},I (784620) LAT: RX seq=5185
221459958500,sensor,RTT,5185,"{""us"": 7480}",LAT RTT seq=5185 us=7480
221540809100,sensor,TX,5186,"{""age_min_ms"": 66, ""age_max_ms"": 66}",LAT TX seq=5186 age_min_ms=66 age_max_ms=66
221545501700,screen,RX,5186,{},I (784720) LAT: RX seq=5186
221559942800,sensor,RTT,5186,"{""us"": 4876}",LAT RTT seq=5186 us=4876
221640895300,sensor,TX,5187,"{""age_min_ms"": 58, ""age_max_ms"": 58}",LAT TX seq=5187 age_min_ms=58 age_max_ms=58
221645306500,screen,RX,5187,{},I (784820) LAT: RX seq=5187
221661006900,sensor,RTT,5187,"{""us"": 4026}",LAT RTT seq=5187 us=4026
221741764500,sensor,TX,5188,"{""age_min_ms"": 68, ""age_max_ms"": 68}",LAT TX seq=5188 age_min_ms=68 age_max_ms=68
221745915900,screen,RX,5188,{},I (784920) LAT: RX seq=5188
221762005300,sensor,RTT,5188,"{""us"": 5921}",LAT RTT seq=5188 us=5921
221842757800,sensor,TX,5189,"{""age_min_ms"": 68, ""age_max_ms"": 68}",LAT TX seq=5189 age_min_ms=68 age_max_ms=68
221847565500,screen,RX,5189,{},I (785020) LAT: RX seq=5189
221862988500,sensor,RTT,5189,"{""us"": 4704}",LAT RTT seq=5189 us=4704
221943742500,sensor,TX,5190,"{""age_min_ms"": 69, ""age_max_ms"": 69}",LAT TX seq=5190 age_min_ms=69 age_max_ms=69
221948142600,screen,RX,5190,{},I (785120) LAT: RX seq=5190
221962913900,sensor,RTT,5190,"{""us"": 12014}",LAT RTT seq=5190 us=12014
222043861900,sensor,TX,5191,"{""age_min_ms"": 28, ""age_max_ms"": 28}",LAT TX seq=5191 age_min_ms=28 age_max_ms=28
222047908300,screen,RX,5191,{},I (785220) LAT: RX seq=5191
222063988800,sensor,RTT,5191,"{""us"": 4815}",LAT RTT seq=5191 us=4815
222145012300,sensor,TX,5192,"{""age_min_ms"": 29, ""age_max_ms"": 29}",LAT TX seq=5192 age_min_ms=29 age_max_ms=29
222148959400,screen,RX,5192,{},I (785320) LAT: RX seq=5192
222164048500,sensor,RTT,5192,"{""us"": 3223}",LAT RTT seq=5192 us=3223
222244953000,sensor,TX,5193,"{""age_min_ms"": 70, ""age_max_ms"": 70}",LAT TX seq=5193 age_min_ms=70 age_max_ms=70
222248974800,screen,RX,5193,{},I (785420) LAT: RX seq=5193
222263951200,sensor,RTT,5193,"{""us"": 5056}",LAT RTT seq=5193 us=5056
222344985100,sensor,TX,5194,"{""age_min_ms"": 70, ""age_max_ms"": 70}",LAT TX seq=5194 age_min_ms=70 age_max_ms=70
222349024700,screen,RX,5194,{},I (785520) LAT: RX seq=5194
222363948700,sensor,RTT,5194,"{""us"": 5852}",LAT RTT seq=5194 us=5852
222444813300,sensor,TX,5195,"{""age_min_ms"": 70, ""age_max_ms"": 70}",LAT TX seq=5195 age_min_ms=70 age_max_ms=70
222451205000,screen,RX,5195,{},I (785620) LAT: RX seq=5195
222463942700,sensor,RTT,5195,"{""us"": 6498}",LAT RTT seq=5195 us=6498
222544953500,sensor,TX,5196,"{""age_min_ms"": 62, ""age_max_ms"": 62}",LAT TX seq=5196 age_min_ms=62 age_max_ms=62
222550356200,screen,RX,5196,{},I (785720) LAT: RX seq=5196
222563969900,sensor,RTT,5196,"{""us"": 5736}",LAT RTT seq=5196 us=5736
222644734700,sensor,TX,5197,"{""age_min_ms"": 62, ""age_max_ms"": 62}",LAT TX seq=5197 age_min_ms=62 age_max_ms=62
222649794400,screen,RX,5197,{},I (785820) LAT: RX seq=5197
222664945700,sensor,RTT,5197,"{""us"": 4195}",LAT RTT seq=5197 us=4195
222745889700,sensor,TX,5198,"{""age_min_ms"": 63, ""age_max_ms"": 63}",LAT TX seq=5198 age_min_ms=63 age_max_ms=63
222772437700,screen,RX,5198,{},I (785950) LAT: RX seq=5198
222786078000,sensor,RTT,5198,"{""us"": 27058}",LAT RTT seq=5198 us=27058
222846933900,sensor,TX,5199,"{""age_min_ms"": 72, ""age_max_ms"": 72}",LAT TX seq=5199 age_min_ms=72 age_max_ms=72
222851729900,screen,RX,5199,{},I (786020) LAT: RX seq=5199
222865933200,sensor,RTT,5199,"{""us"": 5877}",LAT RTT seq=5199 us=5877
222946936300,sensor,TX,5200,"{""age_min_ms"": 64, ""age_max_ms"": 64}",LAT TX seq=5200 age_min_ms=64 age_max_ms=64
222951758700,screen,RX,5200,{},I (786120) LAT: RX seq=5200
222991665600,sensor,RTT,5200,"{""us"": 4317}",LAT RTT seq=5200 us=4317
223046923300,sensor,TX,5201,"{""age_min_ms"": 23, ""age_max_ms"": 23}",LAT TX seq=5201 age_min_ms=23 age_max_ms=23
223051567700,screen,RX,5201,{},I (786220) LAT: RX seq=5201
223067004200,sensor,RTT,5201,"{""us"": 5799}",LAT RTT seq=5201 us=5799
223147733200,sensor,TX,5202,"{""age_min_ms"": 24, ""age_max_ms"": 24}",LAT TX seq=5202 age_min_ms=24 age_max_ms=24
223151890100,screen,RX,5202,{},I (786320) LAT: RX seq=5202
223167931600,sensor,RTT,5202,"{""us"": 3751}",LAT RTT seq=5202 us=3751
223248862800,sensor,TX,5203,"{""age_min_ms"": 66, ""age_max_ms"": 66}",LAT TX seq=5203 age_min_ms=66 age_max_ms=66
223253849400,screen,RX,5203,{},I (786430) LAT: RX seq=5203
223267941300,sensor,RTT,5203,"{""us"": 5015}",LAT RTT seq=5203 us=5015
223348743000,sensor,TX,5204,"{""age_min_ms"": 73, ""age_max_ms"": 73}",LAT TX seq=5204 age_min_ms=73 age_max_ms=73
223353563000,screen,RX,5204,{},I (786530) LAT: RX seq=5204
223368012100,sensor,RTT,5204,"{""us"": 4318}",LAT RTT seq=5204 us=4318
223448712500,sensor,TX,5205,"{""age_min_ms"": 73, ""age_max_ms"": 73}",LAT TX seq=5205 age_min_ms=73 age_max_ms=73
223453398500,screen,RX,5205,{},I (786630) LAT: RX seq=5205
223467976300,sensor,RTT,5205,"{""us"": 4015}",LAT RTT seq=5205 us=4015
223553113300,screen,RX,5206,{},I (786730) LAT: RX seq=5206
223567951500,sensor,RTT,5206,"{""us"": 4246}",LAT RTT seq=5206 us=4246
223648847400,sensor,TX,5207,"{""age_min_ms"": 73, ""age_max_ms"": 73}",LAT TX seq=5207 age_min_ms=73 age_max_ms=73
223652909700,screen,RX,5207,{},I (786830) LAT: RX seq=5207
223668204200,sensor,RTT,5207,"{""us"": 4330}",LAT RTT seq=5207 us=4330
223748879500,sensor,TX,5208,"{""age_min_ms"": 73, ""age_max_ms"": 73}",LAT TX seq=5208 age_min_ms=73 age_max_ms=73
223753849700,screen,RX,5208,{},I (786930) LAT: RX seq=5208
223767983800,sensor,RTT,5208,"{""us"": 4789}",LAT RTT seq=5208 us=4789
223848728000,sensor,TX,5209,"{""age_min_ms"": 66, ""age_max_ms"": 66}",LAT TX seq=5209 age_min_ms=66 age_max_ms=66
223856566100,screen,RX,5209,{},I (787030) LAT: RX seq=5209
223867956200,sensor,RTT,5209,"{""us"": 7262}",LAT RTT seq=5209 us=7262
223948749300,sensor,TX,5210,"{""age_min_ms"": 73, ""age_max_ms"": 73}",LAT TX seq=5210 age_min_ms=73 age_max_ms=73
223953612300,screen,RX,5210,{},I (787130) LAT: RX seq=5210
223967958200,sensor,RTT,5210,"{""us"": 8575}",LAT RTT seq=5210 us=8575
224048821500,sensor,TX,5211,"{""age_min_ms"": 25, ""age_max_ms"": 25}",LAT TX seq=5211 age_min_ms=25 age_max_ms=25
224056086800,screen,RX,5211,{},I (787230) LAT: RX seq=5211
224068962700,sensor,RTT,5211,"{""us"": 8476}",LAT RTT seq=5211 us=8476
224149812100,sensor,TX,5212,"{""age_min_ms"": 26, ""age_max_ms"": 26}",LAT TX seq=5212 age_min_ms=26 age_max_ms=26
224155229400,screen,RX,5212,{},I (787330) LAT: RX seq=5212
224168947600,sensor,RTT,5212,"{""us"": 4706}",LAT RTT seq=5212 us=4706
224249815500,sensor,TX,5213,"{""age_min_ms"": 67, ""age_max_ms"": 67}",LAT TX seq=5213 age_min_ms=67 age_max_ms=67
224255609400,screen,RX,5213,{},I (787430) LAT: RX seq=5213
224268944300,sensor,RTT,5213,"{""us"": 6414}",LAT RTT seq=5213 us=6414
224349878700,sensor,TX,5214,"{""age_min_ms"": 67, ""age_max_ms"": 67}",LAT TX seq=5214 age_min_ms=67 age_max_ms=67
224355823400,screen,RX,5214,{},I (787530) LAT: RX seq=5214
224368912500,sensor,RTT,5214,"{""us"": 5002}",LAT RTT seq=5214 us=5002
224449776000,sensor,TX,5215,"{""age_min_ms"": 67, ""age_max_ms"": 67}",LAT TX seq=5215 age_min_ms=67 age_max_ms=67
224454851500,screen,RX,5215,{},I (787630) LAT: RX seq=5215
224469019600,sensor,RTT,5215,"{""us"": 10220}",LAT RTT seq=5215 us=10220
224549721300,sensor,TX,5216,"{""age_min_ms"": 74, ""age_max_ms"": 74}",LAT TX seq=5216 age_min_ms=74 age_max_ms=74
224554739400,screen,RX,5216,{},I (787730) LAT: RX seq=5216
224568994800,sensor,RTT,5216,"{""us"": 7788}",LAT RTT seq=5216 us=7788
224650046100,sensor,TX,5217,"{""age_min_ms"": 67, ""age_max_ms"": 67}",LAT TX seq=5217 age_min_ms=67 age_max_ms=67
224659912400,screen,RX,5217,{},I (787830) LAT: RX seq=5217
224669918600,sensor,RTT,5217,"{""us"": 13083}",LAT RTT seq=5217 us=13083
224750886600,sensor,TX,5218,"{""age_min_ms"": 68, ""age_max_ms"": 68}",LAT TX seq=5218 age_min_ms=68 age_max_ms=68
224754902600,screen,RX,5218,{},I (787930) LAT: RX seq=5218
224770945200,sensor,RTT,5218,"{""us"": 5444}",LAT RTT seq=5218 us=5444
224851993500,sensor,TX,5219,"{""age_min_ms"": 69, ""age_max_ms"": 69}",LAT TX seq=5219 age_min_ms=69 age_max_ms=69
224859678600,screen,RX,5219,{},I (788030) LAT: RX seq=5219
224871940200,sensor,RTT,5219,"{""us"": 7185}",LAT RTT seq=5219 us=7185
224952763700,sensor,TX,5220,"{""age_min_ms"": 78, ""age_max_ms"": 78}",LAT TX seq=5220 age_min_ms=78 age_max_ms=78
224957231300,screen,RX,5220,{},I (788130) LAT: RX seq=5220
224971985700,sensor,RTT,5220,"{""us"": 4181}",LAT RTT seq=5220 us=4181
225052764500,sensor,TX,5221,"{""age_min_ms"": 38, ""age_max_ms"": 38}",LAT TX seq=5221 age_min_ms=38 age_max_ms=38
225058537100,screen,RX,5221,{},I (788230) LAT: RX seq=5221
225072969000,sensor,RTT,5221,"{""us"": 5928}",LAT RTT seq=5221 us=5928
225153903700,sensor,TX,5222,"{""age_min_ms"": 39, ""age_max_ms"": 39}",LAT TX seq=5222 age_min_ms=39 age_max_ms=39
225160084100,screen,RX,5222,{},I (788330) LAT: RX seq=5222
225173035400,sensor,RTT,5222,"{""us"": 6622}",LAT RTT seq=5222 us=6622
225253718200,sensor,TX,5223,"{""age_min_ms"": 80, ""age_max_ms"": 80}",LAT TX seq=5223 age_min_ms=80 age_max_ms=80
225264635700,screen,RX,5223,{},I (788440) LAT: RX seq=5223
225353821600,sensor,RTT,5223,"{""us"": 21459}",LAT RTT seq=5223 us=21459
225353821600,sensor,TX,5224,"{""age_min_ms"": 80, ""age_max_ms"": 80}",LAT TX seq=5224 age_min_ms=80 age_max_ms=80
225366095000,screen,RX,5224,{},I (788540) LAT: RX seq=5224
225373056400,sensor,RTT,5224,"{""us"": 12388}",LAT RTT seq=5224 us=12388
225459498900,screen,RX,5225,{},I (788630) LAT: RX seq=5225
225473968400,sensor,RTT,5225,"{""us"": 8099}",LAT TX seqLAT RTT seq=5225 us=8099
225554919500,sensor,TX,5226,"{""age_min_ms"": 81, ""age_max_ms"": 81}",LAT TX seq=5226 age_min_ms=81 age_max_ms=81
225559431900,screen,RX,5226,{},I (788730) LAT: RX seq=5226
225574969600,sensor,RTT,5226,"{""us"": 3632}",LAT RTT seq=5226 us=3632
225655800400,sensor,TX,5227,"{""age_min_ms"": 82, ""age_max_ms"": 82}",LAT TX seq=5227 age_min_ms=82 age_max_ms=82
225659961700,screen,RX,5227,{},I (788830) LAT: RX seq=5227
225675970200,sensor,RTT,5227,"{""us"": 3100}",LAT RTT seq=5227 us=3100
225756903200,sensor,TX,5228,"{""age_min_ms"": 82, ""age_max_ms"": 82}",LAT TX seq=5228 age_min_ms=82 age_max_ms=82
225762605800,screen,RX,5228,{},I (788940) LAT: RX seq=5228
225776025300,sensor,RTT,5228,"{""us"": 6034}",LAT RTT seq=5228 us=6034
225856866800,sensor,TX,5229,"{""age_min_ms"": 83, ""age_max_ms"": 83}",LAT TX seq=5229 age_min_ms=83 age_max_ms=83
225861852800,screen,RX,5229,{},I (789030) LAT: RX seq=5229
225876020100,sensor,RTT,5229,"{""us"": 7308}",LAT RTT seq=5229 us=7308
225956859800,sensor,TX,5230,"{""age_min_ms"": 82, ""age_max_ms"": 82}",LAT TX seq=5230 age_min_ms=82 age_max_ms=82
225961196900,screen,RX,5230,{},I (789130) LAT: RX seq=5230
225976037400,sensor,RTT,5230,"{""us"": 3361}",LAT RTT seq=5230 us=3361
226056848400,sensor,TX,5231,"{""age_min_ms"": 42, ""age_max_ms"": 42}",LAT TX seq=5231 age_min_ms=42 age_max_ms=42
226063799900,screen,RX,5231,{},I (789240) LAT: RX seq=5231
226076918800,sensor,RTT,5231,"{""us"": 7364}",LAT RTT seq=5231 us=7364
226157823900,sensor,TX,5232,"{""age_min_ms"": 42, ""age_max_ms"": 42}",LAT TX seq=5232 age_min_ms=42 age_max_ms=42
226163829800,screen,RX,5232,{},I (789340) LAT: RX seq=5232
226177040800,sensor,RTT,5232,"{""us"": 14313}",LAT RTT seq=5232 us=14313
226257757800,sensor,TX,5233,"{""age_min_ms"": 83, ""age_max_ms"": 83}",LAT TX seq=5233 age_min_ms=83 age_max_ms=83
226265708900,screen,RX,5233,{},I (789440) LAT: RX seq=5233
226296956500,sensor,RTT,5233,"{""us"": 22290}",LAT RTT seq=5233 us=22290
226357778200,sensor,TX,5234,"{""age_min_ms"": 0, ""age_max_ms"": 0}",LAT TX seq=5234 age_min_ms=0 age_max_ms=0
226365426100,screen,RX,5234,{},I (789540) LAT: RX seq=5234
226377963900,sensor,RTT,5234,"{""us"": 16503}",LAT RTT seq=5234 us=16503
226458822700,sensor,TX,5235,"{""age_min_ms"": 101, ""age_max_ms"": 101}",LAT TX seq=5235 age_min_ms=101 age_max_ms=101
226463150700,screen,RX,5235,{},I (789640) LAT: RX seq=5235
226478030800,sensor,RTT,5235,"{""us"": 4047}",LAT RTT seq=5235 us=4047
226558824100,sensor,TX,5236,"{""age_min_ms"": 84, ""age_max_ms"": 84}",LAT TX seq=5236 age_min_ms=84 age_max_ms=84
226563502400,screen,RX,5236,{},I (789740) LAT: RX seq=5236
226577994600,sensor,RTT,5236,"{""us"": 6787}",LAT RTT seq=5236 us=6787
226658906600,sensor,TX,5237,"{""age_min_ms"": 84, ""age_max_ms"": 84}",LAT TX seq=5237 age_min_ms=84 age_max_ms=84
226665237500,screen,RX,5237,{},I (789840) LAT: RX seq=5237
226678971400,sensor,RTT,5237,"{""us"": 6748}",LAT RTT seq=5237 us=6748
226759859200,sensor,TX,5238,"{""age_min_ms"": 85, ""age_max_ms"": 85}",LAT TX seq=5238 age_min_ms=85 age_max_ms=85
226767598800,screen,RX,5238,{},I (789940) LAT: RX seq=5238
226779973300,sensor,RTT,5238,"{""us"": 13845}",LAT RTT seq=5238 us=13845
226860827900,sensor,TX,5239,"{""age_min_ms"": 86, ""age_max_ms"": 86}",LAT TX seq=5239 age_min_ms=86 age_max_ms=86
226867013900,screen,RX,5239,{},I (790040) LAT: RX seq=5239
226880963400,sensor,RTT,5239,"{""us"": 7261}",LAT RTT seq=5239 us=7261
226961754600,sensor,TX,5240,"{""age_min_ms"": 87, ""age_max_ms"": 87}",LAT TX seq=5240 age_min_ms=87 age_max_ms=87
226966001800,screen,RX,5240,{},I (790140) LAT: RX seq=5240
226980973600,sensor,RTT,5240,"{""us"": 8096}",LAT RTT seq=5240 us=8096
227061910300,sensor,TX,5241,"{""age_min_ms"": 46, ""age_max_ms"": 46}",LAT TX seq=5241 age_min_ms=46 age_max_ms=46
227066376200,screen,RX,5241,{},I (790240) LAT: RX seq=5241
227081999500,sensor,RTT,5241,"{""us"": 5249}",LAT RTT seq=5241 us=5249
227162830900,sensor,TX,5242,"{""age_min_ms"": 53, ""age_max_ms"": 53}",LAT TX seq=5242 age_min_ms=53 age_max_ms=53
227168628400,screen,RX,5242,{},I (790340) LAT: RX seq=5242
227182988600,sensor,RTT,5242,"{""us"": 4815}",LAT RTT seq=5242 us=4815
227263933200,sensor,TX,5243,"{""age_min_ms"": 7, ""age_max_ms"": 7}",LAT TX seq=5243 age_min_ms=7 age_max_ms=7
227270590300,screen,RX,5243,{},I (790440) LAT: RX seq=5243
227283000200,sensor,RTT,5243,"{""us"": 8964}",LAT RTT seq=5243 us=8964
227363807400,sensor,TX,5244,"{""age_min_ms"": 107, ""age_max_ms"": 107}",LAT TX seq=5244 age_min_ms=107 age_max_ms=107
227367925000,screen,RX,5244,{},I (790540) LAT: RX seq=5244
227382965800,sensor,RTT,5244,"{""us"": 3754}",LAT RTT seq=5244 us=3754
227463783500,sensor,TX,5245,"{""age_min_ms"": 7, ""age_max_ms"": 7}",LAT TX seq=5245 age_min_ms=7 age_max_ms=7
227468333800,screen,RX,5245,{},I (790640) LAT: RX seq=5245
227483197900,sensor,RTT,5245,"{""us"": 6128}",LAT RTT seq=5245 us=6128
227563794800,sensor,TX,5246,"{""age_min_ms"": 7, ""age_max_ms"": 7}",LAT TX seq=5246 age_min_ms=7 age_max_ms=7
227569627800,screen,RX,5246,{},I (790740) LAT: RX seq=5246
227583072300,sensor,RTT,5246,"{""us"": 18671}",LAT RTT seq=5246 us=18671
227663834600,sensor,TX,5247,"{""age_min_ms"": 7, ""age_max_ms"": 7}",LAT TX seq=5247 age_min_ms=7 age_max_ms=7
227680574900,screen,RX,5247,{},I (790850) LAT: RX seq=5247
227684044700,sensor,RTT,5247,"{""us"": 16075}",LAT RTT seq=5247 us=16075
227765071000,sensor,TX,5248,"{""age_min_ms"": 108, ""age_max_ms"": 108}",LAT TX seq=5248 age_min_ms=108 age_max_ms=108
227777244900,screen,RX,5248,{},I (790950) LAT: RX seq=5248
227784025700,sensor,RTT,5248,"{""us"": 19009}",LAT RTT seq=5248 us=19009
227864891000,sensor,TX,5249,"{""age_min_ms"": 8, ""age_max_ms"": 8}",LAT TX seq=5249 age_min_ms=8 age_max_ms=8
227869337600,screen,RX,5249,{},I (791040) LAT: RX seq=5249
227883988100,sensor,RTT,5249,"{""us"": 3617}",LAT RTT seq=5249 us=3617
227964794100,sensor,TX,5250,"{""age_min_ms"": 108, ""age_max_ms"": 108}",LAT TX seq=5250 age_min_ms=108 age_max_ms=108
227971420300,screen,RX,5250,{},I (791140) LAT: RX seq=5250
227983981500,sensor,RTT,5250,"{""us"": 7755}",LAT RTT seq=5250 us=7755
228065025400,sensor,TX,5251,"{""age_min_ms"": 67, ""age_max_ms"": 67}",LAT TX seq=5251 age_min_ms=67 age_max_ms=67
228069060700,screen,RX,5251,{},I (791240) LAT: RX seq=5251
228085055000,sensor,RTT,5251,"{""us"": 3206}",LAT RTT seq=5251 us=3206
228165900000,sensor,TX,5252,"{""age_min_ms"": 10, ""age_max_ms"": 10}",LAT TX seq=5252 age_min_ms=10 age_max_ms=10
228171011100,screen,RX,5252,{},I (791340) LAT: RX seq=5252
228186076700,sensor,RTT,5252,"{""us"": 8088}",LAT RTT seq=5252 us=8088
228267039600,sensor,TX,5253,"{""age_min_ms"": 10, ""age_max_ms"": 10}",LAT TX seq=5253 age_min_ms=10 age_max_ms=10
228273953400,screen,RX,5253,{},I (791450) LAT: RX seq=5253
228285983800,sensor,RTT,5253,"{""us"": 10203}",LAT RTT seq=5253 us=10203
228367058300,sensor,TX,5254,"{""age_min_ms"": 110, ""age_max_ms"": 110}",LAT TX seq=5254 age_min_ms=110 age_max_ms=110
228371187800,screen,RX,5254,{},I (791540) LAT: RX seq=5254
228386014000,sensor,RTT,5254,"{""us"": 3967}",LAT RTT seq=5254 us=3967
228466863400,sensor,TX,5255,"{""age_min_ms"": 10, ""age_max_ms"": 10}",LAT TX seq=5255 age_min_ms=10 age_max_ms=10
228473670200,screen,RX,5255,{},I (791650) LAT: RX seq=5255
228486309100,sensor,RTT,5255,"{""us"": 9109}",LAT RTT seq=5255 us=9109
228567141800,sensor,TX,5256,"{""age_min_ms"": 10, ""age_max_ms"": 10}",LAT TX seq=5256 age_min_ms=10 age_max_ms=10
228575735600,screen,RX,5256,{},I (791750) LAT: RX seq=5256
228586108100,sensor,RTT,5256,"{""us"": 7491}",LAT RTT seq=5256 us=7491
228667192000,sensor,TX,5257,"{""age_min_ms"": 110, ""age_max_ms"": 110}",LAT TX seq=5257 age_min_ms=110 age_max_ms=110
228671419400,screen,RX,5257,{},I (791840) LAT: RX seq=5257
228687110600,sensor,RTT,5257,"{""us"": 6967}",LAT RTT seq=5257 us=6967
228768019000,sensor,TX,5258,"{""age_min_ms"": 94, ""age_max_ms"": 94}",LAT TX seq=5258 age_min_ms=94 age_max_ms=94
228773802600,screen,RX,5258,{},I (791950) LAT: RX seq=5258
228788004000,sensor,RTT,5258,"{""us"": 5165}",LAT RTT seq=5258 us=5165
228868988600,sensor,TX,5259,"{""age_min_ms"": 93, ""age_max_ms"": 93}",LAT TX seq=5259 age_min_ms=93 age_max_ms=93
228876336800,screen,RX,5259,{},I (792050) LAT: RX seq=5259
228889311000,sensor,RTT,5259,"{""us"": 6464}",LAT RTT seq=5259 us=6464
228969982400,sensor,TX,5260,"{""age_min_ms"": 96, ""age_max_ms"": 96}",LAT TX seq=5260 age_min_ms=96 age_max_ms=96
228974331300,screen,RX,5260,{},I (792150) LAT: RX seq=5260
228989040300,sensor,RTT,5260,"{""us"": 12927}",LAT RTT seq=5260 us=12927
229069801500,sensor,TX,5261,"{""age_min_ms"": 46, ""age_max_ms"": 46}",LAT TX seq=5261 age_min_ms=46 age_max_ms=46
229076654400,screen,RX,5261,{},I (792250) LAT: RX seq=5261
229089965200,sensor,RTT,5261,"{""us"": 8834}",LAT RTT seq=5261 us=8834
229171497500,sensor,TX,5262,"{""age_min_ms"": 56, ""age_max_ms"": 56}",LAT TX seq=5262 age_min_ms=56 age_max_ms=56
229178324500,screen,RX,5262,{},I (792350) LAT: RX seq=5262
229190187800,sensor,RTT,5262,"{""us"": 10086}",LAT RTT seq=5262 us=10086
229271121400,sensor,TX,5263,"{""age_min_ms"": 97, ""age_max_ms"": 97}",LAT TX seq=5263 age_min_ms=97 age_max_ms=97
229278435300,screen,RX,5263,{},I (792450) LAT: RX seq=5263
229290026400,sensor,RTT,5263,"{""us"": 8917}",LAT RTT seq=5263 us=8917
229370793400,sensor,TX,5264,"{""age_min_ms"": 97, ""age_max_ms"": 97}",LAT TX seq=5264 age_min_ms=97 age_max_ms=97
229375233400,screen,RX,5264,{},I (792550) LAT: RX seq=5264
229390033500,sensor,RTT,5264,"{""us"": 15053}",LAT RTT seq=5264 us=15053
229471086600,sensor,TX,5265,"{""age_min_ms"": 97, ""age_max_ms"": 97}",LAT TX seq=5265 age_min_ms=97 age_max_ms=97
229477277300,screen,RX,5265,{},I (792650) LAT: RX seq=5265
229490094500,sensor,RTT,5265,"{""us"": 8565}",LAT RTT seq=5265 us=8565
229570829700,sensor,TX,5266,"{""age_min_ms"": 97, ""age_max_ms"": 97}",LAT TX seq=5266 age_min_ms=97 age_max_ms=97
229578118600,screen,RX,5266,{},I (792750) LAT: RX seq=5266
229590717700,sensor,RTT,5266,"{""us"": 12036}",LAT RTT seq=5266 us=12036
229671173200,sensor,TX,5267,"{""age_min_ms"": 97, ""age_max_ms"": 97}",LAT TX seq=5267 age_min_ms=97 age_max_ms=97
229680362900,screen,RX,5267,{},I (792850) LAT: RX seq=5267
229690143500,sensor,RTT,5267,"{""us"": 8464}",LAT RTT seq=5267 us=8464
229771077700,sensor,TX,5268,"{""age_min_ms"": 96, ""age_max_ms"": 96}",LAT TX seq=5268 age_min_ms=96 age_max_ms=96
229782468100,screen,RX,5268,{},I (792960) LAT: RX seq=5268
229790274900,sensor,RTT,5268,"{""us"": 15066}",LAT RTT seq=5268 us=15066
229870997200,sensor,TX,5269,"{""age_min_ms"": 96, ""age_max_ms"": 96}",LAT TX seq=5269 age_min_ms=96 age_max_ms=96
229879757000,screen,RX,5269,{},I (793050) LAT: RX seq=5269
229890054700,sensor,RTT,5269,"{""us"": 8627}",LAT RTT seq=5269 us=8627
229970890600,sensor,TX,5270,"{""age_min_ms"": 96, ""age_max_ms"": 96}",LAT TX seq=5270 age_min_ms=96 age_max_ms=96
229977196400,screen,RX,5270,{},I (793150) LAT: RX seq=5270
229990246400,sensor,RTT,5270,"{""us"": 5506}",LAT RTT seq=5270 us=5506
230070825700,sensor,TX,5271,"{""age_min_ms"": 55, ""age_max_ms"": 55}",LAT TX seq=5271 age_min_ms=55 age_max_ms=55
230079985700,screen,RX,5271,{},I (793250) LAT: RX seq=5271
230091104000,sensor,RTT,5271,"{""us"": 11280}",LAT RTT seq=5271 us=11280
230171945900,sensor,TX,5272,"{""age_min_ms"": 57, ""age_max_ms"": 57}",LAT TX seq=5272 age_min_ms=57 age_max_ms=57
230178198300,screen,RX,5272,{},I (793350) LAT: RX seq=5272
230192253100,sensor,RTT,5272,"{""us"": 4600}",LAT RTT seq=5272 us=4600
230273155400,sensor,TX,5273,"{""age_min_ms"": 98, ""age_max_ms"": 98}",LAT TX seq=5273 age_min_ms=98 age_max_ms=98
230279530700,screen,RX,5273,{},I (793450) LAT: RX seq=5273
230292545600,sensor,RTT,5273,"{""us"": 7851}",LAT RTT seq=5273 us=7851
230373311500,sensor,TX,5274,"{""age_min_ms"": 90, ""age_max_ms"": 90}",LAT TX seq=5274 age_min_ms=90 age_max_ms=90
230380237800,screen,RX,5274,{},I (793550) LAT: RX seq=5274
230393219200,sensor,RTT,5274,"{""us"": 10979}",LAT RTT seq=5274 us=10979
230474037400,sensor,TX,5275,"{""age_min_ms"": 100, ""age_max_ms"": 100}",LAT TX seq=5275 age_min_ms=100 age_max_ms=100
230485289600,screen,RX,5275,{},I (793660) LAT: RX seq=5275
230493379700,sensor,RTT,5275,"{""us"": 12419}",LAT RTT seq=5275 us=12419
230574576800,sensor,TX,5276,"{""age_min_ms"": 0, ""age_max_ms"": 0}",LAT TX seq=5276 age_min_ms=0 age_max_ms=0
230582699700,screen,RX,5276,{},I (793760) LAT: RX seq=5276
230593168400,sensor,RTT,5276,"{""us"": 8555}",LAT RTT seq=5276 us=8555
230673929500,sensor,TX,5277,"{""age_min_ms"": 0, ""age_max_ms"": 0}",LAT TX seq=5277 age_min_ms=0 age_max_ms=0
230678910900,screen,RX,5277,{},I (793850) LAT: RX seq=5277
230694088500,sensor,RTT,5277,"{""us"": 5281}",LAT RTT seq=5277 us=5281
230774953600,sensor,TX,5278,"{""age_min_ms"": 1, ""age_max_ms"": 1}",LAT TX seq=5278 age_min_ms=1 age_max_ms=1
230779686800,screen,RX,5278,{},I (793950) LAT: RX seq=5278
230795262500,sensor,RTT,5278,"{""us"": 4225}",LAT RTT seq=5278 us=4225
230875992100,sensor,TX,5279,"{""age_min_ms"": 1, ""age_max_ms"": 1}",LAT TX seq=5279 age_min_ms=1 age_max_ms=1
230881464000,screen,RX,5279,{},I (794050) LAT: RX seq=5279
230896131600,sensor,RTT,5279,"{""us"": 8195}",LAT RTT seq=5279 us=8195
230977612600,sensor,TX,5280,"{""age_min_ms"": 102, ""age_max_ms"": 102}",LAT TX seq=5280 age_min_ms=102 age_max_ms=102
230981223100,screen,RX,5280,{},I (794150) LAT: RX seq=5280
230996065000,sensor,RTT,5280,"{""us"": 4584}",LAT RTT seq=5280 us=4584
231077020100,sensor,TX,5281,"{""age_min_ms"": 62, ""age_max_ms"": 62}",LAT TX seq=5281 age_min_ms=62 age_max_ms=62
231083672600,screen,RX,5281,{},I (794260) LAT: RX seq=5281
231097286400,sensor,RTT,5281,"{""us"": 9932}",LAT RTT seq=5281 us=9932
231178034700,sensor,TX,5282,"{""age_min_ms"": 3, ""age_max_ms"": 3}",LAT TX seq=5282 age_min_ms=3 age_max_ms=3
231183351900,screen,RX,5282,{},I (794360) LAT: RX seq=5282
231198067400,sensor,RTT,5282,"{""us"": 5396}",LAT RTT seq=5282 us=5396
231278868700,sensor,TX,5283,"{""age_min_ms"": 4, ""age_max_ms"": 4}",LAT TX seq=5283 age_min_ms=4 age_max_ms=4
231286193100,screen,RX,5283,{},I (794460) LAT: RX seq=5283
231298065600,sensor,RTT,5283,"{""us"": 7087}",LAT RTT seq=5283 us=7087
231378888500,sensor,TX,5284,"{""age_min_ms"": 5, ""age_max_ms"": 5}",LAT TX seq=5284 age_min_ms=5 age_max_ms=5
231383161300,screen,RX,5284,{},I (794560) LAT: RX seq=5284
231398043700,sensor,RTT,5284,"{""us"": 12597}",LAT RTT seq=5284 us=12597
231478842200,sensor,TX,5285,"{""age_min_ms"": 4, ""age_max_ms"": 4}",LAT TX seq=5285 age_min_ms=4 age_max_ms=4
231485363000,screen,RX,5285,{},I (794660) LAT: RX seq=5285
231498265500,sensor,RTT,5285,"{""us"": 8240}",LAT RTT seq=5285 us=8240
231578870100,sensor,TX,5286,"{""age_min_ms"": 4, ""age_max_ms"": 4}",LAT TX seq=5286 age_min_ms=4 age_max_ms=4
231590510700,screen,RX,5286,{},I (794760) LAT: RX seq=5286
231597999900,sensor,RTT,5286,"{""us"": 15109}",LAT RTT seq=5286 us=15109
231679388700,sensor,TX,5287,"{""age_min_ms"": 4, ""age_max_ms"": 4}",LAT TX seq=5287 age_min_ms=4 age_max_ms=4
231683273900,screen,RX,5287,{},I (794860) LAT: RX seq=5287
231699049200,sensor,RTT,5287,"{""us"": 6614}",LAT RTT seq=5287 us=6614
231780107400,sensor,TX,5288,"{""age_min_ms"": 5, ""age_max_ms"": 5}",LAT TX seq=5288 age_min_ms=5 age_max_ms=5
231786250000,screen,RX,5288,{},I (794960) LAT: RX seq=5288
231800133500,sensor,RTT,5288,"{""us"": 10107}",LAT RTT seq=5288 us=10107
231881264700,sensor,TX,5289,"{""age_min_ms"": 6, ""age_max_ms"": 6}",LAT TX seq=5289 age_min_ms=6 age_max_ms=6
231886263800,screen,RX,5289,{},I (795060) LAT: RX seq=5289
231901226300,sensor,RTT,5289,"{""us"": 14257}",LAT RTT seq=5289 us=14257
231982179500,sensor,TX,5290,"{""age_min_ms"": 107, ""age_max_ms"": 107}",LAT TX seq=5290 age_min_ms=107 age_max_ms=107
231987617600,screen,RX,5290,{},I (795160) LAT: RX seq=5290
232001325400,sensor,RTT,5290,"{""us"": 8192}",LAT RTT seq=5290 us=8192
232081841100,sensor,TX,5291,"{""age_min_ms"": 66, ""age_max_ms"": 66}",LAT TX seq=5291 age_min_ms=66 age_max_ms=66
232088360700,screen,RX,5291,{},I (795260) LAT: RX seq=5291
232102114700,sensor,RTT,5291,"{""us"": 6456}",LAT RTT seq=5291 us=6456
232182862600,sensor,TX,5292,"{""age_min_ms"": 9, ""age_max_ms"": 9}",LAT TX seq=5292 age_min_ms=9 age_max_ms=9
232190701700,screen,RX,5292,{},I (795360) LAT: RX seq=5292
232203054700,sensor,RTT,5292,"{""us"": 8074}",LAT RTT seq=5292 us=8074
232283865000,sensor,TX,5293,"{""age_min_ms"": 10, ""age_max_ms"": 10}",LAT TX seq=5293 age_min_ms=10 age_max_ms=10
232288307000,screen,RX,5293,{},I (795460) LAT: RX seq=5293
232304049800,sensor,RTT,5293,"{""us"": 3657}",LAT RTT seq=5293 us=3657
232384934100,sensor,TX,5294,"{""age_min_ms"": 10, ""age_max_ms"": 10}",LAT TX seq=5294 age_min_ms=10 age_max_ms=10
232395603700,screen,RX,5294,{},I (795570) LAT: RX seq=5294
232405057700,sensor,RTT,5294,"{""us"": 11405}",LAT RTT seq=5294 us=11405
232486384700,sensor,TX,5295,"{""age_min_ms"": 3, ""age_max_ms"": 3}",LAT TX seq=5295 age_min_ms=3 age_max_ms=3
232490659700,screen,RX,5295,{},I (795660) LAT: RX seq=5295
232505596200,sensor,RTT,5295,"{""us"": 4898}",LAT RTT seq=5295 us=4898
232586016900,sensor,TX,5296,"{""age_min_ms"": 11, ""age_max_ms"": 11}",LAT TX seq=5296 age_min_ms=11 age_max_ms=11
232592447500,screen,RX,5296,{},I (795770) LAT: RX seq=5296
232606898100,sensor,RTT,5296,"{""us"": 6934}",LAT RTT seq=5296 us=6934
232685934700,sensor,TX,5297,"{""age_min_ms"": 11, ""age_max_ms"": 11}",LAT TX seq=5297 age_min_ms=11 age_max_ms=11
232690177600,screen,RX,5297,{},I (795860) LAT: RX seq=5297
232706040200,sensor,RTT,5297,"{""us"": 4168}",LAT RTT seq=5297 us=4168
232787384100,sensor,TX,5298,"{""age_min_ms"": 12, ""age_max_ms"": 12}",LAT TX seq=5298 age_min_ms=12 age_max_ms=12
232792167400,screen,RX,5298,{},I (795970) LAT: RX seq=5298
232807054700,sensor,RTT,5298,"{""us"": 5306}",LAT RTT seq=5298 us=5306
232888243200,sensor,TX,5299,"{""age_min_ms"": 13, ""age_max_ms"": 13}",LAT TX seq=5299 age_min_ms=13 age_max_ms=13
232896376700,screen,RX,5299,{},I (796070) LAT: RX seq=5299
232908079900,sensor,RTT,5299,"{""us"": 7703}",LAT RTT seq=5299 us=7703
232988848000,sensor,TX,5300,"{""age_min_ms"": 114, ""age_max_ms"": 114}",LAT TX seq=5300 age_min_ms=114 age_max_ms=114
232993867100,screen,RX,5300,{},I (796170) LAT: RX seq=5300
233008055600,sensor,RTT,5300,"{""us"": 5246}",LAT RTT seq=5300 us=5246
233088833400,sensor,TX,5301,"{""age_min_ms"": 65, ""age_max_ms"": 65}",LAT TX seq=5301 age_min_ms=65 age_max_ms=65
233093828400,screen,RX,5301,{},I (796270) LAT: RX seq=5301
233109061200,sensor,RTT,5301,"{""us"": 4904}",LAT RTT seq=5301 us=4904
233190008400,sensor,TX,5302,"{""age_min_ms"": 16, ""age_max_ms"": 16}",LAT TX seq=5302 age_min_ms=16 age_max_ms=16
233195695600,screen,RX,5302,{},I (796370) LAT: RX seq=5302
233210080700,sensor,RTT,5302,"{""us"": 4789}",LAT RTT seq=5302 us=4789
233290891500,sensor,TX,5303,"{""age_min_ms"": 8, ""age_max_ms"": 8}",LAT TX seq=5303 age_min_ms=8 age_max_ms=8
233296490000,screen,RX,5303,{},I (796470) LAT: RX seq=5303
233310087100,sensor,RTT,5303,"{""us"": 5809}",LAT RTT seq=5303 us=5809
233390898000,sensor,TX,5304,"{""age_min_ms"": 16, ""age_max_ms"": 16}",LAT TX seq=5304 age_min_ms=16 age_max_ms=16
233396398000,screen,RX,5304,{},I (796570) LAT: RX seq=5304
233410072000,sensor,RTT,5304,"{""us"": 5521}",LAT RTT seq=5304 us=5521
233490884000,sensor,TX,5305,"{""age_min_ms"": 8, ""age_max_ms"": 8}",LAT TX seq=5305 age_min_ms=8 age_max_ms=8
233495825500,screen,RX,5305,{},I (796670) LAT: RX seq=5305
233510058700,sensor,RTT,5305,"{""us"": 4412}",LAT RTT seq=5305 us=4412
233591105700,sensor,TX,5306,"{""age_min_ms"": 8, ""age_max_ms"": 8}",LAT TX seq=5306 age_min_ms=8 age_max_ms=8
233595591500,screen,RX,5306,{},I (796770) LAT: RX seq=5306
233610057700,sensor,RTT,5306,"{""us"": 5367}",LAT RTT seq=5306 us=5367
233690984900,sensor,TX,5307,"{""age_min_ms"": 8, ""age_max_ms"": 8}",LAT TX seq=5307 age_min_ms=8 age_max_ms=8
233695838500,screen,RX,5307,{},I (796870) LAT: RX seq=5307
233711054300,sensor,RTT,5307,"{""us"": 4305}",LAT RTT seq=5307 us=4305
233791899100,sensor,TX,5308,"{""age_min_ms"": 18, ""age_max_ms"": 18}",LAT TX seq=5308 age_min_ms=18 age_max_ms=18
233796345900,screen,RX,5308,{},I (796970) LAT: RX seq=5308
233812050100,sensor,RTT,5308,"{""us"": 5449}",LAT RTT seq=5308 us=5449
233892883100,sensor,TX,5309,"{""age_min_ms"": 18, ""age_max_ms"": 18}",LAT TX seq=5309 age_min_ms=18 age_max_ms=18
233897046300,screen,RX,5309,{},I (797070) LAT: RX seq=5309
233913045000,sensor,RTT,5309,"{""us"": 3939}",LAT RTT seq=5309 us=3939
233993919400,sensor,TX,5310,"{""age_min_ms"": 119, ""age_max_ms"": 119}",LAT TX seq=5310 age_min_ms=119 age_max_ms=119
234001332700,screen,RX,5310,{},I (797170) LAT: RX seq=5310
234013014200,sensor,RTT,5310,"{""us"": 8691}",LAT RTT seq=5310 us=8691
234093980700,sensor,TX,5311,"{""age_min_ms"": 78, ""age_max_ms"": 78}",LAT TX seq=5311 age_min_ms=78 age_max_ms=78
234098476700,screen,RX,5311,{},I (797270) LAT: RX seq=5311
234114067100,sensor,RTT,5311,"{""us"": 3619}",LAT RTT seq=5311 us=3619
234194864200,sensor,TX,5312,"{""age_min_ms"": 21, ""age_max_ms"": 21}",LAT TX seq=5312 age_min_ms=21 age_max_ms=21
234199005600,screen,RX,5312,{},I (797370) LAT: RX seq=5312
234215071300,sensor,RTT,5312,"{""us"": 3953}",LAT RTT seq=5312 us=3953
234295886100,sensor,TX,5313,"{""age_min_ms"": 22, ""age_max_ms"": 22}",LAT TX seq=5313 age_min_ms=22 age_max_ms=22
234300569100,screen,RX,5313,{},I (797470) LAT: RX seq=5313
234314990800,sensor,RTT,5313,"{""us"": 6813}",LAT RTT seq=5313 us=6813
234395945000,sensor,TX,5314,"{""age_min_ms"": 21, ""age_max_ms"": 21}",LAT TX seq=5314 age_min_ms=21 age_max_ms=21
234400414700,screen,RX,5314,{},I (797570) LAT: RX seq=5314
234415048500,sensor,RTT,5314,"{""us"": 3695}",LAT RTT seq=5314 us=3695
234495836100,sensor,TX,5315,"{""age_min_ms"": 22, ""age_max_ms"": 22}",LAT TX seq=5315 age_min_ms=22 age_max_ms=22
234500953900,screen,RX,5315,{},I (797670) LAT: RX seq=5315
234515098900,sensor,RTT,5315,"{""us"": 10474}",LAT RTT seq=5315 us=10474
234595998600,sensor,TX,5316,"{""age_min_ms"": 21, ""age_max_ms"": 21}",LAT TX seq=5316 age_min_ms=21 age_max_ms=21
234602341800,screen,RX,5316,{},I (797780) LAT: RX seq=5316
234615000900,sensor,RTT,5316,"{""us"": 6891}",LAT RTT seq=5316 us=6891
234695879100,sensor,TX,5317,"{""age_min_ms"": 22, ""age_max_ms"": 22}",LAT TX seq=5317 age_min_ms=22 age_max_ms=22
234700054200,screen,RX,5317,{},I (797870) LAT: RX seq=5317
234715903100,sensor,RTT,5317,"{""us"": 3765}",LAT RTT seq=5317 us=3765
234796836800,sensor,TX,5318,"{""age_min_ms"": 23, ""age_max_ms"": 23}",LAT TX seq=5318 age_min_ms=23 age_max_ms=23
234801939100,screen,RX,5318,{},I (797970) LAT: RX seq=5318
234816877500,sensor,RTT,5318,"{""us"": 4543}",LAT RTT seq=5318 us=4543
234897829100,sensor,TX,5319,"{""age_min_ms"": 24, ""age_max_ms"": 24}",LAT TX seq=5319 age_min_ms=24 age_max_ms=24
234902095000,screen,RX,5319,{},I (798080) LAT: RX seq=5319
234918050700,sensor,RTT,5319,"{""us"": 3285}",LAT RTT seq=5319 us=3285
234998773100,sensor,TX,5320,"{""age_min_ms"": 125, ""age_max_ms"": 125}",LAT TX seq=5320 age_min_ms=125 age_max_ms=125
235003914500,screen,RX,5320,{},I (798180) LAT: RX seq=5320
235018019200,sensor,RTT,5320,"{""us"": 5768}",LAT RTT seq=5320 us=5768
235098885400,sensor,TX,5321,"{""age_min_ms"": 84, ""age_max_ms"": 84}",LAT TX seq=5321 age_min_ms=84 age_max_ms=84
235103968800,screen,RX,5321,{},I (798280) LAT: RX seq=5321
235118109800,sensor,RTT,5321,"{""us"": 4287}",LAT RTT seq=5321 us=4287
235198874700,sensor,TX,5322,"{""age_min_ms"": 25, ""age_max_ms"": 25}",LAT TX seq=5322 age_min_ms=25 age_max_ms=25
235206766500,screen,RX,5322,{},I (798380) LAT: RX seq=5322
235218052900,sensor,RTT,5322,"{""us"": 7846}",LAT RTT seq=5322 us=7846
235298827300,sensor,TX,5323,"{""age_min_ms"": 25, ""age_max_ms"": 25}",LAT TX seq=5323 age_min_ms=25 age_max_ms=25
235303343400,screen,RX,5323,{},I (798480) LAT: RX seq=5323
235319029900,sensor,RTT,5323,"{""us"": 3579}",LAT RTT seq=5323 us=3579
235399859800,sensor,TX,5324,"{""age_min_ms"": 26, ""age_max_ms"": 26}",LAT TX seq=5324 age_min_ms=26 age_max_ms=26
235404939100,screen,RX,5324,{},I (798580) LAT: RX seq=5324
235420067800,sensor,RTT,5324,"{""us"": 4104}",LAT RTT seq=5324 us=4104
235501024900,sensor,TX,5325,"{""age_min_ms"": 26, ""age_max_ms"": 26}",LAT TX seq=5325 age_min_ms=26 age_max_ms=26
235505533700,screen,RX,5325,{},I (798680) LAT: RX seq=5325
235520016700,sensor,RTT,5325,"{""us"": 3993}",LAT RTT seq=5325 us=3993
235600908300,sensor,TX,5326,"{""age_min_ms"": 26, ""age_max_ms"": 26}",LAT TX seq=5326 age_min_ms=26 age_max_ms=26
235608214600,screen,RX,5326,{},I (798780) LAT: RX seq=5326
235619962800,sensor,RTT,5326,"{""us"": 9437}",LAT RTT seq=5326 us=9437
235700854400,sensor,TX,5327,"{""age_min_ms"": 27, ""age_max_ms"": 27}",LAT TX seq=5327 age_min_ms=27 age_max_ms=27
235707090400,screen,RX,5327,{},I (798880) LAT: RX seq=5327
235720997200,sensor,RTT,5327,"{""us"": 5271}",LAT RTT seq=5327 us=5271
235801937900,sensor,TX,5328,"{""age_min_ms"": 28, ""age_max_ms"": 28}",LAT TX seq=5328 age_min_ms=28 age_max_ms=28
235806720900,screen,RX,5328,{},I (798980) LAT: RX seq=5328
235822024900,sensor,RTT,5328,"{""us"": 3886}",LAT RTT seq=5328 us=3886
235903041500,sensor,TX,5329,"{""age_min_ms"": 28, ""age_max_ms"": 28}",LAT TX seq=5329 age_min_ms=28 age_max_ms=28
235906964400,screen,RX,5329,{},I (799080) LAT: RX seq=5329
235923040900,sensor,RTT,5329,"{""us"": 3092}",LAT RTT seq=5329 us=3092
236003878300,sensor,TX,5330,"{""age_min_ms"": 129, ""age_max_ms"": 129}",LAT TX seq=5330 age_min_ms=129 age_max_ms=129
236008787100,screen,RX,5330,{},I (799180) LAT: RX seq=5330
236023030100,sensor,RTT,5330,"{""us"": 3993}",LAT RTT seq=5330 us=3993
236103934100,sensor,TX,5331,"{""age_min_ms"": 88, ""age_max_ms"": 88}",LAT TX seq=5331 age_min_ms=88 age_max_ms=88
236109141200,screen,RX,5331,{},I (799280) LAT: RX seq=5331
236123028200,sensor,RTT,5331,"{""us"": 4871}",LAT RTT seq=5331 us=4871
236203946200,sensor,TX,5332,"{""age_min_ms"": 29, ""age_max_ms"": 29}",LAT TX seq=5332 age_min_ms=29 age_max_ms=29
236208507500,screen,RX,5332,{},I (799380) LAT: RX seq=5332
236223000600,sensor,RTT,5332,"{""us"": 3688}",LAT RTT seq=5332 us=3688
236303810000,sensor,TX,5333,"{""age_min_ms"": 29, ""age_max_ms"": 29}",LAT TX seq=5333 age_min_ms=29 age_max_ms=29
236310893500,screen,RX,5333,{},I (799480) LAT: RX seq=5333
236323201600,sensor,RTT,5333,"{""us"": 7523}",LAT RTT seq=5333 us=7523
236403840100,sensor,TX,5334,"{""age_min_ms"": 29, ""age_max_ms"": 29}",LAT TX seq=5334 age_min_ms=29 age_max_ms=29
236409020500,screen,RX,5334,{},I (799580) LAT: RX seq=5334
236422973600,sensor,RTT,5334,"{""us"": 4953}",LAT RTT seq=5334 us=4953
236503889300,sensor,TX,5335,"{""age_min_ms"": 29, ""age_max_ms"": 29}",LAT TX seq=5335 age_min_ms=29 age_max_ms=29
236510535500,screen,RX,5335,{},I (799680) LAT: RX seq=5335
236523025400,sensor,RTT,5335,"{""us"": 5696}",LAT RTT seq=5335 us=5696
236603978700,sensor,TX,5336,"{""age_min_ms"": 29, ""age_max_ms"": 29}",LAT TX seq=5336 age_min_ms=29 age_max_ms=29
236607935800,screen,RX,5336,{},I (799780) LAT: RX seq=5336
236622911900,sensor,RTT,5336,"{""us"": 3990}",LAT RTT seq=5336 us=3990
236704041900,sensor,TX,5337,"{""age_min_ms"": 29, ""age_max_ms"": 29}",LAT TX seq=5337 age_min_ms=29 age_max_ms=29
236710100500,screen,RX,5337,{},I (799880) LAT: RX seq=5337
236723987000,sensor,RTT,5337,"{""us"": 8141}",LAT RTT seq=5337 us=8141
236804837300,sensor,TX,5338,"{""age_min_ms"": 30, ""age_max_ms"": 30}",LAT TX seq=5338 age_min_ms=30 age_max_ms=30
236809819300,screen,RX,5338,{},I (799980) LAT: RX seq=5338
236824964300,sensor,RTT,5338,"{""us"": 5112}",LAT RTT seq=5338 us=5112
236905840900,sensor,TX,5339,"{""age_min_ms"": 31, ""age_max_ms"": 31}",LAT TX seq=5339 age_min_ms=31 age_max_ms=31
236909988700,screen,RX,5339,{},I (800080) LAT: RX seq=5339
236926022100,sensor,RTT,5339,"{""us"": 4652}",LAT RTT seq=5339 us=4652
237006803700,sensor,TX,5340,"{""age_min_ms"": 132, ""age_max_ms"": 132}",LAT TX seq=5340 age_min_ms=132 age_max_ms=132
237011395800,screen,RX,5340,{},I (800180) LAT: RX seq=5340
237091802900,sensor,RTT,5340,"{""us"": 3508}",LAT RTT seq=5340 us=3508
237106841000,sensor,TX,5341,"{""age_min_ms"": 91, ""age_max_ms"": 91}",LAT TX seq=5341 age_min_ms=91 age_max_ms=91
237110940000,screen,RX,5341,{},I (800280) LAT: RX seq=5341
237126036800,sensor,RTT,5341,"{""us"": 3348}",LAT RTT seq=5341 us=3348
237206835500,sensor,TX,5342,"{""age_min_ms"": 32, ""age_max_ms"": 32}",LAT TX seq=5342 age_min_ms=32 age_max_ms=32
237212999100,screen,RX,5342,{},I (800390) LAT: RX seq=5342
237226090700,sensor,RTT,5342,"{""us"": 6139}",LAT RTT seq=5342 us=6139
237306873100,sensor,TX,5343,"{""age_min_ms"": 32, ""age_max_ms"": 32}",LAT TX seq=5343 age_min_ms=32 age_max_ms=32
237310953000,screen,RX,5343,{},I (800480) LAT: RX seq=5343
237326075700,sensor,RTT,5343,"{""us"": 3853}",LAT RTT seq=5343 us=3853
237406846500,sensor,TX,5344,"{""age_min_ms"": 33, ""age_max_ms"": 33}",LAT TX seq=5344 age_min_ms=33 age_max_ms=33
237411678700,screen,RX,5344,{},I (800580) LAT: RX seq=5344
237427026200,sensor,RTT,5344,"{""us"": 5653}",LAT RTT seq=5344 us=5653
237508059600,sensor,TX,5345,"{""age_min_ms"": 25, ""age_max_ms"": 25}",LAT TX seq=5345 age_min_ms=25 age_max_ms=25
237512294000,screen,RX,5345,{},I (800690) LAT: RX seq=5345
237528091700,sensor,RTT,5345,"{""us"": 3453}",LAT RTT seq=5345 us=3453
237608911600,sensor,TX,5346,"{""age_min_ms"": 26, ""age_max_ms"": 26}",LAT TX seq=5346 age_min_ms=26 age_max_ms=26
237612944000,screen,RX,5346,{},I (800790) LAT: RX seq=5346
237627953900,sensor,RTT,5346,"{""us"": 3860}",LAT RTT seq=5346 us=3860
237712944800,screen,RX,5347,{},I (800890) LAT: RX seq=5347
237728955800,sensor,RTT,5347,"{""us"": 3900}",LAT RTT seq=5347 us=3900
237809975300,sensor,TX,5348,"{""age_min_ms"": 27, ""age_max_ms"": 27}",LAT TX seq=5348 age_min_ms=27 age_max_ms=27
237814325400,screen,RX,5348,{},I (800990) LAT: RX seq=5348
237829994500,sensor,RTT,5348,"{""us"": 5248}",LAT RTT seq=5348 us=5248
237910831900,sensor,TX,5349,"{""age_min_ms"": 28, ""age_max_ms"": 28}",LAT TX seq=5349 age_min_ms=28 age_max_ms=28
237915991500,screen,RX,5349,{},I (801090) LAT: RX seq=5349
237929996600,sensor,RTT,5349,"{""us"": 4177}",LAT RTT seq=5349 us=4177
238010776600,sensor,TX,5350,"{""age_min_ms"": 128, ""age_max_ms"": 128}",LAT TX seq=5350 age_min_ms=128 age_max_ms=128
238016595100,screen,RX,5350,{},I (801190) LAT: RX seq=5350
238030206400,sensor,RTT,5350,"{""us"": 4957}",LAT RTT seq=5350 us=4957
238111297500,sensor,TX,5351,"{""age_min_ms"": 87, ""age_max_ms"": 87}",LAT TX seq=5351 age_min_ms=87 age_max_ms=87
238116728700,screen,RX,5351,{},I (801290) LAT: RX seq=5351
238130504900,sensor,RTT,5351,"{""us"": 5335}",LAT RTT seq=5351 us=5335
238211329600,sensor,TX,5352,"{""age_min_ms"": 28, ""age_max_ms"": 28}",LAT TX seq=5352 age_min_ms=28 age_max_ms=28
238216457800,screen,RX,5352,{},I (801390) LAT: RX seq=5352
238230510000,sensor,RTT,5352,"{""us"": 3965}",LAT RTT seq=5352 us=3965
238311802600,sensor,TX,5353,"{""age_min_ms"": 28, ""age_max_ms"": 28}",LAT TX seq=5353 age_min_ms=28 age_max_ms=28
238316416900,screen,RX,5353,{},I (801490) LAT: RX seq=5353
238330542300,sensor,RTT,5353,"{""us"": 3965}",LAT RTT seq=5353 us=3965
238411064300,sensor,TX,5354,"{""age_min_ms"": 28, ""age_max_ms"": 28}",LAT TX seq=5354 age_min_ms=28 age_max_ms=28
238415845400,screen,RX,5354,{},I (801590) LAT: RX seq=5354
238430289200,sensor,RTT,5354,"{""us"": 4596}",LAT RTT seq=5354 us=4596
238511080100,sensor,TX,5355,"{""age_min_ms"": 28, ""age_max_ms"": 28}",LAT TX seq=5355 age_min_ms=28 age_max_ms=28
238515561900,screen,RX,5355,{},I (801690) LAT: RX seq=5355
238530047800,sensor,RTT,5355,"{""us"": 5509}",LAT RTT seq=5355 us=5509
238611381400,sensor,TX,5356,"{""age_min_ms"": 36, ""age_max_ms"": 36}",LAT TX seq=5356 age_min_ms=36 age_max_ms=36
238615555500,screen,RX,5356,{},I (801790) LAT: RX seq=5356
238631209900,sensor,RTT,5356,"{""us"": 3969}",LAT RTT seq=5356 us=3969
238712407600,sensor,TX,5357,"{""age_min_ms"": 37, ""age_max_ms"": 37}",LAT TX seq=5357 age_min_ms=37 age_max_ms=37
238716615200,screen,RX,5357,{},I (801890) LAT: RX seq=5357
238732628500,sensor,RTT,5357,"{""us"": 6853}",LAT RTT seq=5357 us=6853
238813511600,sensor,TX,5358,"{""age_min_ms"": 30, ""age_max_ms"": 30}",LAT TX seq=5358 age_min_ms=30 age_max_ms=30
238817285600,screen,RX,5358,{},I (801990) LAT: RX seq=5358
238832513400,sensor,RTT,5358,"{""us"": 3963}",LAT RTT seq=5358 us=3963
238913407200,sensor,TX,5359,"{""age_min_ms"": 38, ""age_max_ms"": 38}",LAT TX seq=5359 age_min_ms=38 age_max_ms=38
238917628600,screen,RX,5359,{},I (802090) LAT: RX seq=5359
238932364500,sensor,RTT,5359,"{""us"": 3946}",LAT RTT seq=5359 us=3946
239013382800,sensor,TX,5360,"{""age_min_ms"": 138, ""age_max_ms"": 138}",LAT TX seq=5360 age_min_ms=138 age_max_ms=138
239019275200,screen,RX,5360,{},I (802190) LAT: RX seq=5360
239032642700,sensor,RTT,5360,"{""us"": 4694}",LAT RTT seq=5360 us=4694
239113202500,sensor,TX,5361,"{""age_min_ms"": 89, ""age_max_ms"": 89}",LAT TX seq=5361 age_min_ms=89 age_max_ms=89
239118807400,screen,RX,5361,{},I (802290) LAT: RX seq=5361
239133616700,sensor,RTT,5361,"{""us"": 4422}",LAT RTT seq=5361 us=4422
239214497900,sensor,TX,5362,"{""age_min_ms"": 31, ""age_max_ms"": 31}",LAT TX seq=5362 age_min_ms=31 age_max_ms=31
239221218600,screen,RX,5362,{},I (802390) LAT: RX seq=5362
239233359600,sensor,RTT,5362,"{""us"": 7898}",LAT RTT seq=5362 us=7898
239314232400,sensor,TX,5363,"{""age_min_ms"": 31, ""age_max_ms"": 31}",LAT TX seq=5363 age_min_ms=31 age_max_ms=31
239318186800,screen,RX,5363,{},I (802490) LAT: RX seq=5363
239334345500,sensor,RTT,5363,"{""us"": 4269}",LAT RTT seq=5363 us=4269
239414996300,sensor,TX,5364,"{""age_min_ms"": 39, ""age_max_ms"": 39}",LAT TX seq=5364 age_min_ms=39 age_max_ms=39
239420138700,screen,RX,5364,{},I (802590) LAT: RX seq=5364
239435367500,sensor,RTT,5364,"{""us"": 5733}",LAT RTT seq=5364 us=5733
239516059900,sensor,TX,5365,"{""age_min_ms"": 40, ""age_max_ms"": 40}",LAT TX seq=5365 age_min_ms=40 age_max_ms=40
239520239200,screen,RX,5365,{},I (802690) LAT: RX seq=5365
239535018700,sensor,RTT,5365,"{""us"": 5144}",LAT RTT seq=5365 us=5144
239621686300,screen,RX,5366,{},I (802790) LAT: RX seq=5366
239634971200,sensor,RTT,5366,"{""us"": 5012}",LAT RTT seq=5366 us=5012
239716081200,sensor,TX,5367,"{""age_min_ms"": 41, ""age_max_ms"": 41}",LAT TX seq=5367 age_min_ms=41 age_max_ms=41
239720655700,screen,RX,5367,{},I (802890) LAT: RX seq=5367
239736089600,sensor,RTT,5367,"{""us"": 4451}",LAT RTT seq=5367 us=4451
239817123500,sensor,TX,5368,"{""age_min_ms"": 42, ""age_max_ms"": 42}",LAT TX seq=5368 age_min_ms=42 age_max_ms=42
239822188800,screen,RX,5368,{},I (802990) LAT: RX seq=5368
239836346800,sensor,RTT,5368,"{""us"": 3965}",LAT RTT seq=5368 us=3965
239917319200,sensor,TX,5369,"{""age_min_ms"": 42, ""age_max_ms"": 42}",LAT TX seq=5369 age_min_ms=42 age_max_ms=42
239922268400,screen,RX,5369,{},I (803090) LAT: RX seq=5369
239936530300,sensor,RTT,5369,"{""us"": 3924}",LAT RTT seq=5369 us=3924
240017098100,sensor,TX,5370,"{""age_min_ms"": 1, ""age_max_ms"": 1}",LAT TX seq=5370 age_min_ms=1 age_max_ms=1
240022861800,screen,RX,5370,{},I (803200) LAT: RX seq=5370
240036300400,sensor,RTT,5370,"{""us"": 5426}",LAT RTT seq=5370 us=5426
240116940700,sensor,TX,5371,"{""age_min_ms"": 101, ""age_max_ms"": 101}",LAT TX seq=5371 age_min_ms=101 age_max_ms=101
240121232700,screen,RX,5371,{},I (803290) LAT: RX seq=5371
240136443900,sensor,RTT,5371,"{""us"": 3042}",LAT RTT seq=5371 us=3042
240216760700,sensor,TX,5372,"{""age_min_ms"": 34, ""age_max_ms"": 34}",LAT TX seq=5372 age_min_ms=34 age_max_ms=34
240222050000,screen,RX,5372,{},I (803390) LAT: RX seq=5372
240236050000,sensor,RTT,5372,"{""us"": 3887}",LAT RTT seq=5372 us=3887
240316836100,sensor,TX,5373,"{""age_min_ms"": 42, ""age_max_ms"": 42}",LAT TX seq=5373 age_min_ms=42 age_max_ms=42
240321984000,screen,RX,5373,{},I (803490) LAT: RX seq=5373
240336202900,sensor,RTT,5373,"{""us"": 4091}",LAT RTT seq=5373 us=4091
240417291200,sensor,TX,5374,"{""age_min_ms"": 41, ""age_max_ms"": 41}",LAT TX seq=5374 age_min_ms=41 age_max_ms=41
240422931500,screen,RX,5374,{},I (803600) LAT: RX seq=5374
240436152200,sensor,RTT,5374,"{""us"": 4736}",LAT RTT seq=5374 us=4736
240517190200,sensor,TX,5375,"{""age_min_ms"": 42, ""age_max_ms"": 42}",LAT TX seq=5375 age_min_ms=42 age_max_ms=42
240523819200,screen,RX,5375,{},I (803700) LAT: RX seq=5375
240536141300,sensor,RTT,5375,"{""us"": 7424}",LAT RTT seq=5375 us=7424
240616884500,sensor,TX,5376,"{""age_min_ms"": 43, ""age_max_ms"": 43}",LAT TX seq=5376 age_min_ms=43 age_max_ms=43
240621811400,screen,RX,5376,{},I (803790) LAT: RX seq=5376
240637231700,sensor,RTT,5376,"{""us"": 3835}",LAT RTT seq=5376 us=3835
240718404800,sensor,TX,5377,"{""age_min_ms"": 44, ""age_max_ms"": 44}",LAT TX seq=5377 age_min_ms=44 age_max_ms=44
240724694800,screen,RX,5377,{},I (803900) LAT: RX seq=5377
240738826800,sensor,RTT,5377,"{""us"": 5104}",LAT RTT seq=5377 us=5104
240819520200,sensor,TX,5378,"{""age_min_ms"": 45, ""age_max_ms"": 45}",LAT TX seq=5378 age_min_ms=45 age_max_ms=45
240824083500,screen,RX,5378,{},I (804000) LAT: RX seq=5378
240839401300,sensor,RTT,5378,"{""us"": 4599}",LAT RTT seq=5378 us=4599
240920433600,sensor,TX,5379,"{""age_min_ms"": 54, ""age_max_ms"": 54}",LAT TX seq=5379 age_min_ms=54 age_max_ms=54
240926332000,screen,RX,5379,{},I (804100) LAT: RX seq=5379
240939587600,sensor,RTT,5379,"{""us"": 5560}",LAT RTT seq=5379 us=5560
241020427500,sensor,TX,5380,"{""age_min_ms"": 5, ""age_max_ms"": 5}",LAT TX seq=5380 age_min_ms=5 age_max_ms=5
241024222200,screen,RX,5380,{},I (804200) LAT: RX seq=5380
241039874900,sensor,RTT,5380,"{""us"": 3720}",LAT RTT seq=5380 us=3720
241120408300,sensor,TX,5381,"{""age_min_ms"": 3, ""age_max_ms"": 3}",LAT TX seq=5381 age_min_ms=3 age_max_ms=3
241124671200,screen,RX,5381,{},I (804300) LAT: RX seq=5381
241140692800,sensor,RTT,5381,"{""us"": 4177}",LAT RTT seq=5381 us=4177
241221694900,sensor,TX,5382,"{""age_min_ms"": 46, ""age_max_ms"": 46}",LAT TX seq=5382 age_min_ms=46 age_max_ms=46
241228381300,screen,RX,5382,{},I (804400) LAT: RX seq=5382
241241317600,sensor,RTT,5382,"{""us"": 6439}",LAT RTT seq=5382 us=6439
241322475300,sensor,TX,5383,"{""age_min_ms"": 48, ""age_max_ms"": 48}",LAT TX seq=5383 age_min_ms=48 age_max_ms=48
241326746700,screen,RX,5383,{},I (804500) LAT: RX seq=5383
241341459800,sensor,RTT,5383,"{""us"": 3268}",LAT RTT seq=5383 us=3268
241422429300,sensor,TX,5384,"{""age_min_ms"": 46, ""age_max_ms"": 46}",LAT TX seq=5384 age_min_ms=46 age_max_ms=46
241426343100,screen,RX,5384,{},I (804600) LAT: RX seq=5384
241441706000,sensor,RTT,5384,"{""us"": 3976}",LAT RTT seq=5384 us=3976
241522531000,sensor,TX,5385,"{""age_min_ms"": 48, ""age_max_ms"": 48}",LAT TX seq=5385 age_min_ms=48 age_max_ms=48
241526685900,screen,RX,5385,{},I (804700) LAT: RX seq=5385
241541403100,sensor,RTT,5385,"{""us"": 3981}",LAT RTT seq=5385 us=3981
241622170800,sensor,TX,5386,"{""age_min_ms"": 48, ""age_max_ms"": 48}",LAT TX seq=5386 age_min_ms=48 age_max_ms=48
241626971500,screen,RX,5386,{},I (804800) LAT: RX seq=5386
241642267900,sensor,RTT,5386,"{""us"": 5951}",LAT RTT seq=5386 us=5951
241723633000,sensor,TX,5387,"{""age_min_ms"": 48, ""age_max_ms"": 48}",LAT TX seq=5387 age_min_ms=48 age_max_ms=48
241727359400,screen,RX,5387,{},I (804900) LAT: RX seq=5387
241742432600,sensor,RTT,5387,"{""us"": 3979}",LAT RTT seq=5387 us=3979
241823068300,sensor,TX,5388,"{""age_min_ms"": 49, ""age_max_ms"": 49}",LAT TX seq=5388 age_min_ms=49 age_max_ms=49
241828029800,screen,RX,5388,{},I (805000) LAT: RX seq=5388
241843436500,sensor,RTT,5388,"{""us"": 6739}",LAT RTT seq=5388 us=6739
241924372700,sensor,TX,5389,"{""age_min_ms"": 50, ""age_max_ms"": 50}",LAT TX seq=5389 age_min_ms=50 age_max_ms=50
241928440600,screen,RX,5389,{},I (805100) LAT: RX seq=5389
241943854000,sensor,RTT,5389,"{""us"": 3234}",LAT RTT seq=5389 us=3234
242023999400,sensor,TX,5390,"{""age_min_ms"": 9, ""age_max_ms"": 9}",LAT TX seq=5390 age_min_ms=9 age_max_ms=9
242028142800,screen,RX,5390,{},I (805200) LAT: RX seq=5390
242044114900,sensor,RTT,5390,"{""us"": 3222}",LAT RTT seq=5390 us=3222
242125149500,sensor,TX,5391,"{""age_min_ms"": 10, ""age_max_ms"": 10}",LAT TX seq=5391 age_min_ms=10 age_max_ms=10
242130535600,screen,RX,5391,{},I (805300) LAT: RX seq=5391
242145036700,sensor,RTT,5391,"{""us"": 6696}",LAT RTT seq=5391 us=6696
242226005900,sensor,TX,5392,"{""age_min_ms"": 52, ""age_max_ms"": 52}",LAT TX seq=5392 age_min_ms=52 age_max_ms=52
242230247400,screen,RX,5392,{},I (805400) LAT: RX seq=5392
242245237000,sensor,RTT,5392,"{""us"": 5966}",LAT RTT seq=5392 us=5966
242326106300,sensor,TX,5393,"{""age_min_ms"": 52, ""age_max_ms"": 52}",LAT TX seq=5393 age_min_ms=52 age_max_ms=52
242330313300,screen,RX,5393,{},I (805500) LAT: RX seq=5393
242345028800,sensor,RTT,5393,"{""us"": 6823}",LAT RTT seq=5393 us=6823
242426006500,sensor,TX,5394,"{""age_min_ms"": 52, ""age_max_ms"": 52}",LAT TX seq=5394 age_min_ms=52 age_max_ms=52
242430219900,screen,RX,5394,{},I (805600) LAT: RX seq=5394
242445099600,sensor,RTT,5394,"{""us"": 3161}",LAT RTT seq=5394 us=3161
242525981900,sensor,TX,5395,"{""age_min_ms"": 51, ""age_max_ms"": 51}",LAT TX seq=5395 age_min_ms=51 age_max_ms=51
242530041900,screen,RX,5395,{},I (805700) LAT: RX seq=5395
242545213200,sensor,RTT,5395,"{""us"": 3060}",LAT RTT seq=5395 us=3060
242626417800,sensor,TX,5396,"{""age_min_ms"": 51, ""age_max_ms"": 51}",LAT TX seq=5396 age_min_ms=51 age_max_ms=51
242632060900,screen,RX,5396,{},I (805800) LAT: RX seq=5396
242646317800,sensor,RTT,5396,"{""us"": 5025}",LAT RTT seq=5396 us=5025
242727293500,sensor,TX,5397,"{""age_min_ms"": 52, ""age_max_ms"": 52}",LAT TX seq=5397 age_min_ms=52 age_max_ms=52
242731917400,screen,RX,5397,{},I (805900) LAT: RX seq=5397
242747406500,sensor,RTT,5397,"{""us"": 3721}",LAT RTT seq=5397 us=3721
242827986400,sensor,TX,5398,"{""age_min_ms"": 53, ""age_max_ms"": 53}",LAT TX seq=5398 age_min_ms=53 age_max_ms=53
242832056800,screen,RX,5398,{},I (806010) LAT: RX seq=5398
242848206000,sensor,RTT,5398,"{""us"": 3845}",LAT RTT seq=5398 us=3845
242929224000,sensor,TX,5399,"{""age_min_ms"": 55, ""age_max_ms"": 55}",LAT TX seq=5399 age_min_ms=55 age_max_ms=55
242933873200,screen,RX,5399,{},I (806110) LAT: RX seq=5399
242948185000,sensor,RTT,5399,"{""us"": 3985}",LAT RTT seq=5399 us=3985
243028964100,sensor,TX,5400,"{""age_min_ms"": 13, ""age_max_ms"": 13}",LAT TX seq=5400 age_min_ms=13 age_max_ms=13
243033826000,screen,RX,5400,{},I (806210) LAT: RX seq=5400
243049431900,sensor,RTT,5400,"{""us"": 3761}",LAT RTT seq=5400 us=3761
243130320700,sensor,TX,5401,"{""age_min_ms"": 14, ""age_max_ms"": 14}",LAT TX seq=5401 age_min_ms=14 age_max_ms=14
243135883500,screen,RX,5401,{},I (806310) LAT: RX seq=5401
243150225600,sensor,RTT,5401,"{""us"": 5071}",LAT RTT seq=5401 us=5071
243230799500,sensor,TX,5402,"{""age_min_ms"": 56, ""age_max_ms"": 56}",LAT TX seq=5402 age_min_ms=56 age_max_ms=56
243236105000,screen,RX,5402,{},I (806410) LAT: RX seq=5402
243250776600,sensor,RTT,5402,"{""us"": 5618}",LAT RTT seq=5402 us=5618
243331122900,sensor,TX,5403,"{""age_min_ms"": 56, ""age_max_ms"": 56}",LAT TX seq=5403 age_min_ms=56 age_max_ms=56
243335978000,screen,RX,5403,{},I (806510) LAT: RX seq=5403
243350548600,sensor,RTT,5403,"{""us"": 5116}",LAT RTT seq=5403 us=5116
243431237300,sensor,TX,5404,"{""age_min_ms"": 56, ""age_max_ms"": 56}",LAT TX seq=5404 age_min_ms=56 age_max_ms=56
243436595000,screen,RX,5404,{},I (806610) LAT: RX seq=5404
243450123700,sensor,RTT,5404,"{""us"": 6063}",LAT RTT seq=5404 us=6063
243530861600,sensor,TX,5405,"{""age_min_ms"": 56, ""age_max_ms"": 56}",LAT TX seq=5405 age_min_ms=56 age_max_ms=56
243535056000,screen,RX,5405,{},I (806710) LAT: RX seq=5405
243550545400,sensor,RTT,5405,"{""us"": 3919}",LAT RTT seq=5405 us=3919
243631233800,sensor,TX,5406,"{""age_min_ms"": 56, ""age_max_ms"": 56}",LAT TX seq=5406 age_min_ms=56 age_max_ms=56
243636480600,screen,RX,5406,{},I (806810) LAT: RX seq=5406
243651792100,sensor,RTT,5406,"{""us"": 5430}",LAT RTT seq=5406 us=5430
243732280300,sensor,TX,5407,"{""age_min_ms"": 57, ""age_max_ms"": 57}",LAT TX seq=5407 age_min_ms=57 age_max_ms=57
243736684200,screen,RX,5407,{},I (806910) LAT: RX seq=5407
243751202100,sensor,RTT,5407,"{""us"": 3460}",LAT RTT seq=5407 us=3460
243836467400,screen,RX,5408,{},I (807010) LAT: RX seq=5408
243851475800,sensor,RTT,5408,"{""us"": 5478}",LAT RTT seq=5408 us=5478
243931824300,sensor,TX,5409,"{""age_min_ms"": 57, ""age_max_ms"": 57}",LAT TX seq=5409 age_min_ms=57 age_max_ms=57
243936140800,screen,RX,5409,{},I (807110) LAT: RX seq=5409
243951514800,sensor,RTT,5409,"{""us"": 4281}",LAT RTT seq=5409 us=4281
244032205300,sensor,TX,5410,"{""age_min_ms"": 16, ""age_max_ms"": 16}",LAT TX seq=5410 age_min_ms=16 age_max_ms=16
244038229200,screen,RX,5410,{},I (807210) LAT: RX seq=5410
244052217200,sensor,RTT,5410,"{""us"": 6522}",LAT RTT seq=5410 us=6522
244133449500,sensor,TX,5411,"{""age_min_ms"": 17, ""age_max_ms"": 17}",LAT TX seq=5411 age_min_ms=17 age_max_ms=17
244138056300,screen,RX,5411,{},I (807310) LAT: RX seq=5411
244153383700,sensor,RTT,5411,"{""us"": 3999}",LAT RTT seq=5411 us=3999
244234250600,sensor,TX,5412,"{""age_min_ms"": 59, ""age_max_ms"": 59}",LAT TX seq=5412 age_min_ms=59 age_max_ms=59
244238286100,screen,RX,5412,{},I (807410) LAT: RX seq=5412
244253448900,sensor,RTT,5412,"{""us"": 5569}",LAT RTT seq=5412 us=5569
244334388700,sensor,TX,5413,"{""age_min_ms"": 59, ""age_max_ms"": 59}",LAT TX seq=5413 age_min_ms=59 age_max_ms=59
244338591300,screen,RX,5413,{},I (807510) LAT: RX seq=5413
244353431600,sensor,RTT,5413,"{""us"": 3032}",LAT RTT seq=5413 us=3032
244434286100,sensor,TX,5414,"{""age_min_ms"": 59, ""age_max_ms"": 59}",LAT TX seq=5414 age_min_ms=59 age_max_ms=59
244440090300,screen,RX,5414,{},I (807610) LAT: RX seq=5414
244453039100,sensor,RTT,5414,"{""us"": 9230}",LAT RTT seq=5414 us=9230
244534473500,sensor,TX,5415,"{""age_min_ms"": 59, ""age_max_ms"": 59}",LAT TX seq=5415 age_min_ms=59 age_max_ms=59
244538364200,screen,RX,5415,{},I (807710) LAT: RX seq=5415
244553435700,sensor,RTT,5415,"{""us"": 3965}",LAT RTT seq=5415 us=3965
244634005100,sensor,TX,5416,"{""age_min_ms"": 59, ""age_max_ms"": 59}",LAT TX seq=5416 age_min_ms=59 age_max_ms=59
244639367700,screen,RX,5416,{},I (807810) LAT: RX seq=5416
244654522000,sensor,RTT,5416,"{""us"": 4450}",LAT RTT seq=5416 us=4450
244735013500,sensor,TX,5417,"{""age_min_ms"": 60, ""age_max_ms"": 60}",LAT TX seq=5417 age_min_ms=60 age_max_ms=60
244742016300,screen,RX,5417,{},I (807910) LAT: RX seq=5417
244755089300,sensor,RTT,5417,"{""us"": 6086}",LAT RTT seq=5417 us=6086
244836230300,sensor,TX,5418,"{""age_min_ms"": 61, ""age_max_ms"": 61}",LAT TX seq=5418 age_min_ms=61 age_max_ms=61
244840373500,screen,RX,5418,{},I (808010) LAT: RX seq=5418
244856418600,sensor,RTT,5418,"{""us"": 7549}",LAT RTT seq=5418 us=7549
244937158300,sensor,TX,5419,"{""age_min_ms"": 62, ""age_max_ms"": 62}",LAT TX seq=5419 age_min_ms=62 age_max_ms=62
244942043900,screen,RX,5419,{},I (808110) LAT: RX seq=5419
244956354200,sensor,RTT,5419,"{""us"": 5034}",LAT RTT seq=5419 us=5034
245037428000,sensor,TX,5420,"{""age_min_ms"": 21, ""age_max_ms"": 21}",LAT TX seq=5420 age_min_ms=21 age_max_ms=21
245041182100,screen,RX,5420,{},I (808210) LAT: RX seq=5420
245057801400,sensor,RTT,5420,"{""us"": 5668}",LAT RTT seq=5420 us=5668
245138829000,sensor,TX,5421,"{""age_min_ms"": 22, ""age_max_ms"": 22}",LAT TX seq=5421 age_min_ms=22 age_max_ms=22
245142932400,screen,RX,5421,{},I (808320) LAT: RX seq=5421
245158596500,sensor,RTT,5421,"{""us"": 4355}",LAT RTT seq=5421 us=4355
245239606400,sensor,TX,5422,"{""age_min_ms"": 64, ""age_max_ms"": 64}",LAT TX seq=5422 age_min_ms=64 age_max_ms=64
245243386200,screen,RX,5422,{},I (808420) LAT: RX seq=5422
245258248000,sensor,RTT,5422,"{""us"": 3065}",LAT RTT seq=5422 us=3065
245338924200,sensor,TX,5423,"{""age_min_ms"": 64, ""age_max_ms"": 64}",LAT TX seq=5423 age_min_ms=64 age_max_ms=64
245343024100,screen,RX,5423,{},I (808520) LAT: RX seq=5423
245358178400,sensor,RTT,5423,"{""us"": 3884}",LAT RTT seq=5423 us=3884
245439201900,sensor,TX,5424,"{""age_min_ms"": 64, ""age_max_ms"": 64}",LAT TX seq=5424 age_min_ms=64 age_max_ms=64
245445188600,screen,RX,5424,{},I (808620) LAT: RX seq=5424
245458189600,sensor,RTT,5424,"{""us"": 4943}",LAT RTT seq=5424 us=4943
245539489600,sensor,TX,5425,"{""age_min_ms"": 64, ""age_max_ms"": 64}",LAT TX seq=5425 age_min_ms=64 age_max_ms=64
245543929300,screen,RX,5425,{},I (808720) LAT: RX seq=5425
245558106600,sensor,RTT,5425,"{""us"": 10082}",LAT RTT seq=5425 us=10082
245639081700,sensor,TX,5426,"{""age_min_ms"": 64, ""age_max_ms"": 64}",LAT TX seq=5426 age_min_ms=64 age_max_ms=64
245644045800,screen,RX,5426,{},I (808820) LAT: RX seq=5426
245659342800,sensor,RTT,5426,"{""us"": 4100}",LAT RTT seq=5426 us=4100
245740212100,sensor,TX,5427,"{""age_min_ms"": 65, ""age_max_ms"": 65}",LAT TX seq=5427 age_min_ms=65 age_max_ms=65
245746537700,screen,RX,5427,{},I (808920) LAT: RX seq=5427
245759302400,sensor,RTT,5427,"{""us"": 8199}",LAT RTT seq=5427 us=8199
245840026900,sensor,TX,5428,"{""age_min_ms"": 65, ""age_max_ms"": 65}",LAT TX seq=5428 age_min_ms=65 age_max_ms=65
245844044200,screen,RX,5428,{},I (809020) LAT: RX seq=5428
245860068600,sensor,RTT,5428,"{""us"": 3889}",LAT RTT seq=5428 us=3889
245941268500,sensor,TX,5429,"{""age_min_ms"": 66, ""age_max_ms"": 66}",LAT TX seq=5429 age_min_ms=66 age_max_ms=66
245946764000,screen,RX,5429,{},I (809120) LAT: RX seq=5429
245960373700,sensor,RTT,5429,"{""us"": 4654}",LAT RTT seq=5429 us=4654
246041754400,sensor,TX,5430,"{""age_min_ms"": 25, ""age_max_ms"": 25}",LAT TX seq=5430 age_min_ms=25 age_max_ms=25
246045991700,screen,RX,5430,{},I (809220) LAT: RX seq=5430
246060615000,sensor,RTT,5430,"{""us"": 4709}",LAT RTT seq=5430 us=4709
246141450500,sensor,TX,5431,"{""age_min_ms"": 25, ""age_max_ms"": 25}",LAT TX seq=5431 age_min_ms=25 age_max_ms=25
246146162100,screen,RX,5431,{},I (809320) LAT: RX seq=5431
246161360600,sensor,RTT,5431,"{""us"": 4249}",LAT RTT seq=5431 us=4249
246242430300,sensor,TX,5432,"{""age_min_ms"": 67, ""age_max_ms"": 67}",LAT TX seq=5432 age_min_ms=67 age_max_ms=67
246249206300,screen,RX,5432,{},I (809420) LAT: RX seq=5432
246261619700,sensor,RTT,5432,"{""us"": 5886}",LAT RTT seq=5432 us=5886
246342932100,sensor,TX,5433,"{""age_min_ms"": 67, ""age_max_ms"": 67}",LAT TX seq=5433 age_min_ms=67 age_max_ms=67
246346558900,screen,RX,5433,{},I (809520) LAT: RX seq=5433
246361641300,sensor,RTT,5433,"{""us"": 4002}",LAT RTT seq=5433 us=4002
246442189600,sensor,TX,5434,"{""age_min_ms"": 68, ""age_max_ms"": 68}",LAT TX seq=5434 age_min_ms=68 age_max_ms=68
246446008600,screen,RX,5434,{},I (809620) LAT: RX seq=5434
246461073200,sensor,RTT,5434,"{""us"": 3861}",LAT RTT seq=5434 us=3861
246542519800,sensor,TX,5435,"{""age_min_ms"": 68, ""age_max_ms"": 68}",LAT TX seq=5435 age_min_ms=68 age_max_ms=68
246547427600,screen,RX,5435,{},I (809720) LAT: RX seq=5435
246561886700,sensor,RTT,5435,"{""us"": 5557}",LAT RTT seq=5435 us=5557
246642321000,sensor,TX,5436,"{""age_min_ms"": 67, ""age_max_ms"": 67}",LAT TX seq=5436 age_min_ms=67 age_max_ms=67
246646551000,screen,RX,5436,{},I (809820) LAT: RX seq=5436
246662202700,sensor,RTT,5436,"{""us"": 3136}",LAT RTT seq=5436 us=3136
246742960900,sensor,TX,5437,"{""age_min_ms"": 69, ""age_max_ms"": 69}",LAT TX seq=5437 age_min_ms=69 age_max_ms=69
246748486300,screen,RX,5437,{},I (809920) LAT: RX seq=5437
246763978600,sensor,RTT,5437,"{""us"": 4517}",LAT RTT seq=5437 us=4517
246844222500,sensor,TX,5438,"{""age_min_ms"": 69, ""age_max_ms"": 69}",LAT TX seq=5438 age_min_ms=69 age_max_ms=69
246850868700,screen,RX,5438,{},I (810020) LAT: RX seq=5438
246864310500,sensor,RTT,5438,"{""us"": 13826}",LAT RTT seq=5438 us=13826
246945005400,sensor,TX,5439,"{""age_min_ms"": 71, ""age_max_ms"": 71}",LAT TX seq=5439 age_min_ms=71 age_max_ms=71
246950780400,screen,RX,5439,{},I (810120) LAT: RX seq=5439
246964171300,sensor,RTT,5439,"{""us"": 4628}",LAT RTT seq=5439 us=4628
247045045700,sensor,TX,5440,"{""age_min_ms"": 30, ""age_max_ms"": 30}",LAT TX seq=5440 age_min_ms=30 age_max_ms=30
247050529100,screen,RX,5440,{},I (810220) LAT: RX seq=5440
247065184400,sensor,RTT,5440,"{""us"": 4053}",LAT RTT seq=5440 us=4053
247146009400,sensor,TX,5441,"{""age_min_ms"": 30, ""age_max_ms"": 30}",LAT TX seq=5441 age_min_ms=30 age_max_ms=30
247152955000,screen,RX,5441,{},I (810330) LAT: RX seq=5441
247166784500,sensor,RTT,5441,"{""us"": 12190}",LAT RTT seq=5441 us=12190
247247507800,sensor,TX,5442,"{""age_min_ms"": 72, ""age_max_ms"": 72}",LAT TX seq=5442 age_min_ms=72 age_max_ms=72
247252361100,screen,RX,5442,{},I (810420) LAT: RX seq=5442
247266610700,sensor,RTT,5442,"{""us"": 4139}",LAT RTT seq=5442 us=4139
247347368200,sensor,TX,5443,"{""age_min_ms"": 72, ""age_max_ms"": 72}",LAT TX seq=5443 age_min_ms=72 age_max_ms=72
247351990100,screen,RX,5443,{},I (810520) LAT: RX seq=5443
247366457000,sensor,RTT,5443,"{""us"": 3946}",LAT RTT seq=5443 us=3946
247447348900,sensor,TX,5444,"{""age_min_ms"": 72, ""age_max_ms"": 72}",LAT TX seq=5444 age_min_ms=72 age_max_ms=72
247451950500,screen,RX,5444,{},I (810620) LAT: RX seq=5444
247466206500,sensor,RTT,5444,"{""us"": 4412}",LAT RTT seq=5444 us=4412
247547588200,sensor,TX,5445,"{""age_min_ms"": 72, ""age_max_ms"": 72}",LAT TX seq=5445 age_min_ms=72 age_max_ms=72
247552230600,screen,RX,5445,{},I (810720) LAT: RX seq=5445
247566404500,sensor,RTT,5445,"{""us"": 8213}",LAT RTT seq=5445 us=8213
247647647700,sensor,TX,5446,"{""age_min_ms"": 72, ""age_max_ms"": 72}",LAT TX seq=5446 age_min_ms=72 age_max_ms=72
247651748500,screen,RX,5446,{},I (810820) LAT: RX seq=5446
247667228300,sensor,RTT,5446,"{""us"": 3773}",LAT RTT seq=5446 us=3773
247748511400,sensor,TX,5447,"{""age_min_ms"": 74, ""age_max_ms"": 74}",LAT TX seq=5447 age_min_ms=74 age_max_ms=74
247752406300,screen,RX,5447,{},I (810930) LAT: RX seq=5447
247768690100,sensor,RTT,5447,"{""us"": 3409}",LAT RTT seq=5447 us=3409
247848882100,sensor,TX,5448,"{""age_min_ms"": 73, ""age_max_ms"": 73}",LAT TX seq=5448 age_min_ms=73 age_max_ms=73
247854575400,screen,RX,5448,{},I (811030) LAT: RX seq=5448
247869484000,sensor,RTT,5448,"{""us"": 4284}",LAT RTT seq=5448 us=4284
247950447100,sensor,TX,5449,"{""age_min_ms"": 76, ""age_max_ms"": 76}",LAT TX seq=5449 age_min_ms=76 age_max_ms=76
247956463300,screen,RX,5449,{},I (811130) LAT: RX seq=5449
247969063900,sensor,RTT,5449,"{""us"": 5871}",LAT RTT seq=5449 us=5871
248049984400,sensor,TX,5450,"{""age_min_ms"": 35, ""age_max_ms"": 35}",LAT TX seq=5450 age_min_ms=35 age_max_ms=35
248054517300,screen,RX,5450,{},I (811230) LAT: RX seq=5450
248070471800,sensor,RTT,5450,"{""us"": 4112}",LAT RTT seq=5450 us=4112
248150976300,sensor,TX,5451,"{""age_min_ms"": 35, ""age_max_ms"": 35}",LAT TX seq=5451 age_min_ms=35 age_max_ms=35
248155890100,screen,RX,5451,{},I (811330) LAT: RX seq=5451
248171165100,sensor,RTT,5451,"{""us"": 3986}",LAT RTT seq=5451 us=3986
248252127100,sensor,TX,5452,"{""age_min_ms"": 77, ""age_max_ms"": 77}",LAT TX seq=5452 age_min_ms=77 age_max_ms=77
248256550100,screen,RX,5452,{},I (811430) LAT: RX seq=5452
248271600800,sensor,RTT,5452,"{""us"": 3119}",LAT RTT seq=5452 us=3119
248352103300,sensor,TX,5453,"{""age_min_ms"": 77, ""age_max_ms"": 77}",LAT TX seq=5453 age_min_ms=77 age_max_ms=77
248356837800,screen,RX,5453,{},I (811530) LAT: RX seq=5453
248371171800,sensor,RTT,5453,"{""us"": 4462}",LAT RTT seq=5453 us=4462
248452079700,sensor,TX,5454,"{""age_min_ms"": 77, ""age_max_ms"": 77}",LAT TX seq=5454 age_min_ms=77 age_max_ms=77
248457053900,screen,RX,5454,{},I (811630) LAT: RX seq=5454
248471044700,sensor,RTT,5454,"{""us"": 4674}",LAT RTT seq=5454 us=4674
248551888700,sensor,TX,5455,"{""age_min_ms"": 77, ""age_max_ms"": 77}",LAT TX seq=5455 age_min_ms=77 age_max_ms=77
248559163500,screen,RX,5455,{},I (811730) LAT: RX seq=5455
248571035500,sensor,RTT,5455,"{""us"": 6866}",LAT RTT seq=5455 us=6866
248652371700,sensor,TX,5456,"{""age_min_ms"": 77, ""age_max_ms"": 77}",LAT TX seq=5456 age_min_ms=77 age_max_ms=77
248656279400,screen,RX,5456,{},I (811830) LAT: RX seq=5456
248672271200,sensor,RTT,5456,"{""us"": 3744}",LAT RTT seq=5456 us=3744
248753055700,sensor,TX,5457,"{""age_min_ms"": 78, ""age_max_ms"": 78}",LAT TX seq=5457 age_min_ms=78 age_max_ms=78
248758161200,screen,RX,5457,{},I (811930) LAT: RX seq=5457
248773273500,sensor,RTT,5457,"{""us"": 5753}",LAT RTT seq=5457 us=5753
248854210000,sensor,TX,5458,"{""age_min_ms"": 79, ""age_max_ms"": 79}",LAT TX seq=5458 age_min_ms=79 age_max_ms=79
248859332800,screen,RX,5458,{},I (812030) LAT: RX seq=5458
248874660800,sensor,RTT,5458,"{""us"": 3602}",LAT RTT seq=5458 us=3602
248955557900,sensor,TX,5459,"{""age_min_ms"": 72, ""age_max_ms"": 72}",LAT TX seq=5459 age_min_ms=72 age_max_ms=72
248959610900,screen,RX,5459,{},I (812130) LAT: RX seq=5459
248975722000,sensor,RTT,5459,"{""us"": 3796}",LAT RTT seq=5459 us=3796
249056698400,sensor,TX,5460,"{""age_min_ms"": 40, ""age_max_ms"": 40}",LAT TX seq=5460 age_min_ms=40 age_max_ms=40
249060960100,screen,RX,5460,{},I (812230) LAT: RX seq=5460
249076811200,sensor,RTT,5460,"{""us"": 4048}",LAT RTT seq=5460 us=4048
249157338200,sensor,TX,5461,"{""age_min_ms"": 41, ""age_max_ms"": 41}",LAT TX seq=5461 age_min_ms=41 age_max_ms=41
249161330700,screen,RX,5461,{},I (812330) LAT: RX seq=5461
249177474300,sensor,RTT,5461,"{""us"": 3063}",LAT RTT seq=5461 us=3063
249258358700,sensor,TX,5462,"{""age_min_ms"": 84, ""age_max_ms"": 84}",LAT TX seq=5462 age_min_ms=84 age_max_ms=84
249263097100,screen,RX,5462,{},I (812440) LAT: RX seq=5462
249277027300,sensor,RTT,5462,"{""us"": 4933}",LAT RTT seq=5462 us=4933
249357985300,sensor,TX,5463,"{""age_min_ms"": 83, ""age_max_ms"": 83}",LAT TX seq=5463 age_min_ms=83 age_max_ms=83
249363215800,screen,RX,5463,{},I (812540) LAT: RX seq=5463
249377131500,sensor,RTT,5463,"{""us"": 5027}",LAT RTT seq=5463 us=5027
249458028700,sensor,TX,5464,"{""age_min_ms"": 75, ""age_max_ms"": 75}",LAT TX seq=5464 age_min_ms=75 age_max_ms=75
249462757800,screen,RX,5464,{},I (812640) LAT: RX seq=5464
249478370400,sensor,RTT,5464,"{""us"": 4653}",LAT RTT seq=5464 us=4653
249559167600,sensor,TX,5465,"{""age_min_ms"": 76, ""age_max_ms"": 76}",LAT TX seq=5465 age_min_ms=76 age_max_ms=76
249563095900,screen,RX,5465,{},I (812740) LAT: RX seq=5465
249578466800,sensor,RTT,5465,"{""us"": 3146}",LAT RTT seq=5465 us=3146
249659070400,sensor,TX,5466,"{""age_min_ms"": 76, ""age_max_ms"": 76}",LAT TX seq=5466 age_min_ms=76 age_max_ms=76
249663342600,screen,RX,5466,{},I (812840) LAT: RX seq=5466
249679250200,sensor,RTT,5466,"{""us"": 5018}",LAT RTT seq=5466 us=5018
249760725100,sensor,TX,5467,"{""age_min_ms"": 77, ""age_max_ms"": 77}",LAT TX seq=5467 age_min_ms=77 age_max_ms=77
249765732600,screen,RX,5467,{},I (812940) LAT: RX seq=5467
249780242200,sensor,RTT,5467,"{""us"": 4953}",LAT RTT seq=5467 us=4953
249861290700,sensor,TX,5468,"{""age_min_ms"": 78, ""age_max_ms"": 78}",LAT TX seq=5468 age_min_ms=78 age_max_ms=78
249866769000,screen,RX,5468,{},I (813040) LAT: RX seq=5468
249880328000,sensor,RTT,5468,"{""us"": 4615}",LAT RTT seq=5468 us=4615
249961500100,sensor,TX,5469,"{""age_min_ms"": 78, ""age_max_ms"": 78}",LAT TX seq=5469 age_min_ms=78 age_max_ms=78
249965770200,screen,RX,5469,{},I (813140) LAT: RX seq=5469
249980665900,sensor,RTT,5469,"{""us"": 5192}",LAT RTT seq=5469 us=5192
250061229600,sensor,TX,5470,"{""age_min_ms"": 37, ""age_max_ms"": 37}",LAT TX seq=5470 age_min_ms=37 age_max_ms=37
250066578300,screen,RX,5470,{},I (813240) LAT: RX seq=5470
250080620800,sensor,RTT,5470,"{""us"": 4199}",LAT RTT seq=5470 us=4199
250161543900,sensor,TX,5471,"{""age_min_ms"": 45, ""age_max_ms"": 45}",LAT TX seq=5471 age_min_ms=45 age_max_ms=45
250165909800,screen,RX,5471,{},I (813340) LAT: RX seq=5471
250180963800,sensor,RTT,5471,"{""us"": 3662}",LAT RTT seq=5471 us=3662
250261774200,sensor,TX,5472,"{""age_min_ms"": 86, ""age_max_ms"": 86}",LAT TX seq=5472 age_min_ms=86 age_max_ms=86
250265663900,screen,RX,5472,{},I (813440) LAT: RX seq=5472
250361971400,sensor,RTT,5472,"{""us"": 3460}",LAT RTT seq=5472 us=3460
250361971400,sensor,TX,5473,"{""age_min_ms"": 86, ""age_max_ms"": 86}",LAT TX seq=5473 age_min_ms=86 age_max_ms=86
250365384000,screen,RX,5473,{},I (813540) LAT: RX seq=5473
250461577800,sensor,RTT,5473,"{""us"": 3636}",LAT RTT seq=5473 us=3636
250461577800,sensor,TX,5474,"{""age_min_ms"": 86, ""age_max_ms"": 86}",LAT TX seq=5474 age_min_ms=86 age_max_ms=86
250466034300,screen,RX,5474,{},I (813640) LAT: RX seq=5474
250480713700,sensor,RTT,5474,"{""us"": 4284}",LAT RTT seq=5474 us=4284
250561446500,sensor,TX,5475,"{""age_min_ms"": 87, ""age_max_ms"": 87}",LAT TX seq=5475 age_min_ms=87 age_max_ms=87
250566903000,screen,RX,5475,{},I (813740) LAT: RX seq=5475
250580690100,sensor,RTT,5475,"{""us"": 4587}",LAT RTT seq=5475 us=4587
250661286500,sensor,TX,5476,"{""age_min_ms"": 86, ""age_max_ms"": 86}",LAT TX seq=5476 age_min_ms=86 age_max_ms=86
250666463700,screen,RX,5476,{},I (813840) LAT: RX seq=5476
250681704300,sensor,RTT,5476,"{""us"": 4568}",LAT RTT seq=5476 us=4568
250762902000,sensor,TX,5477,"{""age_min_ms"": 87, ""age_max_ms"": 87}",LAT TX seq=5477 age_min_ms=87 age_max_ms=87
250766883900,screen,RX,5477,{},I (813940) LAT: RX seq=5477
250782941000,sensor,RTT,5477,"{""us"": 4948}",LAT RTT seq=5477 us=4948
250864002000,sensor,TX,5478,"{""age_min_ms"": 80, ""age_max_ms"": 80}",LAT TX seq=5478 age_min_ms=80 age_max_ms=80
250867637700,screen,RX,5478,{},I (814040) LAT: RX seq=5478
250964934200,sensor,RTT,5478,"{""us"": 3843}",LAT RTT seq=5478 us=3843
250964934200,sensor,TX,5479,"{""age_min_ms"": 89, ""age_max_ms"": 89}",LAT TX seq=5479 age_min_ms=89 age_max_ms=89
250971633100,screen,RX,5479,{},I (814140) LAT: RX seq=5479
250983869300,sensor,RTT,5479,"{""us"": 6375}",LAT RTT seq=5479 us=6375
251064661300,sensor,TX,5480,"{""age_min_ms"": 56, ""age_max_ms"": 56}",LAT TX seq=5480 age_min_ms=56 age_max_ms=56
251069252300,screen,RX,5480,{},I (814240) LAT: RX seq=5480
251084897900,sensor,RTT,5480,"{""us"": 5383}",LAT RTT seq=5480 us=5383
251165759500,sensor,TX,5481,"{""age_min_ms"": 48, ""age_max_ms"": 48}",LAT TX seq=5481 age_min_ms=48 age_max_ms=48
251171648400,screen,RX,5481,{},I (814340) LAT: RX seq=5481
251186146200,sensor,RTT,5481,"{""us"": 5958}",LAT RTT seq=5481 us=5958
251266531900,sensor,TX,5482,"{""age_min_ms"": 83, ""age_max_ms"": 83}",LAT TX seq=5482 age_min_ms=83 age_max_ms=83
251276597100,screen,RX,5482,{},I (814450) LAT: RX seq=5482
251285877500,sensor,RTT,5482,"{""us"": 9159}",LAT RTT seq=5482 us=9159
251366437300,sensor,TX,5483,"{""age_min_ms"": 83, ""age_max_ms"": 83}",LAT TX seq=5483 age_min_ms=83 age_max_ms=83
251371043000,screen,RX,5483,{},I (814540) LAT: RX seq=5483
251386031900,sensor,RTT,5483,"{""us"": 7434}",LAT RTT seq=5483 us=7434
251466579300,sensor,TX,5484,"{""age_min_ms"": 83, ""age_max_ms"": 83}",LAT TX seq=5484 age_min_ms=83 age_max_ms=83
251471385000,screen,RX,5484,{},I (814640) LAT: RX seq=5484
251485926000,sensor,RTT,5484,"{""us"": 4849}",LAT RTT seq=5484 us=4849
251566672300,sensor,TX,5485,"{""age_min_ms"": 90, ""age_max_ms"": 90}",LAT TX seq=5485 age_min_ms=90 age_max_ms=90
251570245000,screen,RX,5485,{},I (814740) LAT: RX seq=5485
251585578400,sensor,RTT,5485,"{""us"": 4889}",LAT RTT seq=5485 us=4889
251666652200,sensor,TX,5486,"{""age_min_ms"": 83, ""age_max_ms"": 83}",LAT TX seq=5486 age_min_ms=83 age_max_ms=83
251670648100,screen,RX,5486,{},I (814840) LAT: RX seq=5486
251686742900,sensor,RTT,5486,"{""us"": 5630}",LAT RTT seq=5486 us=5630
251767417800,sensor,TX,5487,"{""age_min_ms"": 84, ""age_max_ms"": 84}",LAT TX seq=5487 age_min_ms=84 age_max_ms=84
251771857700,screen,RX,5487,{},I (814940) LAT: RX seq=5487
251786669600,sensor,RTT,5487,"{""us"": 3527}",LAT RTT seq=5487 us=3527
251866916700,sensor,TX,5488,"{""age_min_ms"": 92, ""age_max_ms"": 92}",LAT TX seq=5488 age_min_ms=92 age_max_ms=92
251871589400,screen,RX,5488,{},I (815040) LAT: RX seq=5488
251887267000,sensor,RTT,5488,"{""us"": 4589}",LAT RTT seq=5488 us=4589
251967970400,sensor,TX,5489,"{""age_min_ms"": 85, ""age_max_ms"": 85}",LAT TX seq=5489 age_min_ms=85 age_max_ms=85
251973073700,screen,RX,5489,{},I (815150) LAT: RX seq=5489
251987117800,sensor,RTT,5489,"{""us"": 4125}",LAT RTT seq=5489 us=4125
252068395000,sensor,TX,5490,"{""age_min_ms"": 52, ""age_max_ms"": 52}",LAT TX seq=5490 age_min_ms=52 age_max_ms=52
252076513600,screen,RX,5490,{},I (815250) LAT: RX seq=5490
252088433700,sensor,RTT,5490,"{""us"": 11806}",LAT RTT seq=5490 us=11806
252168871500,sensor,TX,5491,"{""age_min_ms"": 53, ""age_max_ms"": 53}",LAT TX seq=5491 age_min_ms=53 age_max_ms=53
252175307900,screen,RX,5491,{},I (815350) LAT: RX seq=5491
252189020000,sensor,RTT,5491,"{""us"": 6480}",LAT RTT seq=5491 us=6480
252269949300,sensor,TX,5492,"{""age_min_ms"": 95, ""age_max_ms"": 95}",LAT TX seq=5492 age_min_ms=95 age_max_ms=95
252277929000,screen,RX,5492,{},I (815450) LAT: RX seq=5492
252289112100,sensor,RTT,5492,"{""us"": 8120}",LAT RTT seq=5492 us=8120
252370181700,sensor,TX,5493,"{""age_min_ms"": 95, ""age_max_ms"": 95}",LAT TX seq=5493 age_min_ms=95 age_max_ms=95
252374967900,screen,RX,5493,{},I (815550) LAT: RX seq=5493
252429046900,sensor,RTT,5493,"{""us"": 41960}",LAT RTT seq=5493 us=41960
252469834500,sensor,TX,5494,"{""age_min_ms"": 95, ""age_max_ms"": 95}",LAT TX seq=5494 age_min_ms=95 age_max_ms=95
252475201200,screen,RX,5494,{},I (815650) LAT: RX seq=5494
252489058500,sensor,RTT,5494,"{""us"": 6170}",LAT RTT seq=5494 us=6170
252570380200,sensor,TX,5495,"{""age_min_ms"": 95, ""age_max_ms"": 95}",LAT TX seq=5495 age_min_ms=95 age_max_ms=95
252574459800,screen,RX,5495,{},I (815750) LAT: RX seq=5495
252589147000,sensor,RTT,5495,"{""us"": 5661}",LAT RTT seq=5495 us=5661
252670211300,sensor,TX,5496,"{""age_min_ms"": 95, ""age_max_ms"": 95}",LAT TX seq=5496 age_min_ms=95 age_max_ms=95
252677738200,screen,RX,5496,{},I (815850) LAT: RX seq=5496
252690087000,sensor,RTT,5496,"{""us"": 11901}",LAT RTT seq=5496 us=11901
252771679600,sensor,TX,5497,"{""age_min_ms"": 96, ""age_max_ms"": 96}",LAT TX seq=5497 age_min_ms=96 age_max_ms=96
252779480200,screen,RX,5497,{},I (815950) LAT: RX seq=5497
252790147000,sensor,RTT,5497,"{""us"": 9113}",LAT RTT seq=5497 us=9113
252871293300,sensor,TX,5498,"{""age_min_ms"": 96, ""age_max_ms"": 96}",LAT TX seq=5498 age_min_ms=96 age_max_ms=96
252876923800,screen,RX,5498,{},I (816050) LAT: RX seq=5498
252890705000,sensor,RTT,5498,"{""us"": 5589}",LAT RTT seq=5498 us=5589
252971990900,sensor,TX,5499,"{""age_min_ms"": 96, ""age_max_ms"": 96}",LAT TX seq=5499 age_min_ms=96 age_max_ms=96
252978746800,screen,RX,5499,{},I (816150) LAT: RX seq=5499
252990255900,sensor,RTT,5499,"{""us"": 11787}",LAT RTT seq=5499 us=11787
253071074800,sensor,TX,5500,"{""age_min_ms"": 55, ""age_max_ms"": 55}",LAT TX seq=5500 age_min_ms=55 age_max_ms=55
253077082700,screen,RX,5500,{},I (816250) LAT: RX seq=5500
253090578900,sensor,RTT,5500,"{""us"": 9676}",LAT RTT seq=5500 us=9676
253171238900,sensor,TX,5501,"{""age_min_ms"": 55, ""age_max_ms"": 55}",LAT TX seq=5501 age_min_ms=55 age_max_ms=55
253178946000,screen,RX,5501,{},I (816350) LAT: RX seq=5501
253191383000,sensor,RTT,5501,"{""us"": 9935}",LAT RTT seq=5501 us=9935
253272261400,sensor,TX,5502,"{""age_min_ms"": 97, ""age_max_ms"": 97}",LAT TX seq=5502 age_min_ms=97 age_max_ms=97
253276387100,screen,RX,5502,{},I (816450) LAT: RX seq=5502
253291470400,sensor,RTT,5502,"{""us"": 3617}",LAT RTT seq=5502 us=3617
253373116400,sensor,TX,5503,"{""age_min_ms"": 97, ""age_max_ms"": 97}",LAT TX seq=5503 age_min_ms=97 age_max_ms=97
253376888900,screen,RX,5503,{},I (816550) LAT: RX seq=5503
253392009100,sensor,RTT,5503,"{""us"": 8977}",LAT RTT seq=5503 us=8977
253472774600,sensor,TX,5504,"{""age_min_ms"": 97, ""age_max_ms"": 97}",LAT TX seq=5504 age_min_ms=97 age_max_ms=97
253477107700,screen,RX,5504,{},I (816650) LAT: RX seq=5504
253492382500,sensor,RTT,5504,"{""us"": 4475}",LAT RTT seq=5504 us=4475
253572158600,sensor,TX,5505,"{""age_min_ms"": 97, ""age_max_ms"": 97}",LAT TX seq=5505 age_min_ms=97 age_max_ms=97
253578928000,screen,RX,5505,{},I (816750) LAT: RX seq=5505
253615957900,sensor,RTT,5505,"{""us"": 9598}",LAT RTT seq=5505 us=9598
253672616900,sensor,TX,5506,"{""age_min_ms"": 97, ""age_max_ms"": 97}",LAT TX seq=5506 age_min_ms=97 age_max_ms=97
253677385600,screen,RX,5506,{},I (816850) LAT: RX seq=5506
253692304100,sensor,RTT,5506,"{""us"": 13314}",LAT RTT seq=5506 us=13314
253773291200,sensor,TX,5507,"{""age_min_ms"": 98, ""age_max_ms"": 98}",LAT TX seq=5507 age_min_ms=98 age_max_ms=98
253782752800,screen,RX,5507,{},I (816960) LAT: RX seq=5507
253792452200,sensor,RTT,5507,"{""us"": 13296}",LAT RTT seq=5507 us=13296
253873201200,sensor,TX,5508,"{""age_min_ms"": 99, ""age_max_ms"": 99}",LAT TX seq=5508 age_min_ms=99 age_max_ms=99
253878184600,screen,RX,5508,{},I (817050) LAT: RX seq=5508
253892204100,sensor,RTT,5508,"{""us"": 3949}",LAT RTT seq=5508 us=3949
253972908600,sensor,TX,5509,"{""age_min_ms"": 98, ""age_max_ms"": 98}",LAT TX seq=5509 age_min_ms=98 age_max_ms=98
253977994000,screen,RX,5509,{},I (817150) LAT: RX seq=5509
253991912400,sensor,RTT,5509,"{""us"": 8768}",LAT RTT seq=5509 us=8768
254072988100,sensor,TX,5510,"{""age_min_ms"": 56, ""age_max_ms"": 56}",LAT TX seq=5510 age_min_ms=56 age_max_ms=56
254080772400,screen,RX,5510,{},I (817250) LAT: RX seq=5510
254092008400,sensor,RTT,5510,"{""us"": 6609}",LAT RTT seq=5510 us=6609
254173087400,sensor,TX,5511,"{""age_min_ms"": 56, ""age_max_ms"": 56}",LAT TX seq=5511 age_min_ms=56 age_max_ms=56
254177986000,screen,RX,5511,{},I (817350) LAT: RX seq=5511
254193193900,sensor,RTT,5511,"{""us"": 4989}",LAT RTT seq=5511 us=4989
254273977800,sensor,TX,5512,"{""age_min_ms"": 0, ""age_max_ms"": 0}",LAT TX seq=5512 age_min_ms=0 age_max_ms=0
254278296100,screen,RX,5512,{},I (817450) LAT: RX seq=5512
254294079200,sensor,RTT,5512,"{""us"": 10319}",LAT RTT seq=5512 us=10319
254375253800,sensor,TX,5513,"{""age_min_ms"": 1, ""age_max_ms"": 1}",LAT TX seq=5513 age_min_ms=1 age_max_ms=1
254383425200,screen,RX,5513,{},I (817560) LAT: RX seq=5513
254395429800,sensor,RTT,5513,"{""us"": 7622}",LAT RTT seq=5513 us=7622
254475989900,sensor,TX,5514,"{""age_min_ms"": 1, ""age_max_ms"": 1}",LAT TX seq=5514 age_min_ms=1 age_max_ms=1
254482336800,screen,RX,5514,{},I (817660) LAT: RX seq=5514
254495051400,sensor,RTT,5514,"{""us"": 7131}",LAT RTT seq=5514 us=7131
254576296000,sensor,TX,5515,"{""age_min_ms"": 1, ""age_max_ms"": 1}",LAT TX seq=5515 age_min_ms=1 age_max_ms=1
254584811300,screen,RX,5515,{},I (817760) LAT: RX seq=5515
254595222700,sensor,RTT,5515,"{""us"": 8824}",LAT RTT seq=5515 us=8824
254676495200,sensor,TX,5516,"{""age_min_ms"": 1, ""age_max_ms"": 1}",LAT TX seq=5516 age_min_ms=1 age_max_ms=1
254681371900,screen,RX,5516,{},I (817850) LAT: RX seq=5516
254696508500,sensor,RTT,5516,"{""us"": 4137}",LAT RTT seq=5516 us=4137
254777491700,sensor,TX,5517,"{""age_min_ms"": 2, ""age_max_ms"": 2}",LAT TX seq=5517 age_min_ms=2 age_max_ms=2
254784609800,screen,RX,5517,{},I (817960) LAT: RX seq=5517
254797573500,sensor,RTT,5517,"{""us"": 8149}",LAT RTT seq=5517 us=8149
254878788800,sensor,TX,5518,"{""age_min_ms"": 3, ""age_max_ms"": 3}",LAT TX seq=5518 age_min_ms=3 age_max_ms=3
254882797900,screen,RX,5518,{},I (818050) LAT: RX seq=5518
254898529100,sensor,RTT,5518,"{""us"": 3043}",LAT RTT seq=5518 us=3043
254979444500,sensor,TX,5519,"{""age_min_ms"": 104, ""age_max_ms"": 104}",LAT TX seq=5519 age_min_ms=104 age_max_ms=104
254983290600,screen,RX,5519,{},I (818160) LAT: RX seq=5519
254998519300,sensor,RTT,5519,"{""us"": 6216}",LAT RTT seq=5519 us=6216
255079000200,sensor,TX,5520,"{""age_min_ms"": 55, ""age_max_ms"": 55}",LAT TX seq=5520 age_min_ms=55 age_max_ms=55
255089422100,screen,RX,5520,{},I (818260) LAT: RX seq=5520
255098360600,sensor,RTT,5520,"{""us"": 9159}",LAT RTT seq=5520 us=9159
255179098600,sensor,TX,5521,"{""age_min_ms"": 55, ""age_max_ms"": 55}",LAT TX seq=5521 age_min_ms=55 age_max_ms=55
255187101400,screen,RX,5521,{},I (818360) LAT: RX seq=5521
255199150400,sensor,RTT,5521,"{""us"": 7603}",LAT RTT seq=5521 us=7603
255280005400,sensor,TX,5522,"{""age_min_ms"": 6, ""age_max_ms"": 6}",LAT TX seq=5522 age_min_ms=6 age_max_ms=6
255287217600,screen,RX,5522,{},I (818460) LAT: RX seq=5522
255299035700,sensor,RTT,5522,"{""us"": 6313}",LAT RTT seq=5522 us=6313
255380047300,sensor,TX,5523,"{""age_min_ms"": 6, ""age_max_ms"": 6}",LAT TX seq=5523 age_min_ms=6 age_max_ms=6
255384645500,screen,RX,5523,{},I (818560) LAT: RX seq=5523
255399392100,sensor,RTT,5523,"{""us"": 4696}",LAT RTT seq=5523 us=4696
255479993400,sensor,TX,5524,"{""age_min_ms"": 106, ""age_max_ms"": 106}",LAT TX seq=5524 age_min_ms=106 age_max_ms=106
255484818200,screen,RX,5524,{},I (818660) LAT: RX seq=5524
255499277700,sensor,RTT,5524,"{""us"": 3447}",LAT RTT seq=5524 us=3447
255580402500,sensor,TX,5525,"{""age_min_ms"": 97, ""age_max_ms"": 97}",LAT TX seq=5525 age_min_ms=97 age_max_ms=97
255586868900,screen,RX,5525,{},I (818760) LAT: RX seq=5525
255599213700,sensor,RTT,5525,"{""us"": 18735}",LAT RTT seq=5525 us=18735
255680161200,sensor,TX,5526,"{""age_min_ms"": 6, ""age_max_ms"": 6}",LAT TX seq=5526 age_min_ms=6 age_max_ms=6
255686679700,screen,RX,5526,{},I (818860) LAT: RX seq=5526
255700396100,sensor,RTT,5526,"{""us"": 6723}",LAT RTT seq=5526 us=6723
255781355600,sensor,TX,5527,"{""age_min_ms"": 7, ""age_max_ms"": 7}",LAT TX seq=5527 age_min_ms=7 age_max_ms=7
255785925500,screen,RX,5527,{},I (818960) LAT: RX seq=5527
255800602700,sensor,RTT,5527,"{""us"": 4559}",LAT RTT seq=5527 us=4559
255881359400,sensor,TX,5528,"{""age_min_ms"": 6, ""age_max_ms"": 6}",LAT TX seq=5528 age_min_ms=6 age_max_ms=6
255886159700,screen,RX,5528,{},I (819060) LAT: RX seq=5528
255901463100,sensor,RTT,5528,"{""us"": 6703}",LAT RTT seq=5528 us=6703
255982091800,sensor,TX,5529,"{""age_min_ms"": 107, ""age_max_ms"": 107}",LAT TX seq=5529 age_min_ms=107 age_max_ms=107
255986292700,screen,RX,5529,{},I (819160) LAT: RX seq=5529
256001116300,sensor,RTT,5529,"{""us"": 3103}",LAT RTT seq=5529 us=3103
256082237800,sensor,TX,5530,"{""age_min_ms"": 66, ""age_max_ms"": 66}",LAT TX seq=5530 age_min_ms=66 age_max_ms=66
256086546500,screen,RX,5530,{},I (819260) LAT: RX seq=5530
256101138400,sensor,RTT,5530,"{""us"": 4047}",LAT RTT seq=5530 us=4047
256182270600,sensor,TX,5531,"{""age_min_ms"": 7, ""age_max_ms"": 7}",LAT TX seq=5531 age_min_ms=7 age_max_ms=7
256186649400,screen,RX,5531,{},I (819360) LAT: RX seq=5531
256202515200,sensor,RTT,5531,"{""us"": 3967}",LAT RTT seq=5531 us=3967
256282994100,sensor,TX,5532,"{""age_min_ms"": 8, ""age_max_ms"": 8}",LAT TX seq=5532 age_min_ms=8 age_max_ms=8
256287815000,screen,RX,5532,{},I (819460) LAT: RX seq=5532
256302179700,sensor,RTT,5532,"{""us"": 5228}",LAT RTT seq=5532 us=5228
256383046100,sensor,TX,5533,"{""age_min_ms"": 8, ""age_max_ms"": 8}",LAT TX seq=5533 age_min_ms=8 age_max_ms=8
256396439700,screen,RX,5533,{},I (819570) LAT: RX seq=5533
256422160600,sensor,RTT,5533,"{""us"": 23781}",LAT RTT seq=5533 us=23781
256482967200,sensor,TX,5534,"{""age_min_ms"": 8, ""age_max_ms"": 8}",LAT TX seq=5534 age_min_ms=8 age_max_ms=8
256492006600,screen,RX,5534,{},I (819660) LAT: RX seq=5534
256502053000,sensor,RTT,5534,"{""us"": 13503}",LAT RTT seq=5534 us=13503
256582870100,sensor,TX,5535,"{""age_min_ms"": 8, ""age_max_ms"": 8}",LAT TX seq=5535 age_min_ms=8 age_max_ms=8
256592638700,screen,RX,5535,{},I (819770) LAT: RX seq=5535
256602084800,sensor,RTT,5535,"{""us"": 9485}",LAT RTT seq=5535 us=9485
256683035100,sensor,TX,5536,"{""age_min_ms"": 9, ""age_max_ms"": 9}",LAT TX seq=5536 age_min_ms=9 age_max_ms=9
256688409600,screen,RX,5536,{},I (819860) LAT: RX seq=5536
256703405100,sensor,RTT,5536,"{""us"": 4379}",LAT RTT seq=5536 us=4379
256784360700,sensor,TX,5537,"{""age_min_ms"": 9, ""age_max_ms"": 9}",LAT TX seq=5537 age_min_ms=9 age_max_ms=9
256788547800,screen,RX,5537,{},I (819960) LAT: RX seq=5537
256804280400,sensor,RTT,5537,"{""us"": 4187}",LAT RTT seq=5537 us=4187
256885126400,sensor,TX,5538,"{""age_min_ms"": 11, ""age_max_ms"": 11}",LAT TX seq=5538 age_min_ms=11 age_max_ms=11
256890101100,screen,RX,5538,{},I (820060) LAT: RX seq=5538
256905085400,sensor,RTT,5538,"{""us"": 6270}",LAT RTT seq=5538 us=6270
256986131600,sensor,TX,5539,"{""age_min_ms"": 112, ""age_max_ms"": 112}",LAT TX seq=5539 age_min_ms=112 age_max_ms=112
256993483500,screen,RX,5539,{},I (820170) LAT: RX seq=5539
257005536700,sensor,RTT,5539,"{""us"": 6796}",LAT RTT seq=5539 us=6796
257086300000,sensor,TX,5540,"{""age_min_ms"": 70, ""age_max_ms"": 70}",LAT TX seq=5540 age_min_ms=70 age_max_ms=70
257090917000,screen,RX,5540,{},I (820260) LAT: RX seq=5540
257106283700,sensor,RTT,5540,"{""us"": 7163}",LAT RTT seq=5540 us=7163
257186866700,sensor,TX,5541,"{""age_min_ms"": 12, ""age_max_ms"": 12}",LAT TX seq=5541 age_min_ms=12 age_max_ms=12
257192726000,screen,RX,5541,{},I (820370) LAT: RX seq=5541
257207012500,sensor,RTT,5541,"{""us"": 5738}",LAT RTT seq=5541 us=5738
257288032600,sensor,TX,5542,"{""age_min_ms"": 14, ""age_max_ms"": 14}",LAT TX seq=5542 age_min_ms=14 age_max_ms=14
257296149500,screen,RX,5542,{},I (820470) LAT: RX seq=5542
257316886200,sensor,RTT,5542,"{""us"": 9858}",LAT RTT seq=5542 us=9858
257389071900,sensor,TX,5543,"{""age_min_ms"": 15, ""age_max_ms"": 15}",LAT TX seq=5543 age_min_ms=15 age_max_ms=15
257395500800,screen,RX,5543,{},I (820570) LAT: RX seq=5543
257409243200,sensor,RTT,5543,"{""us"": 5234}",LAT RTT seq=5543 us=5234
257489558500,sensor,TX,5544,"{""age_min_ms"": 15, ""age_max_ms"": 15}",LAT TX seq=5544 age_min_ms=15 age_max_ms=15
257497255100,screen,RX,5544,{},I (820670) LAT: RX seq=5544
257509380000,sensor,RTT,5544,"{""us"": 11225}",LAT RTT seq=5544 us=11225
257589346000,sensor,TX,5545,"{""age_min_ms"": 15, ""age_max_ms"": 15}",LAT TX seq=5545 age_min_ms=15 age_max_ms=15
257595120800,screen,RX,5545,{},I (820770) LAT: RX seq=5545
257608661100,sensor,RTT,5545,"{""us"": 5380}",LAT RTT seq=5545 us=5380
257689122100,sensor,TX,5546,"{""age_min_ms"": 14, ""age_max_ms"": 14}",LAT TX seq=5546 age_min_ms=14 age_max_ms=14
257694860500,screen,RX,5546,{},I (820870) LAT: RX seq=5546
257709357700,sensor,RTT,5546,"{""us"": 7667}",LAT RTT seq=5546 us=7667
257790286700,sensor,TX,5547,"{""age_min_ms"": 16, ""age_max_ms"": 16}",LAT TX seq=5547 age_min_ms=16 age_max_ms=16
257796785100,screen,RX,5547,{},I (820970) LAT: RX seq=5547
257810598300,sensor,RTT,5547,"{""us"": 14745}",LAT RTT seq=5547 us=14745
257891413100,sensor,TX,5548,"{""age_min_ms"": 17, ""age_max_ms"": 17}",LAT TX seq=5548 age_min_ms=17 age_max_ms=17
257902089900,screen,RX,5548,{},I (821070) LAT: RX seq=5548
257911845800,sensor,RTT,5548,"{""us"": 14480}",LAT RTT seq=5548 us=14480
257993089500,sensor,TX,5549,"{""age_min_ms"": 118, ""age_max_ms"": 118}",LAT TX seq=5549 age_min_ms=118 age_max_ms=118
257997538500,screen,RX,5549,{},I (821170) LAT: RX seq=5549
258012309000,sensor,RTT,5549,"{""us"": 6686}",LAT RTT seq=5549 us=6686
258092870100,sensor,TX,5550,"{""age_min_ms"": 78, ""age_max_ms"": 78}",LAT TX seq=5550 age_min_ms=78 age_max_ms=78
258098435600,screen,RX,5550,{},I (821270) LAT: RX seq=5550
258113098500,sensor,RTT,5550,"{""us"": 9732}",LAT RTT seq=5550 us=9732
258193876700,sensor,TX,5551,"{""age_min_ms"": 20, ""age_max_ms"": 20}",LAT TX seq=5551 age_min_ms=20 age_max_ms=20
258198500600,screen,RX,5551,{},I (821370) LAT: RX seq=5551
258213022400,sensor,RTT,5551,"{""us"": 3549}",LAT RTT seq=5551 us=3549
258293939600,sensor,TX,5552,"{""age_min_ms"": 19, ""age_max_ms"": 19}",LAT TX seq=5552 age_min_ms=19 age_max_ms=19
258300643500,screen,RX,5552,{},I (821470) LAT: RX seq=5552
258313030800,sensor,RTT,5552,"{""us"": 10097}",LAT RTT seq=5552 us=10097
258394617200,sensor,TX,5553,"{""age_min_ms"": 19, ""age_max_ms"": 19}",LAT TX seq=5553 age_min_ms=19 age_max_ms=19
258398879100,screen,RX,5553,{},I (821570) LAT: RX seq=5553
258413546400,sensor,RTT,5553,"{""us"": 7916}",LAT RTT seq=5553 us=7916
258494506900,sensor,TX,5554,"{""age_min_ms"": 19, ""age_max_ms"": 19}",LAT TX seq=5554 age_min_ms=19 age_max_ms=19
258499770400,screen,RX,5554,{},I (821670) LAT: RX seq=5554
258513111100,sensor,RTT,5554,"{""us"": 5401}",LAT RTT seq=5554 us=5401
258594521200,sensor,TX,5555,"{""age_min_ms"": 19, ""age_max_ms"": 19}",LAT TX seq=5555 age_min_ms=19 age_max_ms=19
258599445800,screen,RX,5555,{},I (821770) LAT: RX seq=5555
258614187900,sensor,RTT,5555,"{""us"": 5840}",LAT RTT seq=5555 us=5840
258694063300,sensor,TX,5556,"{""age_min_ms"": 19, ""age_max_ms"": 19}",LAT TX seq=5556 age_min_ms=19 age_max_ms=19
258699415500,screen,RX,5556,{},I (821870) LAT: RX seq=5556
258714790100,sensor,RTT,5556,"{""us"": 7542}",LAT RTT seq=5556 us=7542
258795970300,sensor,TX,5557,"{""age_min_ms"": 20, ""age_max_ms"": 20}",LAT TX seq=5557 age_min_ms=20 age_max_ms=20
258799360400,screen,RX,5557,{},I (821970) LAT: RX seq=5557
258815674400,sensor,RTT,5557,"{""us"": 3868}",LAT RTT seq=5557 us=3868
258895988600,sensor,TX,5558,"{""age_min_ms"": 21, ""age_max_ms"": 21}",LAT TX seq=5558 age_min_ms=21 age_max_ms=21
258901121000,screen,RX,5558,{},I (822070) LAT: RX seq=5558
258916605800,sensor,RTT,5558,"{""us"": 7313}",LAT RTT seq=5558 us=7313
258997846900,sensor,TX,5559,"{""age_min_ms"": 122, ""age_max_ms"": 122}",LAT TX seq=5559 age_min_ms=122 age_max_ms=122
259001696500,screen,RX,5559,{},I (822170) LAT: RX seq=5559
259016655800,sensor,RTT,5559,"{""us"": 5306}",LAT RTT seq=5559 us=5306
259097601200,sensor,TX,5560,"{""age_min_ms"": 81, ""age_max_ms"": 81}",LAT TX seq=5560 age_min_ms=81 age_max_ms=81
259108859400,screen,RX,5560,{},I (822280) LAT: RX seq=5560
259116405500,sensor,RTT,5560,"{""us"": 10662}",LAT RTT seq=5560 us=10662
259197637800,sensor,TX,5561,"{""age_min_ms"": 22, ""age_max_ms"": 22}",LAT TX seq=5561 age_min_ms=22 age_max_ms=22
259203007400,screen,RX,5561,{},I (822380) LAT: RX seq=5561
259216114100,sensor,RTT,5561,"{""us"": 7631}",LAT RTT seq=5561 us=7631
259297342000,sensor,TX,5562,"{""age_min_ms"": 22, ""age_max_ms"": 22}",LAT TX seq=5562 age_min_ms=22 age_max_ms=22
259303563400,screen,RX,5562,{},I (822480) LAT: RX seq=5562
259316352100,sensor,RTT,5562,"{""us"": 4718}",LAT RTT seq=5562 us=4718
259397454500,sensor,TX,5563,"{""age_min_ms"": 23, ""age_max_ms"": 23}",LAT TX seq=5563 age_min_ms=23 age_max_ms=23
259402951800,screen,RX,5563,{},I (822580) LAT: RX seq=5563
259416636500,sensor,RTT,5563,"{""us"": 4950}",LAT RTT seq=5563 us=4950
259497247900,sensor,TX,5564,"{""age_min_ms"": 23, ""age_max_ms"": 23}",LAT TX seq=5564 age_min_ms=23 age_max_ms=23
259501910900,screen,RX,5564,{},I (822670) LAT: RX seq=5564
259516129100,sensor,RTT,5564,"{""us"": 3920}",LAT RTT seq=5564 us=3920
259598023800,sensor,TX,5565,"{""age_min_ms"": 22, ""age_max_ms"": 22}",LAT TX seq=5565 age_min_ms=22 age_max_ms=22
259602592900,screen,RX,5565,{},I (822770) LAT: RX seq=5565
259616775800,sensor,RTT,5565,"{""us"": 4056}",LAT RTT seq=5565 us=4056
259697224600,sensor,TX,5566,"{""age_min_ms"": 14, ""age_max_ms"": 14}",LAT TX seq=5566 age_min_ms=14 age_max_ms=14
259704429200,screen,RX,5566,{},I (822880) LAT: RX seq=5566
259717273200,sensor,RTT,5566,"{""us"": 10504}",LAT RTT seq=5566 us=10504
259798012300,sensor,TX,5567,"{""age_min_ms"": 15, ""age_max_ms"": 15}",LAT TX seq=5567 age_min_ms=15 age_max_ms=15
259802348800,screen,RX,5567,{},I (822980) LAT: RX seq=5567
259818371300,sensor,RTT,5567,"{""us"": 7507}",LAT RTT seq=5567 us=7507
259898971200,sensor,TX,5568,"{""age_min_ms"": 16, ""age_max_ms"": 16}",LAT TX seq=5568 age_min_ms=16 age_max_ms=16
259903078100,screen,RX,5568,{},I (823080) LAT: RX seq=5568
259919156100,sensor,RTT,5568,"{""us"": 3073}",LAT RTT seq=5568 us=3073
260000080200,sensor,TX,5569,"{""age_min_ms"": 117, ""age_max_ms"": 117}",LAT TX seq=5569 age_min_ms=117 age_max_ms=117
260005398700,screen,RX,5569,{},I (823180) LAT: RX seq=5569
260019241000,sensor,RTT,5569,"{""us"": 4293}",LAT RTT seq=5569 us=4293
260100063800,sensor,TX,5570,"{""age_min_ms"": 76, ""age_max_ms"": 76}",LAT TX seq=5570 age_min_ms=76 age_max_ms=76
260104846200,screen,RX,5570,{},I (823280) LAT: RX seq=5570
260120246900,sensor,RTT,5570,"{""us"": 3829}",LAT RTT seq=5570 us=3829
260201141300,sensor,TX,5571,"{""age_min_ms"": 27, ""age_max_ms"": 27}",LAT TX seq=5571 age_min_ms=27 age_max_ms=27
260205173300,screen,RX,5571,{},I (823380) LAT: RX seq=5571
260220250200,sensor,RTT,5571,"{""us"": 3105}",LAT RTT seq=5571 us=3105
260301050400,sensor,TX,5572,"{""age_min_ms"": 18, ""age_max_ms"": 18}",LAT TX seq=5572 age_min_ms=18 age_max_ms=18
260306239700,screen,RX,5572,{},I (823480) LAT: RX seq=5572
260320230700,sensor,RTT,5572,"{""us"": 4266}",LAT RTT seq=5572 us=4266
260400953500,sensor,TX,5573,"{""age_min_ms"": 27, ""age_max_ms"": 27}",LAT TX seq=5573 age_min_ms=27 age_max_ms=27
260406846500,screen,RX,5573,{},I (823580) LAT: RX seq=5573
260420287300,sensor,RTT,5573,"{""us"": 5606}",LAT RTT seq=5573 us=5606
260500882800,sensor,TX,5574,"{""age_min_ms"": 27, ""age_max_ms"": 27}",LAT TX seq=5574 age_min_ms=27 age_max_ms=27
260505875900,screen,RX,5574,{},I (823680) LAT: RX seq=5574
260520326500,sensor,RTT,5574,"{""us"": 4705}",LAT RTT seq=5574 us=4705
260601114400,sensor,TX,5575,"{""age_min_ms"": 26, ""age_max_ms"": 26}",LAT TX seq=5575 age_min_ms=26 age_max_ms=26
260606453300,screen,RX,5575,{},I (823780) LAT: RX seq=5575
260621097700,sensor,RTT,5575,"{""us"": 11157}",LAT RTT seq=5575 us=11157
260701676800,sensor,TX,5576,"{""age_min_ms"": 27, ""age_max_ms"": 27}",LAT TX seq=5576 age_min_ms=27 age_max_ms=27
260706323000,screen,RX,5576,{},I (823880) LAT: RX seq=5576
260721225500,sensor,RTT,5576,"{""us"": 8407}",LAT RTT seq=5576 us=8407
260802436400,sensor,TX,5577,"{""age_min_ms"": 19, ""age_max_ms"": 19}",LAT TX seq=5577 age_min_ms=19 age_max_ms=19
260808197400,screen,RX,5577,{},I (823980) LAT: RX seq=5577
260821539700,sensor,RTT,5577,"{""us"": 6846}",LAT RTT seq=5577 us=6846
260902223700,sensor,TX,5578,"{""age_min_ms"": 27, ""age_max_ms"": 27}",LAT TX seq=5578 age_min_ms=27 age_max_ms=27
260906570000,screen,RX,5578,{},I (824080) LAT: RX seq=5578
260922633500,sensor,RTT,5578,"{""us"": 13199}",LAT RTT seq=5578 us=13199
261003702400,sensor,TX,5579,"{""age_min_ms"": 128, ""age_max_ms"": 128}",LAT TX seq=5579 age_min_ms=128 age_max_ms=128
261008232900,screen,RX,5579,{},I (824180) LAT: RX seq=5579
261022760200,sensor,RTT,5579,"{""us"": 5250}",LAT RTT seq=5579 us=5250
261104028900,sensor,TX,5580,"{""age_min_ms"": 87, ""age_max_ms"": 87}",LAT TX seq=5580 age_min_ms=87 age_max_ms=87
261108341000,screen,RX,5580,{},I (824280) LAT: RX seq=5580
261122136900,sensor,RTT,5580,"{""us"": 6790}",LAT RTT seq=5580 us=6790
261202932900,sensor,TX,5581,"{""age_min_ms"": 28, ""age_max_ms"": 28}",LAT TX seq=5581 age_min_ms=28 age_max_ms=28
261209985500,screen,RX,5581,{},I (824380) LAT: RX seq=5581
261222123700,sensor,RTT,5581,"{""us"": 7749}",LAT RTT seq=5581 us=7749
261302989800,sensor,TX,5582,"{""age_min_ms"": 28, ""age_max_ms"": 28}",LAT TX seq=5582 age_min_ms=28 age_max_ms=28
261313570100,screen,RX,5582,{},I (824490) LAT: RX seq=5582
261322150700,sensor,RTT,5582,"{""us"": 10141}",LAT RTT seq=5582 us=10141
261403648300,sensor,TX,5583,"{""age_min_ms"": 28, ""age_max_ms"": 28}",LAT TX seq=5583 age_min_ms=28 age_max_ms=28
261418613800,screen,RX,5583,{},I (824590) LAT: RX seq=5583
261442145800,sensor,RTT,5583,"{""us"": 23389}",LAT RTT seq=5583 us=23389
261503265800,sensor,TX,5584,"{""age_min_ms"": 28, ""age_max_ms"": 28}",LAT TX seq=5584 age_min_ms=28 age_max_ms=28
261508665500,screen,RX,5584,{},I (824680) LAT: RX seq=5584
261522349100,sensor,RTT,5584,"{""us"": 6961}",LAT RTT seq=5584 us=6961
261602984800,sensor,TX,5585,"{""age_min_ms"": 28, ""age_max_ms"": 28}",LAT TX seq=5585 age_min_ms=28 age_max_ms=28
261615030500,screen,RX,5585,{},I (824790) LAT: RX seq=5585
261622688700,sensor,RTT,5585,"{""us"": 14710}",LAT RTT seq=5585 us=14710
261703031800,sensor,TX,5586,"{""age_min_ms"": 28, ""age_max_ms"": 28}",LAT TX seq=5586 age_min_ms=28 age_max_ms=28
261707981700,screen,RX,5586,{},I (824880) LAT: RX seq=5586
261723215200,sensor,RTT,5586,"{""us"": 7066}",LAT RTT seq=5586 us=7066
261804200500,sensor,TX,5587,"{""age_min_ms"": 29, ""age_max_ms"": 29}",LAT TX seq=5587 age_min_ms=29 age_max_ms=29
261808305300,screen,RX,5587,{},I (824980) LAT: RX seq=5587
261824362900,sensor,RTT,5587,"{""us"": 4035}",LAT RTT seq=5587 us=4035
261905156900,sensor,TX,5588,"{""age_min_ms"": 30, ""age_max_ms"": 30}",LAT TX seq=5588 age_min_ms=30 age_max_ms=30
261910995200,screen,RX,5588,{},I (825080) LAT: RX seq=5588
261925240900,sensor,RTT,5588,"{""us"": 12957}",LAT RTT seq=5588 us=12957
262006069200,sensor,TX,5589,"{""age_min_ms"": 131, ""age_max_ms"": 131}",LAT TX seq=5589 age_min_ms=131 age_max_ms=131
262010607000,screen,RX,5589,{},I (825180) LAT: RX seq=5589
262091886800,sensor,RTT,5589,"{""us"": 3517}",LAT RTT seq=5589 us=3517
262106054900,sensor,TX,5590,"{""age_min_ms"": 90, ""age_max_ms"": 90}",LAT TX seq=5590 age_min_ms=90 age_max_ms=90
262111738300,screen,RX,5590,{},I (825280) LAT: RX seq=5590
262126252300,sensor,RTT,5590,"{""us"": 5318}",LAT RTT seq=5590 us=5318
262207100200,sensor,TX,5591,"{""age_min_ms"": 32, ""age_max_ms"": 32}",LAT TX seq=5591 age_min_ms=32 age_max_ms=32
262214450300,screen,RX,5591,{},I (825390) LAT: RX seq=5591
262226175300,sensor,RTT,5591,"{""us"": 8654}",LAT RTT seq=5591 us=8654
262306970000,sensor,TX,5592,"{""age_min_ms"": 32, ""age_max_ms"": 32}",LAT TX seq=5592 age_min_ms=32 age_max_ms=32
262315344700,screen,RX,5592,{},I (825490) LAT: RX seq=5592
262326246400,sensor,RTT,5592,"{""us"": 7276}",LAT RTT seq=5592 us=7276
262407317000,sensor,TX,5593,"{""age_min_ms"": 32, ""age_max_ms"": 32}",LAT TX seq=5593 age_min_ms=32 age_max_ms=32
262417800500,screen,RX,5593,{},I (825590) LAT: RX seq=5593
262426410000,sensor,RTT,5593,"{""us"": 10443}",LAT RTT seq=5593 us=10443
262507050700,sensor,TX,5594,"{""age_min_ms"": 32, ""age_max_ms"": 32}",LAT TX seq=5594 age_min_ms=32 age_max_ms=32
262511644000,screen,RX,5594,{},I (825680) LAT: RX seq=5594
262526295800,sensor,RTT,5594,"{""us"": 3476}",LAT RTT seq=5594 us=3476
262607211900,sensor,TX,5595,"{""age_min_ms"": 33, ""age_max_ms"": 33}",LAT TX seq=5595 age_min_ms=33 age_max_ms=33
262614739000,screen,RX,5595,{},I (825790) LAT: RX seq=5595
262626926400,sensor,RTT,5595,"{""us"": 7216}",LAT RTT seq=5595 us=7216
262707380800,sensor,TX,5596,"{""age_min_ms"": 33, ""age_max_ms"": 33}",LAT TX seq=5596 age_min_ms=33 age_max_ms=33
262711427100,screen,RX,5596,{},I (825880) LAT: RX seq=5596
262727542900,sensor,RTT,5596,"{""us"": 15695}",LAT RTT seq=5596 us=15695
262808009700,sensor,TX,5597,"{""age_min_ms"": 33, ""age_max_ms"": 33}",LAT TX seq=5597 age_min_ms=33 age_max_ms=33
262813986600,screen,RX,5597,{},I (825990) LAT: RX seq=5597
262828220000,sensor,RTT,5597,"{""us"": 4805}",LAT RTT seq=5597 us=4805
262909081600,sensor,TX,5598,"{""age_min_ms"": 34, ""age_max_ms"": 34}",LAT TX seq=5598 age_min_ms=34 age_max_ms=34
262913365800,screen,RX,5598,{},I (826090) LAT: RX seq=5598
262929282300,sensor,RTT,5598,"{""us"": 11318}",LAT RTT seq=5598 us=11318
263010279200,sensor,TX,5599,"{""age_min_ms"": 135, ""age_max_ms"": 135}",LAT TX seq=5599 age_min_ms=135 age_max_ms=135
263015944500,screen,RX,5599,{},I (826190) LAT: RX seq=5599
263029234700,sensor,RTT,5599,"{""us"": 6165}",LAT RTT seq=5599 us=6165
263109974000,sensor,TX,5600,"{""age_min_ms"": 94, ""age_max_ms"": 94}",LAT TX seq=5600 age_min_ms=94 age_max_ms=94
263114337100,screen,RX,5600,{},I (826290) LAT: RX seq=5600
263130249100,sensor,RTT,5600,"{""us"": 4635}",LAT RTT seq=5600 us=4635
263211232700,sensor,TX,5601,"{""age_min_ms"": 36, ""age_max_ms"": 36}",LAT TX seq=5601 age_min_ms=36 age_max_ms=36
263218768900,screen,RX,5601,{},I (826390) LAT: RX seq=5601
263230294200,sensor,RTT,5601,"{""us"": 7098}",LAT RTT seq=5601 us=7098
263310940000,sensor,TX,5602,"{""age_min_ms"": 36, ""age_max_ms"": 36}",LAT TX seq=5602 age_min_ms=36 age_max_ms=36
263319244100,screen,RX,5602,{},I (826490) LAT: RX seq=5602
263330339300,sensor,RTT,5602,"{""us"": 7210}",LAT RTT seq=5602 us=7210
263411109900,sensor,TX,5603,"{""age_min_ms"": 36, ""age_max_ms"": 36}",LAT TX seq=5603 age_min_ms=36 age_max_ms=36
263418787000,screen,RX,5603,{},I (826590) LAT: RX seq=5603
263430479100,sensor,RTT,5603,"{""us"": 7182}",LAT RTT seq=5603 us=7182
263511427100,sensor,TX,5604,"{""age_min_ms"": 36, ""age_max_ms"": 36}",LAT TX seq=5604 age_min_ms=36 age_max_ms=36
263516257600,screen,RX,5604,{},I (826690) LAT: RX seq=5604
263530842800,sensor,RTT,5604,"{""us"": 5121}",LAT RTT seq=5604 us=5121
263611518300,sensor,TX,5605,"{""age_min_ms"": 36, ""age_max_ms"": 36}",LAT TX seq=5605 age_min_ms=36 age_max_ms=36
263616338300,screen,RX,5605,{},I (826790) LAT: RX seq=5605
263630469900,sensor,RTT,5605,"{""us"": 11714}",LAT RTT seq=5605 us=11714
263711044600,sensor,TX,5606,"{""age_min_ms"": 36, ""age_max_ms"": 36}",LAT TX seq=5606 age_min_ms=36 age_max_ms=36
263716254200,screen,RX,5606,{},I (826890) LAT: RX seq=5606
263731499900,sensor,RTT,5606,"{""us"": 4488}",LAT RTT seq=5606 us=4488
263812190200,sensor,TX,5607,"{""age_min_ms"": 37, ""age_max_ms"": 37}",LAT TX seq=5607 age_min_ms=37 age_max_ms=37
263817698200,screen,RX,5607,{},I (826990) LAT: RX seq=5607
263832128500,sensor,RTT,5607,"{""us"": 4761}",LAT RTT seq=5607 us=4761
263913017100,sensor,TX,5608,"{""age_min_ms"": 38, ""age_max_ms"": 38}",LAT TX seq=5608 age_min_ms=38 age_max_ms=38
263918533400,screen,RX,5608,{},I (827090) LAT: RX seq=5608
263932182800,sensor,RTT,5608,"{""us"": 12399}",LAT RTT seq=5608 us=12399
264012974600,sensor,TX,5609,"{""age_min_ms"": 138, ""age_max_ms"": 138}",LAT TX seq=5609 age_min_ms=138 age_max_ms=138
264018487300,screen,RX,5609,{},I (827190) LAT: RX seq=5609
264032213000,sensor,RTT,5609,"{""us"": 5186}",LAT RTT seq=5609 us=5186
264113101200,sensor,TX,5610,"{""age_min_ms"": 97, ""age_max_ms"": 97}",LAT TX seq=5610 age_min_ms=97 age_max_ms=97
264117315100,screen,RX,5610,{},I (827290) LAT: RX seq=5610
264132185100,sensor,RTT,5610,"{""us"": 9730}",LAT RTT seq=5610 us=9730
264213156100,sensor,TX,5611,"{""age_min_ms"": 38, ""age_max_ms"": 38}",LAT TX seq=5611 age_min_ms=38 age_max_ms=38
264220300900,screen,RX,5611,{},I (827390) LAT: RX seq=5611
264232196700,sensor,RTT,5611,"{""us"": 6800}",LAT RTT seq=5611 us=6800
264312924400,sensor,TX,5612,"{""age_min_ms"": 39, ""age_max_ms"": 39}",LAT TX seq=5612 age_min_ms=39 age_max_ms=39
264320074000,screen,RX,5612,{},I (827490) LAT: RX seq=5612
264332108200,sensor,RTT,5612,"{""us"": 9783}",LAT RTT seq=5612 us=9783
264412932900,sensor,TX,5613,"{""age_min_ms"": 38, ""age_max_ms"": 38}",LAT TX seq=5613 age_min_ms=38 age_max_ms=38
264418820800,screen,RX,5613,{},I (827590) LAT: RX seq=5613
264432108500,sensor,RTT,5613,"{""us"": 8334}",LAT RTT seq=5613 us=8334
264513069000,sensor,TX,5614,"{""age_min_ms"": 38, ""age_max_ms"": 38}",LAT TX seq=5614 age_min_ms=38 age_max_ms=38
264517178700,screen,RX,5614,{},I (827690) LAT: RX seq=5614
264532476000,sensor,RTT,5614,"{""us"": 6832}",LAT RTT seq=5614 us=6832
264613464600,sensor,TX,5615,"{""age_min_ms"": 38, ""age_max_ms"": 38}",LAT TX seq=5615 age_min_ms=38 age_max_ms=38
264617765300,screen,RX,5615,{},I (827790) LAT: RX seq=5615
264635880200,sensor,RTT,5615,"{""us"": 4280}",LAT RTT seq=5615 us=4280
264714064100,sensor,TX,5616,"{""age_min_ms"": 30, ""age_max_ms"": 30}",LAT TX seq=5616 age_min_ms=30 age_max_ms=30
264720268500,screen,RX,5616,{},I (827890) LAT: RX seq=5616
264734673600,sensor,RTT,5616,"{""us"": 13801}",LAT RTT seq=5616 us=13801
264815540400,sensor,TX,5617,"{""age_min_ms"": 40, ""age_max_ms"": 40}",LAT TX seq=5617 age_min_ms=40 age_max_ms=40
264818518500,screen,RX,5617,{},I (827990) LAT: RX seq=5617
264834243100,sensor,RTT,5617,"{""us"": 3951}",LAT RTT seq=5617 us=3951
264915105800,sensor,TX,5618,"{""age_min_ms"": 32, ""age_max_ms"": 32}",LAT TX seq=5618 age_min_ms=32 age_max_ms=32
264920352900,screen,RX,5618,{},I (828090) LAT: RX seq=5618
264935672000,sensor,RTT,5618,"{""us"": 4547}",LAT RTT seq=5618 us=4547
265016340100,sensor,TX,5619,"{""age_min_ms"": 0, ""age_max_ms"": 0}",LAT TX seq=5619 age_min_ms=0 age_max_ms=0
265024850500,screen,RX,5619,{},I (828200) LAT: RX seq=5619
265036642500,sensor,RTT,5619,"{""us"": 9929}",LAT RTT seq=5619 us=9929
265117276200,sensor,TX,5620,"{""age_min_ms"": 2, ""age_max_ms"": 2}",LAT TX seq=5620 age_min_ms=2 age_max_ms=2
265124719300,screen,RX,5620,{},I (828300) LAT: RX seq=5620
265137714000,sensor,RTT,5620,"{""us"": 10094}",LAT RTT seq=5620 us=10094
265221140900,sensor,TX,5621,"{""age_min_ms"": 35, ""age_max_ms"": 35}",LAT TX seq=5621 age_min_ms=35 age_max_ms=35
265224065500,screen,RX,5621,{},I (828400) LAT: RX seq=5621
265241042100,sensor,RTT,5621,"{""us"": 4546}",LAT RTT seq=5621 us=4546
265318426500,sensor,TX,5622,"{""age_min_ms"": 35, ""age_max_ms"": 35}",LAT TX seq=5622 age_min_ms=35 age_max_ms=35
265322503200,screen,RX,5622,{},I (828500) LAT: RX seq=5622
265337692500,sensor,RTT,5622,"{""us"": 4153}",LAT RTT seq=5622 us=4153
265418084500,sensor,TX,5623,"{""age_min_ms"": 35, ""age_max_ms"": 35}",LAT TX seq=5623 age_min_ms=35 age_max_ms=35
265426724800,screen,RX,5623,{},I (828600) LAT: RX seq=5623
265437287800,sensor,RTT,5623,"{""us"": 8831}",LAT RTT seq=5623 us=8831
265518416800,sensor,TX,5624,"{""age_min_ms"": 35, ""age_max_ms"": 35}",LAT TX seq=5624 age_min_ms=35 age_max_ms=35
265524076400,screen,RX,5624,{},I (828700) LAT: RX seq=5624
265537462900,sensor,RTT,5624,"{""us"": 5278}",LAT RTT seq=5624 us=5278
265617976400,sensor,TX,5625,"{""age_min_ms"": 43, ""age_max_ms"": 43}",LAT TX seq=5625 age_min_ms=43 age_max_ms=43
265624100700,screen,RX,5625,{},I (828800) LAT: RX seq=5625
265637243000,sensor,RTT,5625,"{""us"": 8068}",LAT RTT seq=5625 us=8068
265718127000,sensor,TX,5626,"{""age_min_ms"": 35, ""age_max_ms"": 35}",LAT TX seq=5626 age_min_ms=35 age_max_ms=35
265723020300,screen,RX,5626,{},I (828900) LAT: RX seq=5626
265738266000,sensor,RTT,5626,"{""us"": 4517}",LAT RTT seq=5626 us=4517
265819645200,sensor,TX,5627,"{""age_min_ms"": 36, ""age_max_ms"": 36}",LAT TX seq=5627 age_min_ms=36 age_max_ms=36
265823391700,screen,RX,5627,{},I (829000) LAT: RX seq=5627
265839255100,sensor,RTT,5627,"{""us"": 4302}",LAT RTT seq=5627 us=4302
265920206400,sensor,TX,5628,"{""age_min_ms"": 44, ""age_max_ms"": 44}",LAT TX seq=5628 age_min_ms=44 age_max_ms=44
265925484300,screen,RX,5628,{},I (829100) LAT: RX seq=5628
265940309200,sensor,RTT,5628,"{""us"": 10603}",LAT RTT seq=5628 us=10603
266021264300,sensor,TX,5629,"{""age_min_ms"": 145, ""age_max_ms"": 145}",LAT TX seq=5629 age_min_ms=145 age_max_ms=145
266028849900,screen,RX,5629,{},I (829200) LAT: RX seq=5629
266040212200,sensor,RTT,5629,"{""us"": 10166}",LAT RTT seq=5629 us=10166
266122916800,sensor,TX,5630,"{""age_min_ms"": 97, ""age_max_ms"": 97}",LAT TX seq=5630 age_min_ms=97 age_max_ms=97
266125654700,screen,RX,5630,{},I (829300) LAT: RX seq=5630
266142169700,sensor,RTT,5630,"{""us"": 4003}",LAT RTT seq=5630 us=4003
266221464400,sensor,TX,5631,"{""age_min_ms"": 38, ""age_max_ms"": 38}",LAT TX seq=5631 age_min_ms=38 age_max_ms=38
266227630700,screen,RX,5631,{},I (829400) LAT: RX seq=5631
266240357400,sensor,RTT,5631,"{""us"": 5396}",LAT RTT seq=5631 us=5396
266321729600,sensor,TX,5632,"{""age_min_ms"": 38, ""age_max_ms"": 38}",LAT TX seq=5632 age_min_ms=38 age_max_ms=38
266326113800,screen,RX,5632,{},I (829500) LAT: RX seq=5632
266340901800,sensor,RTT,5632,"{""us"": 3939}",LAT RTT seq=5632 us=3939
266421495600,sensor,TX,5633,"{""age_min_ms"": 38, ""age_max_ms"": 38}",LAT TX seq=5633 age_min_ms=38 age_max_ms=38
266428533900,screen,RX,5633,{},I (829600) LAT: RX seq=5633
266440347800,sensor,RTT,5633,"{""us"": 5965}",LAT RTT seq=5633 us=5965
266521188400,sensor,TX,5634,"{""age_min_ms"": 38, ""age_max_ms"": 38}",LAT TX seq=5634 age_min_ms=38 age_max_ms=38
266526651800,screen,RX,5634,{},I (829700) LAT: RX seq=5634
266540506200,sensor,RTT,5634,"{""us"": 7319}",LAT RTT seq=5634 us=7319
266621665300,sensor,TX,5635,"{""age_min_ms"": 38, ""age_max_ms"": 38}",LAT TX seq=5635 age_min_ms=38 age_max_ms=38
266625898700,screen,RX,5635,{},I (829800) LAT: RX seq=5635
266649464400,sensor,RTT,5635,"{""us"": 4313}",LAT RTT seq=5635 us=4313
266722297100,sensor,TX,5636,"{""age_min_ms"": 38, ""age_max_ms"": 38}",LAT TX seq=5636 age_min_ms=38 age_max_ms=38
266726215100,screen,RX,5636,{},I (829900) LAT: RX seq=5636
266741449700,sensor,RTT,5636,"{""us"": 3562}",LAT RTT seq=5636 us=3562
266822652500,sensor,TX,5637,"{""age_min_ms"": 48, ""age_max_ms"": 48}",LAT TX seq=5637 age_min_ms=48 age_max_ms=48
266827594500,screen,RX,5637,{},I (830000) LAT: RX seq=5637
266842627900,sensor,RTT,5637,"{""us"": 5950}",LAT RTT seq=5637 us=5950
266923934600,sensor,TX,5638,"{""age_min_ms"": 49, ""age_max_ms"": 49}",LAT TX seq=5638 age_min_ms=49 age_max_ms=49
266927663600,screen,RX,5638,{},I (830100) LAT: RX seq=5638
266943145800,sensor,RTT,5638,"{""us"": 6860}",LAT RTT seq=5638 us=6860
267024100700,sensor,TX,5639,"{""age_min_ms"": 15, ""age_max_ms"": 15}",LAT TX seq=5639 age_min_ms=15 age_max_ms=15
267027768000,screen,RX,5639,{},I (830200) LAT: RX seq=5639
267042678700,sensor,RTT,5639,"{""us"": 4026}",LAT RTT seq=5639 us=4026
267123761800,sensor,TX,5640,"{""age_min_ms"": 115, ""age_max_ms"": 115}",LAT TX seq=5640 age_min_ms=115 age_max_ms=115
267127586800,screen,RX,5640,{},I (830300) LAT: RX seq=5640
267143265600,sensor,RTT,5640,"{""us"": 3040}",LAT RTT seq=5640 us=3040
267223535900,sensor,TX,5641,"{""age_min_ms"": 48, ""age_max_ms"": 48}",LAT TX seq=5641 age_min_ms=48 age_max_ms=48
267227661800,screen,RX,5641,{},I (830400) LAT: RX seq=5641
267243426700,sensor,RTT,5641,"{""us"": 3619}",LAT RTT seq=5641 us=3619
267323029000,sensor,TX,5642,"{""age_min_ms"": 56, ""age_max_ms"": 56}",LAT TX seq=5642 age_min_ms=56 age_max_ms=56
267327201600,screen,RX,5642,{},I (830500) LAT: RX seq=5642
267343275000,sensor,RTT,5642,"{""us"": 3911}",LAT RTT seq=5642 us=3911
267424662800,sensor,TX,5643,"{""age_min_ms"": 40, ""age_max_ms"": 40}",LAT TX seq=5643 age_min_ms=40 age_max_ms=40
267427569200,screen,RX,5643,{},I (830600) LAT: RX seq=5643
267442959100,sensor,RTT,5643,"{""us"": 8833}",LAT RTT seq=5643 us=8833
267525034200,sensor,TX,5644,"{""age_min_ms"": 47, ""age_max_ms"": 47}",LAT TX seq=5644 age_min_ms=47 age_max_ms=47
267537166400,screen,RX,5644,{},I (830710) LAT: RX seq=5644
267542640100,sensor,RTT,5644,"{""us"": 13339}",LAT RTT seq=5644 us=13339
267625892800,sensor,TX,5645,"{""age_min_ms"": 48, ""age_max_ms"": 48}",LAT TX seq=5645 age_min_ms=48 age_max_ms=48
267643549000,screen,RX,5645,{},I (830800) LAT: RX seq=5645
267644707800,sensor,RTT,5645,"{""us"": 3903}",LAT RTT seq=5645 us=3903
267724567200,sensor,TX,5646,"{""age_min_ms"": 48, ""age_max_ms"": 48}",LAT TX seq=5646 age_min_ms=48 age_max_ms=48
267728487300,screen,RX,5646,{},I (830900) LAT: RX seq=5646
267744597600,sensor,RTT,5646,"{""us"": 3765}",LAT RTT seq=5646 us=3765
267825094100,sensor,TX,5647,"{""age_min_ms"": 42, ""age_max_ms"": 42}",LAT TX seq=5647 age_min_ms=42 age_max_ms=42
267836354300,screen,RX,5647,{},I (831010) LAT: RX seq=5647
267844406500,sensor,RTT,5647,"{""us"": 13982}",LAT RTT seq=5647 us=13982
267925926400,sensor,TX,5648,"{""age_min_ms"": 42, ""age_max_ms"": 42}",LAT TX seq=5648 age_min_ms=42 age_max_ms=42
267929674400,screen,RX,5648,{},I (831100) LAT: RX seq=5648
267944868100,sensor,RTT,5648,"{""us"": 13557}",LAT RTT seq=5648 us=13557
268025601300,sensor,TX,5649,"{""age_min_ms"": 1, ""age_max_ms"": 1}",LAT TX seq=5649 age_min_ms=1 age_max_ms=1
268031506000,screen,RX,5649,{},I (831200) LAT: RX seq=5649
268044711500,sensor,RTT,5649,"{""us"": 5193}",LAT RTT seq=5649 us=5193
268125901000,sensor,TX,5650,"{""age_min_ms"": 10, ""age_max_ms"": 10}",LAT TX seq=5650 age_min_ms=10 age_max_ms=10
268131853400,screen,RX,5650,{},I (831300) LAT: RX seq=5650
268145162600,sensor,RTT,5650,"{""us"": 8121}",LAT RTT seq=5650 us=8121
268225164000,sensor,TX,5651,"{""age_min_ms"": 42, ""age_max_ms"": 42}",LAT TX seq=5651 age_min_ms=42 age_max_ms=42
268229265000,screen,RX,5651,{},I (831400) LAT: RX seq=5651
268244827600,sensor,RTT,5651,"{""us"": 3900}",LAT RTT seq=5651 us=3900
268325377900,sensor,TX,5652,"{""age_min_ms"": 42, ""age_max_ms"": 42}",LAT TX seq=5652 age_min_ms=42 age_max_ms=42
268330797000,screen,RX,5652,{},I (831500) LAT: RX seq=5652
268344450600,sensor,RTT,5652,"{""us"": 5121}",LAT RTT seq=5652 us=5121
268425247300,sensor,TX,5653,"{""age_min_ms"": 42, ""age_max_ms"": 42}",LAT TX seq=5653 age_min_ms=42 age_max_ms=42
268430739000,screen,RX,5653,{},I (831600) LAT: RX seq=5653
268444496100,sensor,RTT,5653,"{""us"": 4563}",LAT RTT seq=5653 us=4563
268525508900,sensor,TX,5654,"{""age_min_ms"": 42, ""age_max_ms"": 42}",LAT TX seq=5654 age_min_ms=42 age_max_ms=42
268530314300,screen,RX,5654,{},I (831700) LAT: RX seq=5654
268547637700,sensor,RTT,5654,"{""us"": 4044}",LAT RTT seq=5654 us=4044
268626128700,sensor,TX,5655,"{""age_min_ms"": 42, ""age_max_ms"": 42}",LAT TX seq=5655 age_min_ms=42 age_max_ms=42
268631625500,screen,RX,5655,{},I (831800) LAT: RX seq=5655
268645653600,sensor,RTT,5655,"{""us"": 6029}",LAT RTT seq=5655 us=6029
268726627700,sensor,TX,5656,"{""age_min_ms"": 42, ""age_max_ms"": 42}",LAT TX seq=5656 age_min_ms=42 age_max_ms=42
268730236300,screen,RX,5656,{},I (831900) LAT: RX seq=5656
268745789600,sensor,RTT,5656,"{""us"": 5151}",LAT RTT seq=5656 us=5151
268826662600,sensor,TX,5657,"{""age_min_ms"": 43, ""age_max_ms"": 43}",LAT TX seq=5657 age_min_ms=43 age_max_ms=43
268830543900,screen,RX,5657,{},I (832000) LAT: RX seq=5657
268846860700,sensor,RTT,5657,"{""us"": 3562}",LAT RTT seq=5657 us=3562
268927455600,sensor,TX,5658,"{""age_min_ms"": 44, ""age_max_ms"": 44}",LAT TX seq=5658 age_min_ms=44 age_max_ms=44
268932895000,screen,RX,5658,{},I (832110) LAT: RX seq=5658
268947517700,sensor,RTT,5658,"{""us"": 5221}",LAT RTT seq=5658 us=5221
269028588000,sensor,TX,5659,"{""age_min_ms"": 12, ""age_max_ms"": 12}",LAT TX seq=5659 age_min_ms=12 age_max_ms=12
269032862200,screen,RX,5659,{},I (832210) LAT: RX seq=5659
269049103800,sensor,RTT,5659,"{""us"": 3567}",LAT RTT seq=5659 us=3567
269130121300,sensor,TX,5660,"{""age_min_ms"": 13, ""age_max_ms"": 13}",LAT TX seq=5660 age_min_ms=13 age_max_ms=13
269134301200,screen,RX,5660,{},I (832310) LAT: RX seq=5660
269149895500,sensor,RTT,5660,"{""us"": 3942}",LAT RTT seq=5660 us=3942
269230360700,sensor,TX,5661,"{""age_min_ms"": 55, ""age_max_ms"": 55}",LAT TX seq=5661 age_min_ms=55 age_max_ms=55
269236600400,screen,RX,5661,{},I (832410) LAT: RX seq=5661
269251031400,sensor,RTT,5661,"{""us"": 5457}",LAT RTT seq=5661 us=5457
269330420200,sensor,TX,5662,"{""age_min_ms"": 55, ""age_max_ms"": 55}",LAT TX seq=5662 age_min_ms=55 age_max_ms=55
269334972700,screen,RX,5662,{},I (832510) LAT: RX seq=5662
269352782200,sensor,RTT,5662,"{""us"": 3243}",LAT RTT seq=5662 us=3243
269430215300,sensor,TX,5663,"{""age_min_ms"": 55, ""age_max_ms"": 55}",LAT TX seq=5663 age_min_ms=55 age_max_ms=55
269435802200,screen,RX,5663,{},I (832610) LAT: RX seq=5663
269449890000,sensor,RTT,5663,"{""us"": 7301}",LAT RTT seq=5663 us=7301
269531193200,sensor,TX,5664,"{""age_min_ms"": 55, ""age_max_ms"": 55}",LAT TX seq=5664 age_min_ms=55 age_max_ms=55
269535192700,screen,RX,5664,{},I (832710) LAT: RX seq=5664
269549315500,sensor,RTT,5664,"{""us"": 4921}",LAT RTT seq=5664 us=4921
269630738500,sensor,TX,5665,"{""age_min_ms"": 55, ""age_max_ms"": 55}",LAT TX seq=5665 age_min_ms=55 age_max_ms=55
269634720200,screen,RX,5665,{},I (832810) LAT: RX seq=5665
269649579700,sensor,RTT,5665,"{""us"": 4970}",LAT RTT seq=5665 us=4970
269730164100,sensor,TX,5666,"{""age_min_ms"": 55, ""age_max_ms"": 55}",LAT TX seq=5666 age_min_ms=55 age_max_ms=55
269734434100,screen,RX,5666,{},I (832910) LAT: RX seq=5666
269750286200,sensor,RTT,5666,"{""us"": 5367}",LAT RTT seq=5666 us=5367
269831318000,sensor,TX,5667,"{""age_min_ms"": 56, ""age_max_ms"": 56}",LAT TX seq=5667 age_min_ms=56 age_max_ms=56
269835293700,screen,RX,5667,{},I (833010) LAT: RX seq=5667
269851420700,sensor,RTT,5667,"{""us"": 3880}",LAT RTT seq=5667 us=3880
269932541000,sensor,TX,5668,"{""age_min_ms"": 57, ""age_max_ms"": 57}",LAT TX seq=5668 age_min_ms=57 age_max_ms=57
269936779000,screen,RX,5668,{},I (833110) LAT: RX seq=5668
269951304800,sensor,RTT,5668,"{""us"": 7533}",LAT RTT seq=5668 us=7533
270032146100,sensor,TX,5669,"{""age_min_ms"": 16, ""age_max_ms"": 16}",LAT TX seq=5669 age_min_ms=16 age_max_ms=16
270040467200,screen,RX,5669,{},I (833210) LAT: RX seq=5669
270052336900,sensor,RTT,5669,"{""us"": 15148}",LAT RTT seq=5669 us=15148
270133193500,sensor,TX,5670,"{""age_min_ms"": 17, ""age_max_ms"": 17}",LAT TX seq=5670 age_min_ms=17 age_max_ms=17
270138915000,screen,RX,5670,{},I (833310) LAT: RX seq=5670
270153426500,sensor,RTT,5670,"{""us"": 6251}",LAT RTT seq=5670 us=6251
270234407500,sensor,TX,5671,"{""age_min_ms"": 59, ""age_max_ms"": 59}",LAT TX seq=5671 age_min_ms=59 age_max_ms=59
270239307400,screen,RX,5671,{},I (833410) LAT: RX seq=5671
270253336400,sensor,RTT,5671,"{""us"": 4128}",LAT RTT seq=5671 us=4128
270334046200,sensor,TX,5672,"{""age_min_ms"": 59, ""age_max_ms"": 59}",LAT TX seq=5672 age_min_ms=59 age_max_ms=59
270339309700,screen,RX,5672,{},I (833510) LAT: RX seq=5672
270353292600,sensor,RTT,5672,"{""us"": 4701}",LAT RTT seq=5672 us=4701
270434078300,sensor,TX,5673,"{""age_min_ms"": 59, ""age_max_ms"": 59}",LAT TX seq=5673 age_min_ms=59 age_max_ms=59
270438313200,screen,RX,5673,{},I (833610) LAT: RX seq=5673
270453727900,sensor,RTT,5673,"{""us"": 3483}",LAT RTT seq=5673 us=3483
270534302700,sensor,TX,5674,"{""age_min_ms"": 60, ""age_max_ms"": 60}",LAT TX seq=5674 age_min_ms=60 age_max_ms=60
270538621300,screen,RX,5674,{},I (833710) LAT: RX seq=5674
270554365100,sensor,RTT,5674,"{""us"": 4199}",LAT RTT seq=5674 us=4199
270634762400,sensor,TX,5675,"{""age_min_ms"": 60, ""age_max_ms"": 60}",LAT TX seq=5675 age_min_ms=60 age_max_ms=60
270639235300,screen,RX,5675,{},I (833810) LAT: RX seq=5675
270653391100,sensor,RTT,5675,"{""us"": 5860}",LAT RTT seq=5675 us=5860
270734184400,sensor,TX,5676,"{""age_min_ms"": 59, ""age_max_ms"": 59}",LAT TX seq=5676 age_min_ms=59 age_max_ms=59
270738607000,screen,RX,5676,{},I (833910) LAT: RX seq=5676
270755123200,sensor,RTT,5676,"{""us"": 3086}",LAT RTT seq=5676 us=3086
270835348300,sensor,TX,5677,"{""age_min_ms"": 61, ""age_max_ms"": 61}",LAT TX seq=5677 age_min_ms=61 age_max_ms=61
270840605900,screen,RX,5677,{},I (834010) LAT: RX seq=5677
270855568000,sensor,RTT,5677,"{""us"": 5084}",LAT RTT seq=5677 us=5084
270936674200,sensor,TX,5678,"{""age_min_ms"": 61, ""age_max_ms"": 61}",LAT TX seq=5678 age_min_ms=61 age_max_ms=61
270944854900,screen,RX,5678,{},I (834120) LAT: RX seq=5678
270955534800,sensor,RTT,5678,"{""us"": 9163}",LAT RTT seq=5678 us=9163
271036207200,sensor,TX,5679,"{""age_min_ms"": 20, ""age_max_ms"": 20}",LAT TX seq=5679 age_min_ms=20 age_max_ms=20
271041933500,screen,RX,5679,{},I (834210) LAT: RX seq=5679
271055651500,sensor,RTT,5679,"{""us"": 6423}",LAT RTT seq=5679 us=6423
271136131600,sensor,TX,5680,"{""age_min_ms"": 20, ""age_max_ms"": 20}",LAT TX seq=5680 age_min_ms=20 age_max_ms=20
271143051200,screen,RX,5680,{},I (834310) LAT: RX seq=5680
271155595800,sensor,RTT,5680,"{""us"": 5583}",LAT RTT seq=5680 us=5583
271236223700,sensor,TX,5681,"{""age_min_ms"": 62, ""age_max_ms"": 62}",LAT TX seq=5681 age_min_ms=62 age_max_ms=62
271240788200,screen,RX,5681,{},I (834410) LAT: RX seq=5681
271255563700,sensor,RTT,5681,"{""us"": 3468}",LAT RTT seq=5681 us=3468
271336112300,sensor,TX,5682,"{""age_min_ms"": 62, ""age_max_ms"": 62}",LAT TX seq=5682 age_min_ms=62 age_max_ms=62
271340554900,screen,RX,5682,{},I (834510) LAT: RX seq=5682
271355664000,sensor,RTT,5682,"{""us"": 3284}",LAT RTT seq=5682 us=3284
271436505000,sensor,TX,5683,"{""age_min_ms"": 61, ""age_max_ms"": 61}",LAT TX seq=5683 age_min_ms=61 age_max_ms=61
271440782200,screen,RX,5683,{},I (834610) LAT: RX seq=5683
271455554400,sensor,RTT,5683,"{""us"": 6577}",LAT RTT seq=5683 us=6577
271536125500,sensor,TX,5684,"{""age_min_ms"": 61, ""age_max_ms"": 61}",LAT TX seq=5684 age_min_ms=61 age_max_ms=61
271540255500,screen,RX,5684,{},I (834710) LAT: RX seq=5684
271555459900,sensor,RTT,5684,"{""us"": 3302}",LAT RTT seq=5684 us=3302
271636252400,sensor,TX,5685,"{""age_min_ms"": 61, ""age_max_ms"": 61}",LAT TX seq=5685 age_min_ms=61 age_max_ms=61
271642475900,screen,RX,5685,{},I (834820) LAT: RX seq=5685
271655364000,sensor,RTT,5685,"{""us"": 5256}",LAT RTT seq=5685 us=5256
271736072300,sensor,TX,5686,"{""age_min_ms"": 53, ""age_max_ms"": 53}",LAT TX seq=5686 age_min_ms=53 age_max_ms=53
271740263300,screen,RX,5686,{},I (834910) LAT: RX seq=5686
271756292700,sensor,RTT,5686,"{""us"": 3859}",LAT RTT seq=5686 us=3859
271837889100,sensor,TX,5687,"{""age_min_ms"": 54, ""age_max_ms"": 54}",LAT TX seq=5687 age_min_ms=54 age_max_ms=54
271842000400,screen,RX,5687,{},I (835010) LAT: RX seq=5687
271857530600,sensor,RTT,5687,"{""us"": 3832}",LAT RTT seq=5687 us=3832
271938245400,sensor,TX,5688,"{""age_min_ms"": 64, ""age_max_ms"": 64}",LAT TX seq=5688 age_min_ms=64 age_max_ms=64
271942364100,screen,RX,5688,{},I (835120) LAT: RX seq=5688
271957351000,sensor,RTT,5688,"{""us"": 3299}",LAT RTT seq=5688 us=3299
272038135700,sensor,TX,5689,"{""age_min_ms"": 23, ""age_max_ms"": 23}",LAT TX seq=5689 age_min_ms=23 age_max_ms=23
272042576200,screen,RX,5689,{},I (835220) LAT: RX seq=5689
272058529800,sensor,RTT,5689,"{""us"": 5579}",LAT RTT seq=5689 us=5579
272139138100,sensor,TX,5690,"{""age_min_ms"": 24, ""age_max_ms"": 24}",LAT TX seq=5690 age_min_ms=24 age_max_ms=24
272143778700,screen,RX,5690,{},I (835320) LAT: RX seq=5690
272159495800,sensor,RTT,5690,"{""us"": 3791}",LAT RTT seq=5690 us=3791
272240147100,sensor,TX,5691,"{""age_min_ms"": 65, ""age_max_ms"": 65}",LAT TX seq=5691 age_min_ms=65 age_max_ms=65
272246335600,screen,RX,5691,{},I (835420) LAT: RX seq=5691
272259228500,sensor,RTT,5691,"{""us"": 5298}",LAT RTT seq=5691 us=5298
272340099800,sensor,TX,5692,"{""age_min_ms"": 65, ""age_max_ms"": 65}",LAT TX seq=5692 age_min_ms=65 age_max_ms=65
272344146000,screen,RX,5692,{},I (835520) LAT: RX seq=5692
272359308900,sensor,RTT,5692,"{""us"": 3945}",LAT RTT seq=5692 us=3945
272440341900,sensor,TX,5693,"{""age_min_ms"": 65, ""age_max_ms"": 65}",LAT TX seq=5693 age_min_ms=65 age_max_ms=65
272446060800,screen,RX,5693,{},I (835620) LAT: RX seq=5693
272459676000,sensor,RTT,5693,"{""us"": 8072}",LAT RTT seq=5693 us=8072
272540101700,sensor,TX,5694,"{""age_min_ms"": 65, ""age_max_ms"": 65}",LAT TX seq=5694 age_min_ms=65 age_max_ms=65
272544643000,screen,RX,5694,{},I (835720) LAT: RX seq=5694
272559299400,sensor,RTT,5694,"{""us"": 9272}",LAT RTT seq=5694 us=9272
272639985700,sensor,TX,5695,"{""age_min_ms"": 65, ""age_max_ms"": 65}",LAT TX seq=5695 age_min_ms=65 age_max_ms=65
272647618500,screen,RX,5695,{},I (835820) LAT: RX seq=5695
272659315000,sensor,RTT,5695,"{""us"": 19038}",LAT RTT seq=5695 us=19038
272740109700,sensor,TX,5696,"{""age_min_ms"": 65, ""age_max_ms"": 65}",LAT TX seq=5696 age_min_ms=65 age_max_ms=65
272749658200,screen,RX,5696,{},I (835920) LAT: RX seq=5696
272760524000,sensor,RTT,5696,"{""us"": 16140}",LAT RTT seq=5696 us=16140
272841402000,sensor,TX,5697,"{""age_min_ms"": 66, ""age_max_ms"": 66}",LAT TX seq=5697 age_min_ms=66 age_max_ms=66
272849384900,screen,RX,5697,{},I (836020) LAT: RX seq=5697
272861431600,sensor,RTT,5697,"{""us"": 7109}",LAT RTT seq=5697 us=7109
272942180000,sensor,TX,5698,"{""age_min_ms"": 68, ""age_max_ms"": 68}",LAT TX seq=5698 age_min_ms=68 age_max_ms=68
272946697700,screen,RX,5698,{},I (836120) LAT: RX seq=5698
272961612100,sensor,RTT,5698,"{""us"": 11962}",LAT RTT seq=5698 us=11962
273042228000,sensor,TX,5699,"{""age_min_ms"": 26, ""age_max_ms"": 26}",LAT TX seq=5699 age_min_ms=26 age_max_ms=26
273048819100,screen,RX,5699,{},I (836220) LAT: RX seq=5699
273061914400,sensor,RTT,5699,"{""us"": 19378}",LAT RTT seq=5699 us=19378
273142135300,sensor,TX,5700,"{""age_min_ms"": 26, ""age_max_ms"": 26}",LAT TX seq=5700 age_min_ms=26 age_max_ms=26
273148416300,screen,RX,5700,{},I (836320) LAT: RX seq=5700
273161192900,sensor,RTT,5700,"{""us"": 9042}",LAT RTT seq=5700 us=9042
273242119600,sensor,TX,5701,"{""age_min_ms"": 67, ""age_max_ms"": 67}",LAT TX seq=5701 age_min_ms=67 age_max_ms=67
273247356500,screen,RX,5701,{},I (836420) LAT: RX seq=5701
273261118400,sensor,RTT,5701,"{""us"": 4441}",LAT RTT seq=5701 us=4441
273341940800,sensor,TX,5702,"{""age_min_ms"": 67, ""age_max_ms"": 67}",LAT TX seq=5702 age_min_ms=67 age_max_ms=67
273350243800,screen,RX,5702,{},I (836520) LAT: RX seq=5702
273361141700,sensor,RTT,5702,"{""us"": 11293}",LAT RTT seq=5702 us=11293
273442134600,sensor,TX,5703,"{""age_min_ms"": 65, ""age_max_ms"": 65}",LAT TX seq=5703 age_min_ms=65 age_max_ms=65
273446935500,screen,RX,5703,{},I (836620) LAT: RX seq=5703
273461331900,sensor,RTT,5703,"{""us"": 3893}",LAT RTT seq=5703 us=3893
273541910800,sensor,TX,5704,"{""age_min_ms"": 66, ""age_max_ms"": 66}",LAT TX seq=5704 age_min_ms=66 age_max_ms=66
273546863000,screen,RX,5704,{},I (836720) LAT: RX seq=5704
273561176300,sensor,RTT,5704,"{""us"": 4033}",LAT RTT seq=5704 us=4033
273642032600,sensor,TX,5705,"{""age_min_ms"": 59, ""age_max_ms"": 59}",LAT TX seq=5705 age_min_ms=59 age_max_ms=59
273647231000,screen,RX,5705,{},I (836820) LAT: RX seq=5705
273662222500,sensor,RTT,5705,"{""us"": 14422}",LAT RTT seq=5705 us=14422
273742929500,sensor,TX,5706,"{""age_min_ms"": 60, ""age_max_ms"": 60}",LAT TX seq=5706 age_min_ms=60 age_max_ms=60
273750159200,screen,RX,5706,{},I (836920) LAT: RX seq=5706
273763161100,sensor,RTT,5706,"{""us"": 9210}",LAT RTT seq=5706 us=9210
273844161500,sensor,TX,5707,"{""age_min_ms"": 61, ""age_max_ms"": 61}",LAT TX seq=5707 age_min_ms=61 age_max_ms=61
273849113800,screen,RX,5707,{},I (837020) LAT: RX seq=5707
273863136500,sensor,RTT,5707,"{""us"": 4236}",LAT RTT seq=5707 us=4236
273943989100,sensor,TX,5708,"{""age_min_ms"": 61, ""age_max_ms"": 61}",LAT TX seq=5708 age_min_ms=61 age_max_ms=61
273949392000,screen,RX,5708,{},I (837120) LAT: RX seq=5708
273963322100,sensor,RTT,5708,"{""us"": 5535}",LAT RTT seq=5708 us=5535
274044045700,sensor,TX,5709,"{""age_min_ms"": 20, ""age_max_ms"": 20}",LAT TX seq=5709 age_min_ms=20 age_max_ms=20
274049272900,screen,RX,5709,{},I (837220) LAT: RX seq=5709
274063171600,sensor,RTT,5709,"{""us"": 3870}",LAT RTT seq=5709 us=3870
274143989100,sensor,TX,5710,"{""age_min_ms"": 20, ""age_max_ms"": 20}",LAT TX seq=5710 age_min_ms=20 age_max_ms=20
274150122700,screen,RX,5710,{},I (837320) LAT: RX seq=5710
274163539100,sensor,RTT,5710,"{""us"": 8278}",LAT RTT seq=5710 us=8278
274244050000,sensor,TX,5711,"{""age_min_ms"": 69, ""age_max_ms"": 69}",LAT TX seq=5711 age_min_ms=69 age_max_ms=69
274248151500,screen,RX,5711,{},I (837420) LAT: RX seq=5711
274263275400,sensor,RTT,5711,"{""us"": 4965}",LAT RTT seq=5711 us=4965
274344056200,sensor,TX,5712,"{""age_min_ms"": 69, ""age_max_ms"": 69}",LAT TX seq=5712 age_min_ms=69 age_max_ms=69
274349978200,screen,RX,5712,{},I (837520) LAT: RX seq=5712
274363213500,sensor,RTT,5712,"{""us"": 4981}",LAT RTT seq=5712 us=4981
274444122400,sensor,TX,5713,"{""age_min_ms"": 69, ""age_max_ms"": 69}",LAT TX seq=5713 age_min_ms=69 age_max_ms=69
274449645300,screen,RX,5713,{},I (837620) LAT: RX seq=5713
274463428000,sensor,RTT,5713,"{""us"": 4169}",LAT RTT seq=5713 us=4169
274543912900,sensor,TX,5714,"{""age_min_ms"": 69, ""age_max_ms"": 69}",LAT TX seq=5714 age_min_ms=69 age_max_ms=69
274548915100,screen,RX,5714,{},I (837720) LAT: RX seq=5714
274563147600,sensor,RTT,5714,"{""us"": 3944}",LAT RTT seq=5714 us=3944
274644095400,sensor,TX,5715,"{""age_min_ms"": 69, ""age_max_ms"": 69}",LAT TX seq=5715 age_min_ms=69 age_max_ms=69
274648978000,screen,RX,5715,{},I (837820) LAT: RX seq=5715
274664339100,sensor,RTT,5715,"{""us"": 10601}",LAT RTT seq=5715 us=10601
274745042700,sensor,TX,5716,"{""age_min_ms"": 70, ""age_max_ms"": 70}",LAT TX seq=5716 age_min_ms=70 age_max_ms=70
274750701500,screen,RX,5716,{},I (837920) LAT: RX seq=5716
274764262800,sensor,RTT,5716,"{""us"": 4890}",LAT RTT seq=5716 us=4890
274845138600,sensor,TX,5717,"{""age_min_ms"": 70, ""age_max_ms"": 70}",LAT TX seq=5717 age_min_ms=70 age_max_ms=70
274849691600,screen,RX,5717,{},I (838020) LAT: RX seq=5717
274865521400,sensor,RTT,5717,"{""us"": 11769}",LAT RTT seq=5717 us=11769
274946632400,sensor,TX,5718,"{""age_min_ms"": 71, ""age_max_ms"": 71}",LAT TX seq=5718 age_min_ms=71 age_max_ms=71
274951248700,screen,RX,5718,{},I (838120) LAT: RX seq=5718
274965617100,sensor,RTT,5718,"{""us"": 5142}",LAT RTT seq=5718 us=5142
275046703800,sensor,TX,5719,"{""age_min_ms"": 30, ""age_max_ms"": 30}",LAT TX seq=5719 age_min_ms=30 age_max_ms=30
275051746400,screen,RX,5719,{},I (838220) LAT: RX seq=5719
275066559300,sensor,RTT,5719,"{""us"": 4159}",LAT RTT seq=5719 us=4159
275147359200,sensor,TX,5720,"{""age_min_ms"": 31, ""age_max_ms"": 31}",LAT TX seq=5720 age_min_ms=31 age_max_ms=31
275151476800,screen,RX,5720,{},I (838320) LAT: RX seq=5720
275167492500,sensor,RTT,5720,"{""us"": 3425}",LAT RTT seq=5720 us=3425
275248417900,sensor,TX,5721,"{""age_min_ms"": 72, ""age_max_ms"": 72}",LAT TX seq=5721 age_min_ms=72 age_max_ms=72
275253319200,screen,RX,5721,{},I (838430) LAT: RX seq=5721
275267776100,sensor,RTT,5721,"{""us"": 3948}",LAT RTT seq=5721 us=3948
275348562900,sensor,TX,5722,"{""age_min_ms"": 73, ""age_max_ms"": 73}",LAT TX seq=5722 age_min_ms=73 age_max_ms=73
275353321700,screen,RX,5722,{},I (838530) LAT: RX seq=5722
275367893100,sensor,RTT,5722,"{""us"": 5716}",LAT RTT seq=5722 us=5716
275448535800,sensor,TX,5723,"{""age_min_ms"": 73, ""age_max_ms"": 73}",LAT TX seq=5723 age_min_ms=73 age_max_ms=73
275454944200,screen,RX,5723,{},I (838630) LAT: RX seq=5723
275467929700,sensor,RTT,5723,"{""us"": 5634}",LAT RTT seq=5723 us=5634
275548279500,sensor,TX,5724,"{""age_min_ms"": 65, ""age_max_ms"": 65}",LAT TX seq=5724 age_min_ms=65 age_max_ms=65
275552989100,screen,RX,5724,{},I (838730) LAT: RX seq=5724
275567752700,sensor,RTT,5724,"{""us"": 3520}",LAT RTT seq=5724 us=3520
275648931200,sensor,TX,5725,"{""age_min_ms"": 73, ""age_max_ms"": 73}",LAT TX seq=5725 age_min_ms=73 age_max_ms=73
275653266200,screen,RX,5725,{},I (838830) LAT: RX seq=5725
275668670900,sensor,RTT,5725,"{""us"": 4936}",LAT RTT seq=5725 us=4936
275750024600,sensor,TX,5726,"{""age_min_ms"": 74, ""age_max_ms"": 74}",LAT TX seq=5726 age_min_ms=74 age_max_ms=74
275753947000,screen,RX,5726,{},I (838930) LAT: RX seq=5726
275769727100,sensor,RTT,5726,"{""us"": 3432}",LAT RTT seq=5726 us=3432
275850983900,sensor,TX,5727,"{""age_min_ms"": 75, ""age_max_ms"": 75}",LAT TX seq=5727 age_min_ms=75 age_max_ms=75
275860021700,screen,RX,5727,{},I (839030) LAT: RX seq=5727
275870704500,sensor,RTT,5727,"{""us"": 8524}",LAT RTT seq=5727 us=8524
275951348800,sensor,TX,5728,"{""age_min_ms"": 76, ""age_max_ms"": 76}",LAT TX seq=5728 age_min_ms=76 age_max_ms=76
275958493700,screen,RX,5728,{},I (839130) LAT: RX seq=5728
275971603800,sensor,RTT,5728,"{""us"": 11969}",LAT RTT seq=5728 us=11969
276052564600,sensor,TX,5729,"{""age_min_ms"": 36, ""age_max_ms"": 36}",LAT TX seq=5729 age_min_ms=36 age_max_ms=36
276058094000,screen,RX,5729,{},I (839230) LAT: RX seq=5729
276072905600,sensor,RTT,5729,"{""us"": 8096}",LAT RTT seq=5729 us=8096
276153627300,sensor,TX,5730,"{""age_min_ms"": 37, ""age_max_ms"": 37}",LAT TX seq=5730 age_min_ms=37 age_max_ms=37
276158005100,screen,RX,5730,{},I (839330) LAT: RX seq=5730
276173944000,sensor,RTT,5730,"{""us"": 4714}",LAT RTT seq=5730 us=4714
276254718700,sensor,TX,5731,"{""age_min_ms"": 79, ""age_max_ms"": 79}",LAT TX seq=5731 age_min_ms=79 age_max_ms=79
276259869000,screen,RX,5731,{},I (839430) LAT: RX seq=5731
276273889900,sensor,RTT,5731,"{""us"": 5326}",LAT RTT seq=5731 us=5326
276354428900,sensor,TX,5732,"{""age_min_ms"": 79, ""age_max_ms"": 79}",LAT TX seq=5732 age_min_ms=79 age_max_ms=79
276358628800,screen,RX,5732,{},I (839530) LAT: RX seq=5732
276373532100,sensor,RTT,5732,"{""us"": 4468}",LAT RTT seq=5732 us=4468
276454449500,sensor,TX,5733,"{""age_min_ms"": 71, ""age_max_ms"": 71}",LAT TX seq=5733 age_min_ms=71 age_max_ms=71
276458649200,screen,RX,5733,{},I (839630) LAT: RX seq=5733
276473621100,sensor,RTT,5733,"{""us"": 14944}",LAT RTT seq=5733 us=14944
276554121500,sensor,TX,5734,"{""age_min_ms"": 79, ""age_max_ms"": 79}",LAT TX seq=5734 age_min_ms=79 age_max_ms=79
276559543000,screen,RX,5734,{},I (839730) LAT: RX seq=5734
276573621100,sensor,RTT,5734,"{""us"": 4595}",LAT RTT seq=5734 us=4595
276654481200,sensor,TX,5735,"{""age_min_ms"": 71, ""age_max_ms"": 71}",LAT TX seq=5735 age_min_ms=71 age_max_ms=71
276662757000,screen,RX,5735,{},I (839840) LAT: RX seq=5735
276674643500,sensor,RTT,5735,"{""us"": 11502}",LAT RTT seq=5735 us=11502
276755819800,sensor,TX,5736,"{""age_min_ms"": 80, ""age_max_ms"": 80}",LAT TX seq=5736 age_min_ms=80 age_max_ms=80
276765791000,screen,RX,5736,{},I (839940) LAT: RX seq=5736
276815410000,sensor,RTT,5736,"{""us"": 9106}",LAT RTT seq=5736 us=9106
276856774000,sensor,TX,5737,"{""age_min_ms"": 82, ""age_max_ms"": 82}",LAT TX seq=5737 age_min_ms=82 age_max_ms=82
276862703900,screen,RX,5737,{},I (840040) LAT: RX seq=5737
276956843300,sensor,RTT,5737,"{""us"": 6048}",LAT RTT seq=5737 us=6048
276956843300,sensor,TX,5738,"{""age_min_ms"": 82, ""age_max_ms"": 82}",LAT TX seq=5738 age_min_ms=82 age_max_ms=82
276961286500,screen,RX,5738,{},I (840130) LAT: RX seq=5738
276975683300,sensor,RTT,5738,"{""us"": 8073}",LAT RTT seq=5738 us=8073
277056539300,sensor,TX,5739,"{""age_min_ms"": 41, ""age_max_ms"": 41}",LAT TX seq=5739 age_min_ms=41 age_max_ms=41
277061541300,screen,RX,5739,{},I (840230) LAT: RX seq=5739
277076616600,sensor,RTT,5739,"{""us"": 4346}",LAT RTT seq=5739 us=4346
277157315700,sensor,TX,5740,"{""age_min_ms"": 40, ""age_max_ms"": 40}",LAT TX seq=5740 age_min_ms=40 age_max_ms=40
277163745500,screen,RX,5740,{},I (840340) LAT: RX seq=5740
277177583700,sensor,RTT,5740,"{""us"": 5967}",LAT RTT seq=5740 us=5967
277258281800,sensor,TX,5741,"{""age_min_ms"": 75, ""age_max_ms"": 75}",LAT TX seq=5741 age_min_ms=75 age_max_ms=75
277263747300,screen,RX,5741,{},I (840440) LAT: RX seq=5741
277278500100,sensor,RTT,5741,"{""us"": 5272}",LAT RTT seq=5741 us=5272
277359586600,sensor,TX,5742,"{""age_min_ms"": 76, ""age_max_ms"": 76}",LAT TX seq=5742 age_min_ms=76 age_max_ms=76
277364272600,screen,RX,5742,{},I (840540) LAT: RX seq=5742
277378593800,sensor,RTT,5742,"{""us"": 3584}",LAT RTT seq=5742 us=3584
277459621300,sensor,TX,5743,"{""age_min_ms"": 76, ""age_max_ms"": 76}",LAT TX seq=5743 age_min_ms=76 age_max_ms=76
277464272100,screen,RX,5743,{},I (840640) LAT: RX seq=5743
277478565800,sensor,RTT,5743,"{""us"": 3985}",LAT RTT seq=5743 us=3985
277559680500,sensor,TX,5744,"{""age_min_ms"": 76, ""age_max_ms"": 76}",LAT TX seq=5744 age_min_ms=76 age_max_ms=76
277564240900,screen,RX,5744,{},I (840740) LAT: RX seq=5744
277578551600,sensor,RTT,5744,"{""us"": 3973}",LAT RTT seq=5744 us=3973
277659241500,sensor,TX,5745,"{""age_min_ms"": 76, ""age_max_ms"": 76}",LAT TX seq=5745 age_min_ms=76 age_max_ms=76
277663882700,screen,RX,5745,{},I (840840) LAT: RX seq=5745
277679323300,sensor,RTT,5745,"{""us"": 3759}",LAT RTT seq=5745 us=3759
277760185100,sensor,TX,5746,"{""age_min_ms"": 77, ""age_max_ms"": 77}",LAT TX seq=5746 age_min_ms=77 age_max_ms=77
277765625700,screen,RX,5746,{},I (840940) LAT: RX seq=5746
277780319600,sensor,RTT,5746,"{""us"": 4548}",LAT RTT seq=5746 us=4548
277861009000,sensor,TX,5747,"{""age_min_ms"": 78, ""age_max_ms"": 78}",LAT TX seq=5747 age_min_ms=78 age_max_ms=78
277865958400,screen,RX,5747,{},I (841040) LAT: RX seq=5747
277880159700,sensor,RTT,5747,"{""us"": 3910}",LAT RTT seq=5747 us=3910
277961119700,sensor,TX,5748,"{""age_min_ms"": 78, ""age_max_ms"": 78}",LAT TX seq=5748 age_min_ms=78 age_max_ms=78
277965839900,screen,RX,5748,{},I (841140) LAT: RX seq=5748
277980399300,sensor,RTT,5748,"{""us"": 8667}",LAT RTT seq=5748 us=8667
278061245000,sensor,TX,5749,"{""age_min_ms"": 46, ""age_max_ms"": 46}",LAT TX seq=5749 age_min_ms=46 age_max_ms=46
278065607200,screen,RX,5749,{},I (841240) LAT: RX seq=5749
278081215800,sensor,RTT,5749,"{""us"": 3974}",LAT RTT seq=5749 us=3974
278162173200,sensor,TX,5750,"{""age_min_ms"": 46, ""age_max_ms"": 46}",LAT TX seq=5750 age_min_ms=46 age_max_ms=46
278167280800,screen,RX,5750,{},I (841340) LAT: RX seq=5750
278182261400,sensor,RTT,5750,"{""us"": 4435}",LAT RTT seq=5750 us=4435
278263178300,sensor,TX,5751,"{""age_min_ms"": 88, ""age_max_ms"": 88}",LAT TX seq=5751 age_min_ms=88 age_max_ms=88
278267805200,screen,RX,5751,{},I (841440) LAT: RX seq=5751
278282175900,sensor,RTT,5751,"{""us"": 3803}",LAT RTT seq=5751 us=3803
278362926800,sensor,TX,5752,"{""age_min_ms"": 88, ""age_max_ms"": 88}",LAT TX seq=5752 age_min_ms=88 age_max_ms=88
278367560900,screen,RX,5752,{},I (841540) LAT: RX seq=5752
278382365800,sensor,RTT,5752,"{""us"": 3809}",LAT RTT seq=5752 us=3809
278462942500,sensor,TX,5753,"{""age_min_ms"": 88, ""age_max_ms"": 88}",LAT TX seq=5753 age_min_ms=88 age_max_ms=88
278467276000,screen,RX,5753,{},I (841640) LAT: RX seq=5753
278482226900,sensor,RTT,5753,"{""us"": 8050}",LAT RTT seq=5753 us=8050
278562984800,sensor,TX,5754,"{""age_min_ms"": 88, ""age_max_ms"": 88}",LAT TX seq=5754 age_min_ms=88 age_max_ms=88
278568084000,screen,RX,5754,{},I (841740) LAT: RX seq=5754
278582131600,sensor,RTT,5754,"{""us"": 5208}",LAT RTT seq=5754 us=5208
278663386200,sensor,TX,5755,"{""age_min_ms"": 88, ""age_max_ms"": 88}",LAT TX seq=5755 age_min_ms=88 age_max_ms=88
278667685000,screen,RX,5755,{},I (841840) LAT: RX seq=5755
278684005500,sensor,RTT,5755,"{""us"": 3112}",LAT RTT seq=5755 us=3112
278764778900,sensor,TX,5756,"{""age_min_ms"": 89, ""age_max_ms"": 89}",LAT TX seq=5756 age_min_ms=89 age_max_ms=89
278769688200,screen,RX,5756,{},I (841940) LAT: RX seq=5756
278783852000,sensor,RTT,5756,"{""us"": 4147}",LAT RTT seq=5756 us=4147
278864758700,sensor,TX,5757,"{""age_min_ms"": 89, ""age_max_ms"": 89}",LAT TX seq=5757 age_min_ms=89 age_max_ms=89
278869235900,screen,RX,5757,{},I (842040) LAT: RX seq=5757
278883696700,sensor,RTT,5757,"{""us"": 3927}",LAT RTT seq=5757 us=3927
278964388000,sensor,TX,5758,"{""age_min_ms"": 81, ""age_max_ms"": 81}",LAT TX seq=5758 age_min_ms=81 age_max_ms=81
278968748100,screen,RX,5758,{},I (842140) LAT: RX seq=5758
278983940000,sensor,RTT,5758,"{""us"": 3035}",LAT RTT seq=5758 us=3035
279064599000,sensor,TX,5759,"{""age_min_ms"": 49, ""age_max_ms"": 49}",LAT TX seq=5759 age_min_ms=49 age_max_ms=49
279070663500,screen,RX,5759,{},I (842240) LAT: RX seq=5759
279084896900,sensor,RTT,5759,"{""us"": 7893}",LAT RTT seq=5759 us=7893
279165334100,sensor,TX,5760,"{""age_min_ms"": 50, ""age_max_ms"": 50}",LAT TX seq=5760 age_min_ms=50 age_max_ms=50
279170045100,screen,RX,5760,{},I (842340) LAT: RX seq=5760
279185668000,sensor,RTT,5760,"{""us"": 3801}",LAT RTT seq=5760 us=3801
279266221100,sensor,TX,5761,"{""age_min_ms"": 92, ""age_max_ms"": 92}",LAT TX seq=5761 age_min_ms=92 age_max_ms=92
279270272100,screen,RX,5761,{},I (842440) LAT: RX seq=5761
279285694000,sensor,RTT,5761,"{""us"": 3171}",LAT RTT seq=5761 us=3171
279366309000,sensor,TX,5762,"{""age_min_ms"": 91, ""age_max_ms"": 91}",LAT TX seq=5762 age_min_ms=91 age_max_ms=91
279370220700,screen,RX,5762,{},I (842540) LAT: RX seq=5762
279385218100,sensor,RTT,5762,"{""us"": 3055}",LAT RTT seq=5762 us=3055
279466078200,sensor,TX,5763,"{""age_min_ms"": 91, ""age_max_ms"": 91}",LAT TX seq=5763 age_min_ms=91 age_max_ms=91
279471544900,screen,RX,5763,{},I (842640) LAT: RX seq=5763
279485298200,sensor,RTT,5763,"{""us"": 4526}",LAT RTT seq=5763 us=4526
279565949100,sensor,TX,5764,"{""age_min_ms"": 92, ""age_max_ms"": 92}",LAT TX seq=5764 age_min_ms=92 age_max_ms=92
279573665000,screen,RX,5764,{},I (842750) LAT: RX seq=5764
279585296300,sensor,RTT,5764,"{""us"": 6816}",LAT RTT seq=5764 us=6816
279666107400,sensor,TX,5765,"{""age_min_ms"": 91, ""age_max_ms"": 91}",LAT TX seq=5765 age_min_ms=91 age_max_ms=91
279671043600,screen,RX,5765,{},I (842840) LAT: RX seq=5765
279686292700,sensor,RTT,5765,"{""us"": 5340}",LAT RTT seq=5765 us=5340
279767047800,sensor,TX,5766,"{""age_min_ms"": 93, ""age_max_ms"": 93}",LAT TX seq=5766 age_min_ms=93 age_max_ms=93
279771423800,screen,RX,5766,{},I (842940) LAT: RX seq=5766
279786427000,sensor,RTT,5766,"{""us"": 3471}",LAT RTT seq=5766 us=3471
279866973200,sensor,TX,5767,"{""age_min_ms"": 92, ""age_max_ms"": 92}",LAT TX seq=5767 age_min_ms=92 age_max_ms=92
279871179200,screen,RX,5767,{},I (843040) LAT: RX seq=5767
279886254000,sensor,RTT,5767,"{""us"": 3143}",LAT RTT seq=5767 us=3143
279967235100,sensor,TX,5768,"{""age_min_ms"": 92, ""age_max_ms"": 92}",LAT TX seq=5768 age_min_ms=92 age_max_ms=92
279971512100,screen,RX,5768,{},I (843140) LAT: RX seq=5768
279986628200,sensor,RTT,5768,"{""us"": 3102}",LAT RTT seq=5768 us=3102
280067754500,sensor,TX,5769,"{""age_min_ms"": 51, ""age_max_ms"": 51}",LAT TX seq=5769 age_min_ms=51 age_max_ms=51
280071730100,screen,RX,5769,{},I (843240) LAT: RX seq=5769
280088149600,sensor,RTT,5769,"{""us"": 4162}",LAT RTT seq=5769 us=4162
280168114800,sensor,TX,5770,"{""age_min_ms"": 52, ""age_max_ms"": 52}",LAT TX seq=5770 age_min_ms=52 age_max_ms=52
280172995400,screen,RX,5770,{},I (843350) LAT: RX seq=5770
280188284700,sensor,RTT,5770,"{""us"": 8141}",LAT RTT seq=5770 us=8141
280269004400,sensor,TX,5771,"{""age_min_ms"": 95, ""age_max_ms"": 95}",LAT TX seq=5771 age_min_ms=95 age_max_ms=95
280273068000,screen,RX,5771,{},I (843450) LAT: RX seq=5771
280288174800,sensor,RTT,5771,"{""us"": 3119}",LAT RTT seq=5771 us=3119
280368957400,sensor,TX,5772,"{""age_min_ms"": 94, ""age_max_ms"": 94}",LAT TX seq=5772 age_min_ms=94 age_max_ms=94
280375499300,screen,RX,5772,{},I (843550) LAT: RX seq=5772
280388198900,sensor,RTT,5772,"{""us"": 5455}",LAT RTT seq=5772 us=5455
280469844000,sensor,TX,5773,"{""age_min_ms"": 94, ""age_max_ms"": 94}",LAT TX seq=5773 age_min_ms=94 age_max_ms=94
280473353800,screen,RX,5773,{},I (843650) LAT: RX seq=5773
280488509200,sensor,RTT,5773,"{""us"": 5970}",LAT RTT seq=5773 us=5970
280569044000,sensor,TX,5774,"{""age_min_ms"": 94, ""age_max_ms"": 94}",LAT TX seq=5774 age_min_ms=94 age_max_ms=94
280573916200,screen,RX,5774,{},I (843750) LAT: RX seq=5774
280588622700,sensor,RTT,5774,"{""us"": 4129}",LAT RTT seq=5774 us=4129
280669522200,sensor,TX,5775,"{""age_min_ms"": 86, ""age_max_ms"": 86}",LAT TX seq=5775 age_min_ms=86 age_max_ms=86
280673595100,screen,RX,5775,{},I (843850) LAT: RX seq=5775
280689244900,sensor,RTT,5775,"{""us"": 8317}",LAT RTT seq=5775 us=8317
280770484700,sensor,TX,5776,"{""age_min_ms"": 95, ""age_max_ms"": 95}",LAT TX seq=5776 age_min_ms=95 age_max_ms=95
280774949200,screen,RX,5776,{},I (843950) LAT: RX seq=5776
280789304900,sensor,RTT,5776,"{""us"": 3936}",LAT RTT seq=5776 us=3936
280870400900,sensor,TX,5777,"{""age_min_ms"": 95, ""age_max_ms"": 95}",LAT TX seq=5777 age_min_ms=95 age_max_ms=95
280875333200,screen,RX,5777,{},I (844050) LAT: RX seq=5777
280889347000,sensor,RTT,5777,"{""us"": 4389}",LAT RTT seq=5777 us=4389
280970161600,sensor,TX,5778,"{""age_min_ms"": 95, ""age_max_ms"": 95}",LAT TX seq=5778 age_min_ms=95 age_max_ms=95
280975668600,screen,RX,5778,{},I (844150) LAT: RX seq=5778
280989910200,sensor,RTT,5778,"{""us"": 4116}",LAT RTT seq=5778 us=4116
281070407800,sensor,TX,5779,"{""age_min_ms"": 54, ""age_max_ms"": 54}",LAT TX seq=5779 age_min_ms=54 age_max_ms=54
281075049100,screen,RX,5779,{},I (844250) LAT: RX seq=5779
281089197800,sensor,RTT,5779,"{""us"": 4006}",LAT RTT seq=5779 us=4006
281170546800,sensor,TX,5780,"{""age_min_ms"": 46, ""age_max_ms"": 46}",LAT TX seq=5780 age_min_ms=46 age_max_ms=46
281175688200,screen,RX,5780,{},I (844350) LAT: RX seq=5780
281190224200,sensor,RTT,5780,"{""us"": 3731}",LAT RTT seq=5780 us=3731
281271344000,sensor,TX,5781,"{""age_min_ms"": 88, ""age_max_ms"": 88}",LAT TX seq=5781 age_min_ms=88 age_max_ms=88
281276886600,screen,RX,5781,{},I (844450) LAT: RX seq=5781
281290577300,sensor,RTT,5781,"{""us"": 11507}",LAT RTT seq=5781 us=11507
281371568400,sensor,TX,5782,"{""age_min_ms"": 96, ""age_max_ms"": 96}",LAT TX seq=5782 age_min_ms=96 age_max_ms=96
281377669000,screen,RX,5782,{},I (844550) LAT: RX seq=5782
281390455100,sensor,RTT,5782,"{""us"": 5320}",LAT RTT seq=5782 us=5320
281471207500,sensor,TX,5783,"{""age_min_ms"": 96, ""age_max_ms"": 96}",LAT TX seq=5783 age_min_ms=96 age_max_ms=96
281476608700,screen,RX,5783,{},I (844650) LAT: RX seq=5783
281490488900,sensor,RTT,5783,"{""us"": 8253}",LAT RTT seq=5783 us=8253
281572277500,sensor,TX,5784,"{""age_min_ms"": 88, ""age_max_ms"": 88}",LAT TX seq=5784 age_min_ms=88 age_max_ms=88
281576369500,screen,RX,5784,{},I (844750) LAT: RX seq=5784
281590658700,sensor,RTT,5784,"{""us"": 4233}",LAT RTT seq=5784 us=4233
281673996800,sensor,TX,5785,"{""age_min_ms"": 95, ""age_max_ms"": 95}",LAT TX seq=5785 age_min_ms=95 age_max_ms=95
281676347100,screen,RX,5785,{},I (844850) LAT: RX seq=5785
281691590300,sensor,RTT,5785,"{""us"": 4138}",LAT RTT seq=5785 us=4138
281772914400,sensor,TX,5786,"{""age_min_ms"": 89, ""age_max_ms"": 89}",LAT TX seq=5786 age_min_ms=89 age_max_ms=89
281776678400,screen,RX,5786,{},I (844950) LAT: RX seq=5786
281791292900,sensor,RTT,5786,"{""us"": 3297}",LAT RTT seq=5786 us=3297
281872308900,sensor,TX,5787,"{""age_min_ms"": 89, ""age_max_ms"": 89}",LAT TX seq=5787 age_min_ms=89 age_max_ms=89
281876815500,screen,RX,5787,{},I (845050) LAT: RX seq=5787
281892579300,sensor,RTT,5787,"{""us"": 4234}",LAT RTT seq=5787 us=4234
281973312000,sensor,TX,5788,"{""age_min_ms"": 98, ""age_max_ms"": 98}",LAT TX seq=5788 age_min_ms=98 age_max_ms=98
281978483000,screen,RX,5788,{},I (845150) LAT: RX seq=5788
281992774100,sensor,RTT,5788,"{""us"": 4126}",LAT RTT seq=5788 us=4126
282073524400,sensor,TX,5789,"{""age_min_ms"": 49, ""age_max_ms"": 49}",LAT TX seq=5789 age_min_ms=49 age_max_ms=49
282077515900,screen,RX,5789,{},I (845250) LAT: RX seq=5789
282093324600,sensor,RTT,5789,"{""us"": 14538}",LAT RTT seq=5789 us=14538
282174011700,sensor,TX,5790,"{""age_min_ms"": 57, ""age_max_ms"": 57}",LAT TX seq=5790 age_min_ms=57 age_max_ms=57
282179273600,screen,RX,5790,{},I (845350) LAT: RX seq=5790
282194588600,sensor,RTT,5790,"{""us"": 19943}",LAT RTT seq=5790 us=19943
282275492600,sensor,TX,5791,"{""age_min_ms"": 92, ""age_max_ms"": 92}",LAT TX seq=5791 age_min_ms=92 age_max_ms=92
282279745400,screen,RX,5791,{},I (845450) LAT: RX seq=5791
282295050900,sensor,RTT,5791,"{""us"": 3172}",LAT RTT seq=5791 us=3172
282375246300,sensor,TX,5792,"{""age_min_ms"": 9, ""age_max_ms"": 9}",LAT TX seq=5792 age_min_ms=9 age_max_ms=9
282379277600,screen,RX,5792,{},I (845550) LAT: RX seq=5792
282394851200,sensor,RTT,5792,"{""us"": 3480}",LAT RTT seq=5792 us=3480
282475474200,sensor,TX,5793,"{""age_min_ms"": 109, ""age_max_ms"": 109}",LAT TX seq=5793 age_min_ms=109 age_max_ms=109
282479710500,screen,RX,5793,{},I (845650) LAT: RX seq=5793
282495657300,sensor,RTT,5793,"{""us"": 3117}",LAT RTT seq=5793 us=3117
282576492200,sensor,TX,5794,"{""age_min_ms"": 93, ""age_max_ms"": 93}",LAT TX seq=5794 age_min_ms=93 age_max_ms=93
282581471700,screen,RX,5794,{},I (845750) LAT: RX seq=5794
282595534400,sensor,RTT,5794,"{""us"": 8332}",LAT RTT seq=5794 us=8332
282676430100,sensor,TX,5795,"{""age_min_ms"": 1, ""age_max_ms"": 1}",LAT TX seq=5795 age_min_ms=1 age_max_ms=1
282681044500,screen,RX,5795,{},I (845850) LAT: RX seq=5795
282696537600,sensor,RTT,5795,"{""us"": 4718}",LAT RTT seq=5795 us=4718
282777531500,sensor,TX,5796,"{""age_min_ms"": 3, ""age_max_ms"": 3}",LAT TX seq=5796 age_min_ms=3 age_max_ms=3
282782984100,screen,RX,5796,{},I (845950) LAT: RX seq=5796
282797648600,sensor,RTT,5796,"{""us"": 4901}",LAT RTT seq=5796 us=4901
282878472700,sensor,TX,5797,"{""age_min_ms"": 104, ""age_max_ms"": 104}",LAT TX seq=5797 age_min_ms=104 age_max_ms=104
282886207400,screen,RX,5797,{},I (846060) LAT: RX seq=5797
282897598800,sensor,RTT,5797,"{""us"": 7685}",LAT RTT seq=5797 us=7685
282978421200,sensor,TX,5798,"{""age_min_ms"": 95, ""age_max_ms"": 95}",LAT TX seq=5798 age_min_ms=95 age_max_ms=95
282983087000,screen,RX,5798,{},I (846160) LAT: RX seq=5798
282997400800,sensor,RTT,5798,"{""us"": 7646}",LAT RTT seq=5798 us=7646
283078724900,sensor,TX,5799,"{""age_min_ms"": 54, ""age_max_ms"": 54}",LAT TX seq=5799 age_min_ms=54 age_max_ms=54
283085256300,screen,RX,5799,{},I (846260) LAT: RX seq=5799
283099171600,sensor,RTT,5799,"{""us"": 10041}",LAT RTT seq=5799 us=10041
283179846800,sensor,TX,5800,"{""age_min_ms"": 55, ""age_max_ms"": 55}",LAT TX seq=5800 age_min_ms=55 age_max_ms=55
283185052300,screen,RX,5800,{},I (846360) LAT: RX seq=5800
283199387300,sensor,RTT,5800,"{""us"": 8033}",LAT RTT seq=5800 us=8033
283279388100,sensor,TX,5801,"{""age_min_ms"": 96, ""age_max_ms"": 96}",LAT TX seq=5801 age_min_ms=96 age_max_ms=96
283287264600,screen,RX,5801,{},I (846460) LAT: RX seq=5801
283298560300,sensor,RTT,5801,"{""us"": 7063}",LAT RTT seq=5801 us=7063
283380313400,sensor,TX,5802,"{""age_min_ms"": 96, ""age_max_ms"": 96}",LAT TX seq=5802 age_min_ms=96 age_max_ms=96
283384910900,screen,RX,5802,{},I (846560) LAT: RX seq=5802
283399194800,sensor,RTT,5802,"{""us"": 9211}",LAT RTT seq=5802 us=9211
283479104600,sensor,TX,5803,"{""age_min_ms"": 96, ""age_max_ms"": 96}",LAT TX seq=5803 age_min_ms=96 age_max_ms=96
283484091000,screen,RX,5803,{},I (846660) LAT: RX seq=5803
283498362900,sensor,RTT,5803,"{""us"": 4801}",LAT RTT seq=5803 us=4801
283579294500,sensor,TX,5804,"{""age_min_ms"": 4, ""age_max_ms"": 4}",LAT TX seq=5804 age_min_ms=4 age_max_ms=4
283584268500,screen,RX,5804,{},I (846760) LAT: RX seq=5804
283598683000,sensor,RTT,5804,"{""us"": 3938}",LAT RTT seq=5804 us=3938
283679383100,sensor,TX,5805,"{""age_min_ms"": 4, ""age_max_ms"": 4}",LAT TX seq=5805 age_min_ms=4 age_max_ms=4
283683815200,screen,RX,5805,{},I (846860) LAT: RX seq=5805
283700142700,sensor,RTT,5805,"{""us"": 4126}",LAT RTT seq=5805 us=4126
283781292300,sensor,TX,5806,"{""age_min_ms"": 5, ""age_max_ms"": 5}",LAT TX seq=5806 age_min_ms=5 age_max_ms=5
283785340000,screen,RX,5806,{},I (846960) LAT: RX seq=5806
283800466500,sensor,RTT,5806,"{""us"": 6421}",LAT RTT seq=5806 us=6421
283881506800,sensor,TX,5807,"{""age_min_ms"": 6, ""age_max_ms"": 6}",LAT TX seq=5807 age_min_ms=6 age_max_ms=6
283885951200,screen,RX,5807,{},I (847060) LAT: RX seq=5807
283900921200,sensor,RTT,5807,"{""us"": 3879}",LAT RTT seq=5807 us=3879
283981279200,sensor,TX,5808,"{""age_min_ms"": 106, ""age_max_ms"": 106}",LAT TX seq=5808 age_min_ms=106 age_max_ms=106
283985466000,screen,RX,5808,{},I (847160) LAT: RX seq=5808
284000268400,sensor,RTT,5808,"{""us"": 3783}",LAT RTT seq=5808 us=3783
284081271900,sensor,TX,5809,"{""age_min_ms"": 64, ""age_max_ms"": 64}",LAT TX seq=5809 age_min_ms=64 age_max_ms=64
284085310100,screen,RX,5809,{},I (847260) LAT: RX seq=5809
284101535400,sensor,RTT,5809,"{""us"": 3039}",LAT RTT seq=5809 us=3039
284181619700,sensor,TX,5810,"{""age_min_ms"": 6, ""age_max_ms"": 6}",LAT TX seq=5810 age_min_ms=6 age_max_ms=6
284185425800,screen,RX,5810,{},I (847360) LAT: RX seq=5810
284201536200,sensor,RTT,5810,"{""us"": 4288}",LAT RTT seq=5810 us=4288
284282277200,sensor,TX,5811,"{""age_min_ms"": 7, ""age_max_ms"": 7}",LAT TX seq=5811 age_min_ms=7 age_max_ms=7
284287593100,screen,RX,5811,{},I (847460) LAT: RX seq=5811
284301452600,sensor,RTT,5811,"{""us"": 3599}",LAT RTT seq=5811 us=3599
284382356900,sensor,TX,5812,"{""age_min_ms"": 7, ""age_max_ms"": 7}",LAT TX seq=5812 age_min_ms=7 age_max_ms=7
284386715800,screen,RX,5812,{},I (847560) LAT: RX seq=5812
284401430100,sensor,RTT,5812,"{""us"": 3342}",LAT RTT seq=5812 us=3342
284482280200,sensor,TX,5813,"{""age_min_ms"": 7, ""age_max_ms"": 7}",LAT TX seq=5813 age_min_ms=7 age_max_ms=7
284486958500,screen,RX,5813,{},I (847660) LAT: RX seq=5813
284501715900,sensor,RTT,5813,"{""us"": 4299}",LAT RTT seq=5813 us=4299
284582510200,sensor,TX,5814,"{""age_min_ms"": 7, ""age_max_ms"": 7}",LAT TX seq=5814 age_min_ms=7 age_max_ms=7
284587237800,screen,RX,5814,{},I (847760) LAT: RX seq=5814
284601602500,sensor,RTT,5814,"{""us"": 3567}",LAT RTT seq=5814 us=3567
284682504800,sensor,TX,5815,"{""age_min_ms"": 107, ""age_max_ms"": 107}",LAT TX seq=5815 age_min_ms=107 age_max_ms=107
284690948400,screen,RX,5815,{},I (847860) LAT: RX seq=5815
284703080000,sensor,RTT,5815,"{""us"": 7763}",LAT RTT seq=5815 us=7763
284783962000,sensor,TX,5816,"{""age_min_ms"": 8, ""age_max_ms"": 8}",LAT TX seq=5816 age_min_ms=8 age_max_ms=8
284788519400,screen,RX,5816,{},I (847960) LAT: RX seq=5816
284803520100,sensor,RTT,5816,"{""us"": 6160}",LAT RTT seq=5816 us=6160
284884830700,sensor,TX,5817,"{""age_min_ms"": 9, ""age_max_ms"": 9}",LAT TX seq=5817 age_min_ms=9 age_max_ms=9
284888627000,screen,RX,5817,{},I (848060) LAT: RX seq=5817
284904192900,sensor,RTT,5817,"{""us"": 3163}",LAT RTT seq=5817 us=3163
284984365900,sensor,TX,5818,"{""age_min_ms"": 109, ""age_max_ms"": 109}",LAT TX seq=5818 age_min_ms=109 age_max_ms=109
284988305200,screen,RX,5818,{},I (848160) LAT: RX seq=5818
285003800100,sensor,RTT,5818,"{""us"": 3527}",LAT RTT seq=5818 us=3527
285084294800,sensor,TX,5819,"{""age_min_ms"": 68, ""age_max_ms"": 68}",LAT TX seq=5819 age_min_ms=68 age_max_ms=68
285088550400,screen,RX,5819,{},I (848260) LAT: RX seq=5819
285103584700,sensor,RTT,5819,"{""us"": 3051}",LAT RTT seq=5819 us=3051
285184487700,sensor,TX,5820,"{""age_min_ms"": 9, ""age_max_ms"": 9}",LAT TX seq=5820 age_min_ms=9 age_max_ms=9
285189638600,screen,RX,5820,{},I (848360) LAT: RX seq=5820
285204720000,sensor,RTT,5820,"{""us"": 4393}",LAT RTT seq=5820 us=4393
285285348900,sensor,TX,5821,"{""age_min_ms"": 10, ""age_max_ms"": 10}",LAT TX seq=5821 age_min_ms=10 age_max_ms=10
285289274900,screen,RX,5821,{},I (848460) LAT: RX seq=5821
285304684500,sensor,RTT,5821,"{""us"": 4907}",LAT RTT seq=5821 us=4907
285385255500,sensor,TX,5822,"{""age_min_ms"": 10, ""age_max_ms"": 10}",LAT TX seq=5822 age_min_ms=10 age_max_ms=10
285389630900,screen,RX,5822,{},I (848560) LAT: RX seq=5822
285404517700,sensor,RTT,5822,"{""us"": 4034}",LAT RTT seq=5822 us=4034
285485089000,sensor,TX,5823,"{""age_min_ms"": 10, ""age_max_ms"": 10}",LAT TX seq=5823 age_min_ms=10 age_max_ms=10
285490328500,screen,RX,5823,{},I (848660) LAT: RX seq=5823
285504554000,sensor,RTT,5823,"{""us"": 4363}",LAT RTT seq=5823 us=4363
285585626000,sensor,TX,5824,"{""age_min_ms"": 10, ""age_max_ms"": 10}",LAT TX seq=5824 age_min_ms=10 age_max_ms=10
285590621600,screen,RX,5824,{},I (848760) LAT: RX seq=5824
285604491100,sensor,RTT,5824,"{""us"": 4476}",LAT RTT seq=5824 us=4476
285685093000,sensor,TX,5825,"{""age_min_ms"": 10, ""age_max_ms"": 10}",LAT TX seq=5825 age_min_ms=10 age_max_ms=10
285690266900,screen,RX,5825,{},I (848860) LAT: RX seq=5825
285705573700,sensor,RTT,5825,"{""us"": 4155}",LAT RTT seq=5825 us=4155
285786259900,sensor,TX,5826,"{""age_min_ms"": 11, ""age_max_ms"": 11}",LAT TX seq=5826 age_min_ms=11 age_max_ms=11
285790532600,screen,RX,5826,{},I (848960) LAT: RX seq=5826
285806673500,sensor,RTT,5826,"{""us"": 3360}",LAT RTT seq=5826 us=3360
285887573300,sensor,TX,5827,"{""age_min_ms"": 12, ""age_max_ms"": 12}",LAT TX seq=5827 age_min_ms=12 age_max_ms=12
285892597100,screen,RX,5827,{},I (849060) LAT: RX seq=5827
285906452800,sensor,RTT,5827,"{""us"": 5212}",LAT RTT seq=5827 us=5212
285987312100,sensor,TX,5828,"{""age_min_ms"": 112, ""age_max_ms"": 112}",LAT TX seq=5828 age_min_ms=112 age_max_ms=112
285992383300,screen,RX,5828,{},I (849160) LAT: RX seq=5828
286006436900,sensor,RTT,5828,"{""us"": 4356}",LAT RTT seq=5828 us=4356
286087314100,sensor,TX,5829,"{""age_min_ms"": 72, ""age_max_ms"": 72}",LAT TX seq=5829 age_min_ms=72 age_max_ms=72
286092575400,screen,RX,5829,{},I (849260) LAT: RX seq=5829
286106543600,sensor,RTT,5829,"{""us"": 5291}",LAT RTT seq=5829 us=5291
286187405300,sensor,TX,5830,"{""age_min_ms"": 12, ""age_max_ms"": 12}",LAT TX seq=5830 age_min_ms=12 age_max_ms=12
286192066100,screen,RX,5830,{},I (849360) LAT: RX seq=5830
286207940900,sensor,RTT,5830,"{""us"": 3704}",LAT RTT seq=5830 us=3704
286288323900,sensor,TX,5831,"{""age_min_ms"": 13, ""age_max_ms"": 13}",LAT TX seq=5831 age_min_ms=13 age_max_ms=13
286294658500,screen,RX,5831,{},I (849470) LAT: RX seq=5831
286307948000,sensor,RTT,5831,"{""us"": 5232}",LAT RTT seq=5831 us=5232
286388534700,sensor,TX,5832,"{""age_min_ms"": 13, ""age_max_ms"": 13}",LAT TX seq=5832 age_min_ms=13 age_max_ms=13
286392537100,screen,RX,5832,{},I (849570) LAT: RX seq=5832
286407850200,sensor,RTT,5832,"{""us"": 6032}",LAT RTT seq=5832 us=6032
286488620500,sensor,TX,5833,"{""age_min_ms"": 13, ""age_max_ms"": 13}",LAT TX seq=5833 age_min_ms=13 age_max_ms=13
286492695500,screen,RX,5833,{},I (849670) LAT: RX seq=5833
286507625600,sensor,RTT,5833,"{""us"": 3927}",LAT RTT seq=5833 us=3927
286588715800,sensor,TX,5834,"{""age_min_ms"": 13, ""age_max_ms"": 13}",LAT TX seq=5834 age_min_ms=13 age_max_ms=13
286593551400,screen,RX,5834,{},I (849770) LAT: RX seq=5834
286607928600,sensor,RTT,5834,"{""us"": 8243}",LAT RTT seq=5834 us=8243
286688348000,sensor,TX,5835,"{""age_min_ms"": 13, ""age_max_ms"": 13}",LAT TX seq=5835 age_min_ms=13 age_max_ms=13
286693567600,screen,RX,5835,{},I (849870) LAT: RX seq=5835
286708754900,sensor,RTT,5835,"{""us"": 4028}",LAT RTT seq=5835 us=4028
286789194100,sensor,TX,5836,"{""age_min_ms"": 14, ""age_max_ms"": 14}",LAT TX seq=5836 age_min_ms=14 age_max_ms=14
286793475300,screen,RX,5836,{},I (849970) LAT: RX seq=5836
286809687300,sensor,RTT,5836,"{""us"": 3915}",LAT RTT seq=5836 us=3915
286891229300,sensor,TX,5837,"{""age_min_ms"": 15, ""age_max_ms"": 15}",LAT TX seq=5837 age_min_ms=15 age_max_ms=15
286894565700,screen,RX,5837,{},I (850070) LAT: RX seq=5837
286910344500,sensor,RTT,5837,"{""us"": 4859}",LAT RTT seq=5837 us=4859
286991157700,sensor,TX,5838,"{""age_min_ms"": 116, ""age_max_ms"": 116}",LAT TX seq=5838 age_min_ms=116 age_max_ms=116
286995278600,screen,RX,5838,{},I (850170) LAT: RX seq=5838
287010377400,sensor,RTT,5838,"{""us"": 3864}",LAT RTT seq=5838 us=3864
287091381700,sensor,TX,5839,"{""age_min_ms"": 74, ""age_max_ms"": 74}",LAT TX seq=5839 age_min_ms=74 age_max_ms=74
287096272400,screen,RX,5839,{},I (850270) LAT: RX seq=5839
287110709600,sensor,RTT,5839,"{""us"": 12621}",LAT RTT seq=5839 us=12621
287191224800,sensor,TX,5840,"{""age_min_ms"": 16, ""age_max_ms"": 16}",LAT TX seq=5840 age_min_ms=16 age_max_ms=16
287196633300,screen,RX,5840,{},I (850370) LAT: RX seq=5840
287210430800,sensor,RTT,5840,"{""us"": 7226}",LAT RTT seq=5840 us=7226
287291282300,sensor,TX,5841,"{""age_min_ms"": 16, ""age_max_ms"": 16}",LAT TX seq=5841 age_min_ms=16 age_max_ms=16
287296366500,screen,RX,5841,{},I (850470) LAT: RX seq=5841
287310342400,sensor,RTT,5841,"{""us"": 4653}",LAT RTT seq=5841 us=4653
287391663800,sensor,TX,5842,"{""age_min_ms"": 16, ""age_max_ms"": 16}",LAT TX seq=5842 age_min_ms=16 age_max_ms=16
287396387200,screen,RX,5842,{},I (850570) LAT: RX seq=5842
287410665300,sensor,RTT,5842,"{""us"": 4971}",LAT RTT seq=5842 us=4971
287491439500,sensor,TX,5843,"{""age_min_ms"": 16, ""age_max_ms"": 16}",LAT TX seq=5843 age_min_ms=16 age_max_ms=16
287502330600,screen,RX,5843,{},I (850670) LAT: RX seq=5843
287510610400,sensor,RTT,5843,"{""us"": 11204}",LAT RTT seq=5843 us=11204
287591647600,sensor,TX,5844,"{""age_min_ms"": 16, ""age_max_ms"": 16}",LAT TX seq=5844 age_min_ms=16 age_max_ms=16
287596181100,screen,RX,5844,{},I (850770) LAT: RX seq=5844
287610535600,sensor,RTT,5844,"{""us"": 6451}",LAT RTT seq=5844 us=6451
287691384500,sensor,TX,5845,"{""age_min_ms"": 16, ""age_max_ms"": 16}",LAT TX seq=5845 age_min_ms=16 age_max_ms=16
287695591000,screen,RX,5845,{},I (850870) LAT: RX seq=5845
287711581500,sensor,RTT,5845,"{""us"": 4104}",LAT RTT seq=5845 us=4104
287792811700,sensor,TX,5846,"{""age_min_ms"": 17, ""age_max_ms"": 17}",LAT TX seq=5846 age_min_ms=17 age_max_ms=17
287798926500,screen,RX,5846,{},I (850970) LAT: RX seq=5846
287812575100,sensor,RTT,5846,"{""us"": 8296}",LAT RTT seq=5846 us=8296
287893255200,sensor,TX,5847,"{""age_min_ms"": 18, ""age_max_ms"": 18}",LAT TX seq=5847 age_min_ms=18 age_max_ms=18
287900105900,screen,RX,5847,{},I (851070) LAT: RX seq=5847
287913941100,sensor,RTT,5847,"{""us"": 7180}",LAT RTT seq=5847 us=7180
287994121100,sensor,TX,5848,"{""age_min_ms"": 119, ""age_max_ms"": 119}",LAT TX seq=5848 age_min_ms=119 age_max_ms=119
287998200100,screen,RX,5848,{},I (851170) LAT: RX seq=5848
288013551000,sensor,RTT,5848,"{""us"": 4236}",LAT RTT seq=5848 us=4236
288094530300,sensor,TX,5849,"{""age_min_ms"": 78, ""age_max_ms"": 78}",LAT TX seq=5849 age_min_ms=78 age_max_ms=78
288099478300,screen,RX,5849,{},I (851270) LAT: RX seq=5849
288113835700,sensor,RTT,5849,"{""us"": 5846}",LAT RTT seq=5849 us=5846
288194646100,sensor,TX,5850,"{""age_min_ms"": 20, ""age_max_ms"": 20}",LAT TX seq=5850 age_min_ms=20 age_max_ms=20
288199138100,screen,RX,5850,{},I (851370) LAT: RX seq=5850
288213429900,sensor,RTT,5850,"{""us"": 5722}",LAT RTT seq=5850 us=5722
288294011700,sensor,TX,5851,"{""age_min_ms"": 20, ""age_max_ms"": 20}",LAT TX seq=5851 age_min_ms=20 age_max_ms=20
288304638700,screen,RX,5851,{},I (851480) LAT: RX seq=5851
288313187100,sensor,RTT,5851,"{""us"": 9684}",LAT RTT seq=5851 us=9684
288394324500,sensor,TX,5852,"{""age_min_ms"": 20, ""age_max_ms"": 20}",LAT TX seq=5852 age_min_ms=20 age_max_ms=20
288398773400,screen,RX,5852,{},I (851570) LAT: RX seq=5852
288413562000,sensor,RTT,5852,"{""us"": 4199}",LAT RTT seq=5852 us=4199
288494259900,sensor,TX,5853,"{""age_min_ms"": 20, ""age_max_ms"": 20}",LAT TX seq=5853 age_min_ms=20 age_max_ms=20
288498961200,screen,RX,5853,{},I (851670) LAT: RX seq=5853
288513920000,sensor,RTT,5853,"{""us"": 6964}",LAT RTT seq=5853 us=6964
288595121200,sensor,TX,5854,"{""age_min_ms"": 19, ""age_max_ms"": 19}",LAT TX seq=5854 age_min_ms=19 age_max_ms=19
288599431900,screen,RX,5854,{},I (851770) LAT: RX seq=5854
288613353200,sensor,RTT,5854,"{""us"": 5830}",LAT RTT seq=5854 us=5830
288694641600,sensor,TX,5855,"{""age_min_ms"": 19, ""age_max_ms"": 19}",LAT TX seq=5855 age_min_ms=19 age_max_ms=19
288702543700,screen,RX,5855,{},I (851880) LAT: RX seq=5855
288714887500,sensor,RTT,5855,"{""us"": 12386}",LAT RTT seq=5855 us=12386
288796048900,sensor,TX,5856,"{""age_min_ms"": 21, ""age_max_ms"": 21}",LAT TX seq=5856 age_min_ms=21 age_max_ms=21
288799655100,screen,RX,5856,{},I (851970) LAT: RX seq=5856
288815572900,sensor,RTT,5856,"{""us"": 7986}",LAT RTT seq=5856 us=7986
288896324200,sensor,TX,5857,"{""age_min_ms"": 22, ""age_max_ms"": 22}",LAT TX seq=5857 age_min_ms=22 age_max_ms=22
288900246700,screen,RX,5857,{},I (852070) LAT: RX seq=5857
288915673200,sensor,RTT,5857,"{""us"": 3987}",LAT RTT seq=5857 us=3987
288996299400,sensor,TX,5858,"{""age_min_ms"": 122, ""age_max_ms"": 122}",LAT TX seq=5858 age_min_ms=122 age_max_ms=122
289001250500,screen,RX,5858,{},I (852170) LAT: RX seq=5858
289015900800,sensor,RTT,5858,"{""us"": 11373}",LAT RTT seq=5858 us=11373
289096268700,sensor,TX,5859,"{""age_min_ms"": 81, ""age_max_ms"": 81}",LAT TX seq=5859 age_min_ms=81 age_max_ms=81
289104251100,screen,RX,5859,{},I (852280) LAT: RX seq=5859
289115721700,sensor,RTT,5859,"{""us"": 8093}",LAT RTT seq=5859 us=8093
289196590200,sensor,TX,5860,"{""age_min_ms"": 22, ""age_max_ms"": 22}",LAT TX seq=5860 age_min_ms=22 age_max_ms=22
289201464600,screen,RX,5860,{},I (852370) LAT: RX seq=5860
289215666100,sensor,RTT,5860,"{""us"": 4146}",LAT RTT seq=5860 us=4146
289301342400,screen,RX,5861,{},I (852470) LAT: RX seq=5861
289315586400,sensor,TX,5861,"{""age_min_ms"": 22, ""age_max_ms"": 22}",LAT TX seq=5861 age_min_ms=22 age_max_ms=22
289315586400,sensor,RTT,5861,"{""us"": 3934}",LAT RTT seq=5861 us=3934
289396481100,sensor,TX,5862,"{""age_min_ms"": 22, ""age_max_ms"": 22}",LAT TX seq=5862 age_min_ms=22 age_max_ms=22
289401064400,screen,RX,5862,{},I (852570) LAT: RX seq=5862
289415517700,sensor,RTT,5862,"{""us"": 8252}",LAT RTT seq=5862 us=8252
289496445300,sensor,TX,5863,"{""age_min_ms"": 22, ""age_max_ms"": 22}",LAT TX seq=5863 age_min_ms=22 age_max_ms=22
289501541400,screen,RX,5863,{},I (852670) LAT: RX seq=5863
289515512800,sensor,RTT,5863,"{""us"": 4143}",LAT RTT seq=5863 us=4143
289596749700,sensor,TX,5864,"{""age_min_ms"": 22, ""age_max_ms"": 22}",LAT TX seq=5864 age_min_ms=22 age_max_ms=22
289600818500,screen,RX,5864,{},I (852770) LAT: RX seq=5864
289615277400,sensor,RTT,5864,"{""us"": 3400}",LAT RTT seq=5864 us=3400
289696460800,sensor,TX,5865,"{""age_min_ms"": 22, ""age_max_ms"": 22}",LAT TX seq=5865 age_min_ms=22 age_max_ms=22
289700580700,screen,RX,5865,{},I (852870) LAT: RX seq=5865
289716396700,sensor,RTT,5865,"{""us"": 3952}",LAT RTT seq=5865 us=3952
289797331900,sensor,TX,5866,"{""age_min_ms"": 23, ""age_max_ms"": 23}",LAT TX seq=5866 age_min_ms=23 age_max_ms=23
289802148500,screen,RX,5866,{},I (852970) LAT: RX seq=5866
289817370000,sensor,RTT,5866,"{""us"": 8197}",LAT RTT seq=5866 us=8197
289898593300,sensor,TX,5867,"{""age_min_ms"": 24, ""age_max_ms"": 24}",LAT TX seq=5867 age_min_ms=24 age_max_ms=24
289904792400,screen,RX,5867,{},I (853080) LAT: RX seq=5867
289918576200,sensor,RTT,5867,"{""us"": 5810}",LAT RTT seq=5867 us=5810
289999506700,sensor,TX,5868,"{""age_min_ms"": 125, ""age_max_ms"": 125}",LAT TX seq=5868 age_min_ms=125 age_max_ms=125
290003860600,screen,RX,5868,{},I (853180) LAT: RX seq=5868
290018331100,sensor,RTT,5868,"{""us"": 3475}",LAT RTT seq=5868 us=3475
290099856800,sensor,TX,5869,"{""age_min_ms"": 84, ""age_max_ms"": 84}",LAT TX seq=5869 age_min_ms=84 age_max_ms=84
290103765800,screen,RX,5869,{},I (853280) LAT: RX seq=5869
290119663700,sensor,RTT,5869,"{""us"": 5154}",LAT RTT seq=5869 us=5154
290200612800,sensor,TX,5870,"{""age_min_ms"": 17, ""age_max_ms"": 17}",LAT TX seq=5870 age_min_ms=17 age_max_ms=17
290205326800,screen,RX,5870,{},I (853380) LAT: RX seq=5870
290219633600,sensor,RTT,5870,"{""us"": 3867}",LAT RTT seq=5870 us=3867
290300512400,sensor,TX,5871,"{""age_min_ms"": 26, ""age_max_ms"": 26}",LAT TX seq=5871 age_min_ms=26 age_max_ms=26
290305842100,screen,RX,5871,{},I (853480) LAT: RX seq=5871
290319352000,sensor,RTT,5871,"{""us"": 4037}",LAT RTT seq=5871 us=4037
290400251400,sensor,TX,5872,"{""age_min_ms"": 17, ""age_max_ms"": 17}",LAT TX seq=5872 age_min_ms=17 age_max_ms=17
290405497400,screen,RX,5872,{},I (853580) LAT: RX seq=5872
290419358900,sensor,RTT,5872,"{""us"": 5297}",LAT RTT seq=5872 us=5297
290500566600,sensor,TX,5873,"{""age_min_ms"": 17, ""age_max_ms"": 17}",LAT TX seq=5873 age_min_ms=17 age_max_ms=17
290505729100,screen,RX,5873,{},I (853680) LAT: RX seq=5873
290519770700,sensor,RTT,5873,"{""us"": 7942}",LAT RTT seq=5873 us=7942
290600636500,sensor,TX,5874,"{""age_min_ms"": 17, ""age_max_ms"": 17}",LAT TX seq=5874 age_min_ms=17 age_max_ms=17
290605313100,screen,RX,5874,{},I (853780) LAT: RX seq=5874
290619691600,sensor,RTT,5874,"{""us"": 5636}",LAT RTT seq=5874 us=5636
290700452300,sensor,TX,5875,"{""age_min_ms"": 17, ""age_max_ms"": 17}",LAT TX seq=5875 age_min_ms=17 age_max_ms=17
290704884100,screen,RX,5875,{},I (853880) LAT: RX seq=5875
290720316000,sensor,RTT,5875,"{""us"": 3459}",LAT RTT seq=5875 us=3459
290801333300,sensor,TX,5876,"{""age_min_ms"": 18, ""age_max_ms"": 18}",LAT TX seq=5876 age_min_ms=18 age_max_ms=18
290809387700,screen,RX,5876,{},I (853980) LAT: RX seq=5876
290821245800,sensor,RTT,5876,"{""us"": 9561}",LAT RTT seq=5876 us=9561
290902125000,sensor,TX,5877,"{""age_min_ms"": 26, ""age_max_ms"": 26}",LAT TX seq=5877 age_min_ms=26 age_max_ms=26
290906778200,screen,RX,5877,{},I (854080) LAT: RX seq=5877
290921281900,sensor,RTT,5877,"{""us"": 4698}",LAT RTT seq=5877 us=4698
291002266900,sensor,TX,5878,"{""age_min_ms"": 126, ""age_max_ms"": 126}",LAT TX seq=5878 age_min_ms=126 age_max_ms=126
291006958300,screen,RX,5878,{},I (854180) LAT: RX seq=5878
291021434500,sensor,RTT,5878,"{""us"": 7570}",LAT RTT seq=5878 us=7570
291102354700,sensor,TX,5879,"{""age_min_ms"": 86, ""age_max_ms"": 86}",LAT TX seq=5879 age_min_ms=86 age_max_ms=86
291106772300,screen,RX,5879,{},I (854280) LAT: RX seq=5879
291121676700,sensor,RTT,5879,"{""us"": 4836}",LAT RTT seq=5879 us=4836
291202303100,sensor,TX,5880,"{""age_min_ms"": 26, ""age_max_ms"": 26}",LAT TX seq=5880 age_min_ms=26 age_max_ms=26
291208529100,screen,RX,5880,{},I (854380) LAT: RX seq=5880
291221365700,sensor,RTT,5880,"{""us"": 5343}",LAT RTT seq=5880 us=5343
291302448000,sensor,TX,5881,"{""age_min_ms"": 27, ""age_max_ms"": 27}",LAT TX seq=5881 age_min_ms=27 age_max_ms=27
291314276500,screen,RX,5881,{},I (854490) LAT: RX seq=5881
291321572400,sensor,RTT,5881,"{""us"": 12128}",LAT RTT seq=5881 us=12128
291402091300,sensor,TX,5882,"{""age_min_ms"": 27, ""age_max_ms"": 27}",LAT TX seq=5882 age_min_ms=27 age_max_ms=27
291408574400,screen,RX,5882,{},I (854580) LAT: RX seq=5882
291421789200,sensor,RTT,5882,"{""us"": 5430}",LAT RTT seq=5882 us=5430
291502340800,sensor,TX,5883,"{""age_min_ms"": 19, ""age_max_ms"": 19}",LAT TX seq=5883 age_min_ms=19 age_max_ms=19
291507227100,screen,RX,5883,{},I (854680) LAT: RX seq=5883
291521559800,sensor,RTT,5883,"{""us"": 11310}",LAT RTT seq=5883 us=11310
291602358900,sensor,TX,5884,"{""age_min_ms"": 27, ""age_max_ms"": 27}",LAT TX seq=5884 age_min_ms=27 age_max_ms=27
291606730800,screen,RX,5884,{},I (854780) LAT: RX seq=5884
291621635000,sensor,RTT,5884,"{""us"": 6255}",LAT RTT seq=5884 us=6255
291702161000,sensor,TX,5885,"{""age_min_ms"": 27, ""age_max_ms"": 27}",LAT TX seq=5885 age_min_ms=27 age_max_ms=27
291709862400,screen,RX,5885,{},I (854880) LAT: RX seq=5885
291722215400,sensor,RTT,5885,"{""us"": 6694}",LAT RTT seq=5885 us=6694
291803417700,sensor,TX,5886,"{""age_min_ms"": 29, ""age_max_ms"": 29}",LAT TX seq=5886 age_min_ms=29 age_max_ms=29
291811894000,screen,RX,5886,{},I (854980) LAT: RX seq=5886
291823628900,sensor,RTT,5886,"{""us"": 8848}",LAT RTT seq=5886 us=8848
291904567300,sensor,TX,5887,"{""age_min_ms"": 30, ""age_max_ms"": 30}",LAT TX seq=5887 age_min_ms=30 age_max_ms=30
291909613800,screen,RX,5887,{},I (855080) LAT: RX seq=5887
291923417900,sensor,RTT,5887,"{""us"": 8020}",LAT RTT seq=5887 us=8020
292004363400,sensor,TX,5888,"{""age_min_ms"": 130, ""age_max_ms"": 130}",LAT TX seq=5888 age_min_ms=130 age_max_ms=130
292012344800,screen,RX,5888,{},I (855190) LAT: RX seq=5888
292023640800,sensor,RTT,5888,"{""us"": 13298}",LAT RTT seq=5888 us=13298
292104387600,sensor,TX,5889,"{""age_min_ms"": 89, ""age_max_ms"": 89}",LAT TX seq=5889 age_min_ms=89 age_max_ms=89
292108996900,screen,RX,5889,{},I (855280) LAT: RX seq=5889
292123910900,sensor,RTT,5889,"{""us"": 6925}",LAT RTT seq=5889 us=6925
292204237000,sensor,TX,5890,"{""age_min_ms"": 29, ""age_max_ms"": 29}",LAT TX seq=5890 age_min_ms=29 age_max_ms=29
292208278000,screen,RX,5890,{},I (855380) LAT: RX seq=5890
292223364800,sensor,RTT,5890,"{""us"": 3770}",LAT RTT seq=5890 us=3770
292304187100,sensor,TX,5891,"{""age_min_ms"": 29, ""age_max_ms"": 29}",LAT TX seq=5891 age_min_ms=29 age_max_ms=29
292308293500,screen,RX,5891,{},I (855480) LAT: RX seq=5891
292323318100,sensor,RTT,5891,"{""us"": 3692}",LAT RTT seq=5891 us=3692
292404346000,sensor,TX,5892,"{""age_min_ms"": 30, ""age_max_ms"": 30}",LAT TX seq=5892 age_min_ms=30 age_max_ms=30
292408260100,screen,RX,5892,{},I (855580) LAT: RX seq=5892
292423827500,sensor,RTT,5892,"{""us"": 4624}",LAT RTT seq=5892 us=4624
292509498800,screen,RX,5893,{},I (855680) LAT: RX seq=5893
292523413600,sensor,TX,5893,"{""age_min_ms"": 29, ""age_max_ms"": 29}",LAT TX seq=5893 age_min_ms=29 age_max_ms=29
292523413600,sensor,RTT,5893,"{""us"": 5760}",LAT RTT seq=5893 us=5760
292604799800,sensor,TX,5894,"{""age_min_ms"": 30, ""age_max_ms"": 30}",LAT TX seq=5894 age_min_ms=30 age_max_ms=30
292609453800,screen,RX,5894,{},I (855780) LAT: RX seq=5894
292623724400,sensor,RTT,5894,"{""us"": 5999}",LAT RTT seq=5894 us=5999
292704569700,sensor,TX,5895,"{""age_min_ms"": 30, ""age_max_ms"": 30}",LAT TX seq=5895 age_min_ms=30 age_max_ms=30
292709637300,screen,RX,5895,{},I (855880) LAT: RX seq=5895
292724289300,sensor,RTT,5895,"{""us"": 6523}",LAT RTT seq=5895 us=6523
292805322600,sensor,TX,5896,"{""age_min_ms"": 31, ""age_max_ms"": 31}",LAT TX seq=5896 age_min_ms=31 age_max_ms=31
292813280400,screen,RX,5896,{},I (855990) LAT: RX seq=5896
292825564800,sensor,RTT,5896,"{""us"": 7863}",LAT RTT seq=5896 us=7863
292907140900,sensor,TX,5897,"{""age_min_ms"": 32, ""age_max_ms"": 32}",LAT TX seq=5897 age_min_ms=32 age_max_ms=32
292912082300,screen,RX,5897,{},I (856080) LAT: RX seq=5897
292926527800,sensor,RTT,5897,"{""us"": 4759}",LAT RTT seq=5897 us=4759
293008008700,sensor,TX,5898,"{""age_min_ms"": 133, ""age_max_ms"": 133}",LAT TX seq=5898 age_min_ms=133 age_max_ms=133
293014556700,screen,RX,5898,{},I (856190) LAT: RX seq=5898
293026621800,sensor,RTT,5898,"{""us"": 8197}",LAT RTT seq=5898 us=8197
293107591900,sensor,TX,5899,"{""age_min_ms"": 91, ""age_max_ms"": 91}",LAT TX seq=5899 age_min_ms=91 age_max_ms=91
293115927500,screen,RX,5899,{},I (856290) LAT: RX seq=5899
293127794700,sensor,RTT,5899,"{""us"": 8557}",LAT RTT seq=5899 us=8557
293208478800,sensor,TX,5900,"{""age_min_ms"": 33, ""age_max_ms"": 33}",LAT TX seq=5900 age_min_ms=33 age_max_ms=33
293213074900,screen,RX,5900,{},I (856390) LAT: RX seq=5900
293227787800,sensor,RTT,5900,"{""us"": 6407}",LAT RTT seq=5900 us=6407
293308494200,sensor,TX,5901,"{""age_min_ms"": 33, ""age_max_ms"": 33}",LAT TX seq=5901 age_min_ms=33 age_max_ms=33
293313374700,screen,RX,5901,{},I (856490) LAT: RX seq=5901
293327604400,sensor,RTT,5901,"{""us"": 4041}",LAT RTT seq=5901 us=4041
293408615000,sensor,TX,5902,"{""age_min_ms"": 33, ""age_max_ms"": 33}",LAT TX seq=5902 age_min_ms=33 age_max_ms=33
293414673100,screen,RX,5902,{},I (856590) LAT: RX seq=5902
293427596200,sensor,RTT,5902,"{""us"": 8511}",LAT RTT seq=5902 us=8511
293508756000,sensor,TX,5903,"{""age_min_ms"": 33, ""age_max_ms"": 33}",LAT TX seq=5903 age_min_ms=33 age_max_ms=33
293512705300,screen,RX,5903,{},I (856690) LAT: RX seq=5903
293527878200,sensor,RTT,5903,"{""us"": 6183}",LAT RTT seq=5903 us=6183
293608579800,sensor,TX,5904,"{""age_min_ms"": 34, ""age_max_ms"": 34}",LAT TX seq=5904 age_min_ms=34 age_max_ms=34
293615540200,screen,RX,5904,{},I (856790) LAT: RX seq=5904
293627821500,sensor,RTT,5904,"{""us"": 18454}",LAT RTT seq=5904 us=18454
293708175900,sensor,TX,5905,"{""age_min_ms"": 33, ""age_max_ms"": 33}",LAT TX seq=5905 age_min_ms=33 age_max_ms=33
293715002500,screen,RX,5905,{},I (856890) LAT: RX seq=5905
293728300900,sensor,RTT,5905,"{""us"": 8673}",LAT RTT seq=5905 us=8673
293809510500,sensor,TX,5906,"{""age_min_ms"": 34, ""age_max_ms"": 34}",LAT TX seq=5906 age_min_ms=34 age_max_ms=34
293815955400,screen,RX,5906,{},I (856990) LAT: RX seq=5906
293828890600,sensor,RTT,5906,"{""us"": 7596}",LAT RTT seq=5906 us=7596
293909578400,sensor,TX,5907,"{""age_min_ms"": 35, ""age_max_ms"": 35}",LAT TX seq=5907 age_min_ms=35 age_max_ms=35
293916356200,screen,RX,5907,{},I (857090) LAT: RX seq=5907
293928667900,sensor,RTT,5907,"{""us"": 8201}",LAT RTT seq=5907 us=8201
294009323400,sensor,TX,5908,"{""age_min_ms"": 135, ""age_max_ms"": 135}",LAT TX seq=5908 age_min_ms=135 age_max_ms=135
294014101900,screen,RX,5908,{},I (857190) LAT: RX seq=5908
294028700800,sensor,RTT,5908,"{""us"": 5667}",LAT RTT seq=5908 us=5667
294109417000,sensor,TX,5909,"{""age_min_ms"": 94, ""age_max_ms"": 94}",LAT TX seq=5909 age_min_ms=94 age_max_ms=94
294113854200,screen,RX,5909,{},I (857290) LAT: RX seq=5909
294129859900,sensor,RTT,5909,"{""us"": 3546}",LAT RTT seq=5909 us=3546
294210369300,sensor,TX,5910,"{""age_min_ms"": 35, ""age_max_ms"": 35}",LAT TX seq=5910 age_min_ms=35 age_max_ms=35
294216592800,screen,RX,5910,{},I (857390) LAT: RX seq=5910
294229494300,sensor,RTT,5910,"{""us"": 6979}",LAT RTT seq=5910 us=6979
294310352900,sensor,TX,5911,"{""age_min_ms"": 36, ""age_max_ms"": 36}",LAT TX seq=5911 age_min_ms=36 age_max_ms=36
294315998400,screen,RX,5911,{},I (857490) LAT: RX seq=5911
294329623300,sensor,RTT,5911,"{""us"": 5121}",LAT RTT seq=5911 us=5121
294410333600,sensor,TX,5912,"{""age_min_ms"": 36, ""age_max_ms"": 36}",LAT TX seq=5912 age_min_ms=36 age_max_ms=36
294415659900,screen,RX,5912,{},I (857590) LAT: RX seq=5912
294429851400,sensor,RTT,5912,"{""us"": 4310}",LAT RTT seq=5912 us=4310
294510486200,sensor,TX,5913,"{""age_min_ms"": 35, ""age_max_ms"": 35}",LAT TX seq=5913 age_min_ms=35 age_max_ms=35
294514911100,screen,RX,5913,{},I (857690) LAT: RX seq=5913
294529390500,sensor,RTT,5913,"{""us"": 3812}",LAT RTT seq=5913 us=3812
294610513000,sensor,TX,5914,"{""age_min_ms"": 35, ""age_max_ms"": 35}",LAT TX seq=5914 age_min_ms=35 age_max_ms=35
294618059200,screen,RX,5914,{},I (857790) LAT: RX seq=5914
294629943500,sensor,RTT,5914,"{""us"": 10475}",LAT RTT seq=5914 us=10475
294710390000,sensor,TX,5915,"{""age_min_ms"": 35, ""age_max_ms"": 35}",LAT TX seq=5915 age_min_ms=35 age_max_ms=35
294715442700,screen,RX,5915,{},I (857890) LAT: RX seq=5915
294730615300,sensor,RTT,5915,"{""us"": 4879}",LAT RTT seq=5915 us=4879
294811484700,sensor,TX,5916,"{""age_min_ms"": 36, ""age_max_ms"": 36}",LAT TX seq=5916 age_min_ms=36 age_max_ms=36
294816623500,screen,RX,5916,{},I (857990) LAT: RX seq=5916
294831953600,sensor,RTT,5916,"{""us"": 5794}",LAT RTT seq=5916 us=5794
294912434900,sensor,TX,5917,"{""age_min_ms"": 37, ""age_max_ms"": 37}",LAT TX seq=5917 age_min_ms=37 age_max_ms=37
294917951900,screen,RX,5917,{},I (858090) LAT: RX seq=5917
294931585200,sensor,RTT,5917,"{""us"": 5490}",LAT RTT seq=5917 us=5490
295012592400,sensor,TX,5918,"{""age_min_ms"": 137, ""age_max_ms"": 137}",LAT TX seq=5918 age_min_ms=137 age_max_ms=137
295018890100,screen,RX,5918,{},I (858190) LAT: RX seq=5918
295031853400,sensor,RTT,5918,"{""us"": 5578}",LAT RTT seq=5918 us=5578
295112695900,sensor,TX,5919,"{""age_min_ms"": 96, ""age_max_ms"": 96}",LAT TX seq=5919 age_min_ms=96 age_max_ms=96
295117602100,screen,RX,5919,{},I (858290) LAT: RX seq=5919
295132668500,sensor,RTT,5919,"{""us"": 4968}",LAT RTT seq=5919 us=4968
295213831200,sensor,TX,5920,"{""age_min_ms"": 39, ""age_max_ms"": 39}",LAT TX seq=5920 age_min_ms=39 age_max_ms=39
295221181000,screen,RX,5920,{},I (858390) LAT: RX seq=5920
295232899200,sensor,RTT,5920,"{""us"": 6878}",LAT RTT seq=5920 us=6878
295313725200,sensor,TX,5921,"{""age_min_ms"": 39, ""age_max_ms"": 39}",LAT TX seq=5921 age_min_ms=39 age_max_ms=39
295317894800,screen,RX,5921,{},I (858490) LAT: RX seq=5921
295333916300,sensor,RTT,5921,"{""us"": 4973}",LAT RTT seq=5921 us=4973
295414715800,sensor,TX,5922,"{""age_min_ms"": 40, ""age_max_ms"": 40}",LAT TX seq=5922 age_min_ms=40 age_max_ms=40
295419616800,screen,RX,5922,{},I (858590) LAT: RX seq=5922
295433863400,sensor,RTT,5922,"{""us"": 4976}",LAT RTT seq=5922 us=4976
295514721800,sensor,TX,5923,"{""age_min_ms"": 40, ""age_max_ms"": 40}",LAT TX seq=5923 age_min_ms=40 age_max_ms=40
295519353800,screen,RX,5923,{},I (858690) LAT: RX seq=5923
295533968200,sensor,RTT,5923,"{""us"": 5031}",LAT RTT seq=5923 us=5031
295614447300,sensor,TX,5924,"{""age_min_ms"": 40, ""age_max_ms"": 40}",LAT TX seq=5924 age_min_ms=40 age_max_ms=40
295619321700,screen,RX,5924,{},I (858790) LAT: RX seq=5924
295633635700,sensor,RTT,5924,"{""us"": 5448}",LAT RTT seq=5924 us=5448
295714754000,sensor,TX,5925,"{""age_min_ms"": 39, ""age_max_ms"": 39}",LAT TX seq=5925 age_min_ms=39 age_max_ms=39
295719835500,screen,RX,5925,{},I (858890) LAT: RX seq=5925
295734926700,sensor,RTT,5925,"{""us"": 4809}",LAT RTT seq=5925 us=4809
295815752300,sensor,TX,5926,"{""age_min_ms"": 40, ""age_max_ms"": 40}",LAT TX seq=5926 age_min_ms=40 age_max_ms=40
295825263600,screen,RX,5926,{},I (859000) LAT: RX seq=5926
295835873200,sensor,RTT,5926,"{""us"": 8895}",LAT RTT seq=5926 us=8895
295916393800,sensor,TX,5927,"{""age_min_ms"": 41, ""age_max_ms"": 41}",LAT TX seq=5927 age_min_ms=41 age_max_ms=41
295924106200,screen,RX,5927,{},I (859100) LAT: RX seq=5927
295935884400,sensor,RTT,5927,"{""us"": 7684}",LAT RTT seq=5927 us=7684
296016780500,sensor,TX,5928,"{""age_min_ms"": 141, ""age_max_ms"": 141}",LAT TX seq=5928 age_min_ms=141 age_max_ms=141
296026932400,screen,RX,5928,{},I (859200) LAT: RX seq=5928
296036931100,sensor,RTT,5928,"{""us"": 9072}",LAT RTT seq=5928 us=9072
296117898600,sensor,TX,5929,"{""age_min_ms"": 2, ""age_max_ms"": 2}",LAT TX seq=5929 age_min_ms=2 age_max_ms=2
296123340100,screen,RX,5929,{},I (859290) LAT: RX seq=5929
296137736700,sensor,RTT,5929,"{""us"": 4883}",LAT RTT seq=5929 us=4883
296218429400,sensor,TX,5930,"{""age_min_ms"": 44, ""age_max_ms"": 44}",LAT TX seq=5930 age_min_ms=44 age_max_ms=44
296226627600,screen,RX,5930,{},I (859400) LAT: RX seq=5930
296237866800,sensor,RTT,5930,"{""us"": 7574}",LAT RTT seq=5930 us=7574
296318715700,sensor,TX,5931,"{""age_min_ms"": 43, ""age_max_ms"": 43}",LAT TX seq=5931 age_min_ms=43 age_max_ms=43
296325621300,screen,RX,5931,{},I (859500) LAT: RX seq=5931
296337892000,sensor,RTT,5931,"{""us"": 10865}",LAT RTT seq=5931 us=10865
296418404700,sensor,TX,5932,"{""age_min_ms"": 35, ""age_max_ms"": 35}",LAT TX seq=5932 age_min_ms=35 age_max_ms=35
296431074600,screen,RX,5932,{},I (859600) LAT: RX seq=5932
296437463100,sensor,RTT,5932,"{""us"": 11997}",LAT RTT seq=5932 us=11997
296519225400,sensor,TX,5933,"{""age_min_ms"": 44, ""age_max_ms"": 44}",LAT TX seq=5933 age_min_ms=44 age_max_ms=44
296524430200,screen,RX,5933,{},I (859700) LAT: RX seq=5933
296537925500,sensor,RTT,5933,"{""us"": 6574}",LAT RTT seq=5933 us=6574
296618529400,sensor,TX,5934,"{""age_min_ms"": 44, ""age_max_ms"": 44}",LAT TX seq=5934 age_min_ms=44 age_max_ms=44
296623246600,screen,RX,5934,{},I (859800) LAT: RX seq=5934
296638554600,sensor,RTT,5934,"{""us"": 3968}",LAT RTT seq=5934 us=3968
296719389200,sensor,TX,5935,"{""age_min_ms"": 36, ""age_max_ms"": 36}",LAT TX seq=5935 age_min_ms=36 age_max_ms=36
296723640000,screen,RX,5935,{},I (859900) LAT: RX seq=5935
296739908200,sensor,RTT,5935,"{""us"": 4248}",LAT RTT seq=5935 us=4248
296820696200,sensor,TX,5936,"{""age_min_ms"": 45, ""age_max_ms"": 45}",LAT TX seq=5936 age_min_ms=45 age_max_ms=45
296826197700,screen,RX,5936,{},I (860000) LAT: RX seq=5936
296840904600,sensor,RTT,5936,"{""us"": 4608}",LAT RTT seq=5936 us=4608
296922033500,sensor,TX,5937,"{""age_min_ms"": 38, ""age_max_ms"": 38}",LAT TX seq=5937 age_min_ms=38 age_max_ms=38
296926118900,screen,RX,5937,{},I (860100) LAT: RX seq=5937
296940890400,sensor,RTT,5937,"{""us"": 4466}",LAT RTT seq=5937 us=4466
297021505200,sensor,TX,5938,"{""age_min_ms"": 138, ""age_max_ms"": 138}",LAT TX seq=5938 age_min_ms=138 age_max_ms=138
297026656100,screen,RX,5938,{},I (860200) LAT: RX seq=5938
297040609800,sensor,RTT,5938,"{""us"": 4752}",LAT RTT seq=5938 us=4752
297121750900,sensor,TX,5939,"{""age_min_ms"": 6, ""age_max_ms"": 6}",LAT TX seq=5939 age_min_ms=6 age_max_ms=6
297125907300,screen,RX,5939,{},I (860300) LAT: RX seq=5939
297141965600,sensor,RTT,5939,"{""us"": 3206}",LAT RTT seq=5939 us=3206
297222820000,sensor,TX,5940,"{""age_min_ms"": 39, ""age_max_ms"": 39}",LAT TX seq=5940 age_min_ms=39 age_max_ms=39
297247405600,screen,RX,5940,{},I (860420) LAT: RX seq=5940
297262126100,sensor,RTT,5940,"{""us"": 24427}",LAT RTT seq=5940 us=24427
297322698900,sensor,TX,5941,"{""age_min_ms"": 47, ""age_max_ms"": 47}",LAT TX seq=5941 age_min_ms=47 age_max_ms=47
297327955800,screen,RX,5941,{},I (860500) LAT: RX seq=5941
297341917200,sensor,RTT,5941,"{""us"": 5559}",LAT RTT seq=5941 us=5559
297422725300,sensor,TX,5942,"{""age_min_ms"": 39, ""age_max_ms"": 39}",LAT TX seq=5942 age_min_ms=39 age_max_ms=39
297427424200,screen,RX,5942,{},I (860600) LAT: RX seq=5942
297441613000,sensor,RTT,5942,"{""us"": 5249}",LAT RTT seq=5942 us=5249
297522542100,sensor,TX,5943,"{""age_min_ms"": 45, ""age_max_ms"": 45}",LAT TX seq=5943 age_min_ms=45 age_max_ms=45
297528141700,screen,RX,5943,{},I (860700) LAT: RX seq=5943
297541923100,sensor,RTT,5943,"{""us"": 4893}",LAT RTT seq=5943 us=4893
297622413000,sensor,TX,5944,"{""age_min_ms"": 39, ""age_max_ms"": 39}",LAT TX seq=5944 age_min_ms=39 age_max_ms=39
297627224300,screen,RX,5944,{},I (860800) LAT: RX seq=5944
297641711900,sensor,RTT,5944,"{""us"": 7849}",LAT RTT seq=5944 us=7849
297722466600,sensor,TX,5945,"{""age_min_ms"": 39, ""age_max_ms"": 39}",LAT TX seq=5945 age_min_ms=39 age_max_ms=39
297726766600,screen,RX,5945,{},I (860900) LAT: RX seq=5945
297742584900,sensor,RTT,5945,"{""us"": 3217}",LAT RTT seq=5945 us=3217
297823767600,sensor,TX,5946,"{""age_min_ms"": 40, ""age_max_ms"": 40}",LAT TX seq=5946 age_min_ms=40 age_max_ms=40
297827930300,screen,RX,5946,{},I (861000) LAT: RX seq=5946
297842723700,sensor,RTT,5946,"{""us"": 4639}",LAT RTT seq=5946 us=4639
297923459500,sensor,TX,5947,"{""age_min_ms"": 49, ""age_max_ms"": 49}",LAT TX seq=5947 age_min_ms=49 age_max_ms=49
297927894900,screen,RX,5947,{},I (861100) LAT: RX seq=5947
297942887800,sensor,RTT,5947,"{""us"": 9119}",LAT RTT seq=5947 us=9119
298024092100,sensor,TX,5948,"{""age_min_ms"": 8, ""age_max_ms"": 8}",LAT TX seq=5948 age_min_ms=8 age_max_ms=8
298027878200,screen,RX,5948,{},I (861200) LAT: RX seq=5948
298042921000,sensor,RTT,5948,"{""us"": 3988}",LAT RTT seq=5948 us=3988
298123756400,sensor,TX,5949,"{""age_min_ms"": 108, ""age_max_ms"": 108}",LAT TX seq=5949 age_min_ms=108 age_max_ms=108
298127820200,screen,RX,5949,{},I (861300) LAT: RX seq=5949
298142935200,sensor,RTT,5949,"{""us"": 3985}",LAT RTT seq=5949 us=3985
298224091500,sensor,TX,5950,"{""age_min_ms"": 40, ""age_max_ms"": 40}",LAT TX seq=5950 age_min_ms=40 age_max_ms=40
298227521000,screen,RX,5950,{},I (861400) LAT: RX seq=5950
298242894700,sensor,RTT,5950,"{""us"": 4379}",LAT RTT seq=5950 us=4379
298323544200,sensor,TX,5951,"{""age_min_ms"": 48, ""age_max_ms"": 48}",LAT TX seq=5951 age_min_ms=48 age_max_ms=48
298329709900,screen,RX,5951,{},I (861500) LAT: RX seq=5951
298342855000,sensor,RTT,5951,"{""us"": 7357}",LAT RTT seq=5951 us=7357
298423757400,sensor,TX,5952,"{""age_min_ms"": 46, ""age_max_ms"": 46}",LAT TX seq=5952 age_min_ms=46 age_max_ms=46
298429567400,screen,RX,5952,{},I (861600) LAT: RX seq=5952
298442603200,sensor,RTT,5952,"{""us"": 5966}",LAT RTT seq=5952 us=5966
298523604700,sensor,TX,5953,"{""age_min_ms"": 40, ""age_max_ms"": 40}",LAT TX seq=5953 age_min_ms=40 age_max_ms=40
298534777800,screen,RX,5953,{},I (861710) LAT: RX seq=5953
298542923700,sensor,RTT,5953,"{""us"": 13861}",LAT RTT seq=5953 us=13861
298623524700,sensor,TX,5954,"{""age_min_ms"": 54, ""age_max_ms"": 54}",LAT TX seq=5954 age_min_ms=54 age_max_ms=54
298628619400,screen,RX,5954,{},I (861800) LAT: RX seq=5954
298642715300,sensor,RTT,5954,"{""us"": 4732}",LAT RTT seq=5954 us=4732
298723639400,sensor,TX,5955,"{""age_min_ms"": 48, ""age_max_ms"": 48}",LAT TX seq=5955 age_min_ms=48 age_max_ms=48
298728170300,screen,RX,5955,{},I (861900) LAT: RX seq=5955
298742545400,sensor,RTT,5955,"{""us"": 7850}",LAT RTT seq=5955 us=7850
298823450700,sensor,TX,5956,"{""age_min_ms"": 48, ""age_max_ms"": 48}",LAT TX seq=5956 age_min_ms=48 age_max_ms=48
298831937600,screen,RX,5956,{},I (862000) LAT: RX seq=5956
298844075400,sensor,RTT,5956,"{""us"": 12146}",LAT RTT seq=5956 us=12146
298924812200,sensor,TX,5957,"{""age_min_ms"": 50, ""age_max_ms"": 50}",LAT TX seq=5957 age_min_ms=50 age_max_ms=50
298928723100,screen,RX,5957,{},I (862100) LAT: RX seq=5957
298943910200,sensor,RTT,5957,"{""us"": 3731}",LAT RTT seq=5957 us=3731
299024674500,sensor,TX,5958,"{""age_min_ms"": 0, ""age_max_ms"": 0}",LAT TX seq=5958 age_min_ms=0 age_max_ms=0
299030614500,screen,RX,5958,{},I (862200) LAT: RX seq=5958
299044763900,sensor,RTT,5958,"{""us"": 6981}",LAT RTT seq=5958 us=6981
299125656500,sensor,TX,5959,"{""age_min_ms"": 1, ""age_max_ms"": 1}",LAT TX seq=5959 age_min_ms=1 age_max_ms=1
299136026900,screen,RX,5959,{},I (862310) LAT: RX seq=5959
299145908200,sensor,RTT,5959,"{""us"": 10159}",LAT RTT seq=5959 us=10159
299226865100,sensor,TX,5960,"{""age_min_ms"": 43, ""age_max_ms"": 43}",LAT TX seq=5960 age_min_ms=43 age_max_ms=43
299232898300,screen,RX,5960,{},I (862410) LAT: RX seq=5960
299245953900,sensor,RTT,5960,"{""us"": 6220}",LAT RTT seq=5960 us=6220
299326741000,sensor,TX,5961,"{""age_min_ms"": 70, ""age_max_ms"": 70}",LAT TX seq=5961 age_min_ms=70 age_max_ms=70
299331297700,screen,RX,5961,{},I (862500) LAT: RX seq=5961
299345923400,sensor,RTT,5961,"{""us"": 6194}",LAT RTT seq=5961 us=6194
299426785000,sensor,TX,5962,"{""age_min_ms"": 70, ""age_max_ms"": 70}",LAT TX seq=5962 age_min_ms=70 age_max_ms=70
299431462800,screen,RX,5962,{},I (862600) LAT: RX seq=5962
299446699300,sensor,RTT,5962,"{""us"": 4780}",LAT RTT seq=5962 us=4780
299527456100,sensor,TX,5963,"{""age_min_ms"": 58, ""age_max_ms"": 58}",LAT TX seq=5963 age_min_ms=58 age_max_ms=58
299531759100,screen,RX,5963,{},I (862700) LAT: RX seq=5963
299546913700,sensor,RTT,5963,"{""us"": 5563}",LAT RTT seq=5963 us=5563
299627372100,sensor,TX,5964,"{""age_min_ms"": 58, ""age_max_ms"": 58}",LAT TX seq=5964 age_min_ms=58 age_max_ms=58
299631309900,screen,RX,5964,{},I (862800) LAT: RX seq=5964
299646807700,sensor,RTT,5964,"{""us"": 3904}",LAT RTT seq=5964 us=3904
299727839700,sensor,TX,5965,"{""age_min_ms"": 44, ""age_max_ms"": 44}",LAT TX seq=5965 age_min_ms=44 age_max_ms=44
299732276600,screen,RX,5965,{},I (862900) LAT: RX seq=5965
299746691100,sensor,RTT,5965,"{""us"": 5293}",LAT RTT seq=5965 us=5293
299827828500,sensor,TX,5966,"{""age_min_ms"": 58, ""age_max_ms"": 58}",LAT TX seq=5966 age_min_ms=58 age_max_ms=58
299832854400,screen,RX,5966,{},I (863010) LAT: RX seq=5966
299846911400,sensor,RTT,5966,"{""us"": 4928}",LAT RTT seq=5966 us=4928
299927719700,sensor,TX,5967,"{""age_min_ms"": 58, ""age_max_ms"": 58}",LAT TX seq=5967 age_min_ms=58 age_max_ms=58
299932362600,screen,RX,5967,{},I (863100) LAT: RX seq=5967
299946670600,sensor,RTT,5967,"{""us"": 4069}",LAT RTT seq=5967 us=4069
300027958200,sensor,TX,5968,"{""age_min_ms"": 17, ""age_max_ms"": 17}",LAT TX seq=5968 age_min_ms=17 age_max_ms=17
300033383800,screen,RX,5968,{},I (863210) LAT: RX seq=5968
300046891000,sensor,RTT,5968,"{""us"": 4758}",LAT RTT seq=5968 us=4758
300127789900,sensor,TX,5969,"{""age_min_ms"": 17, ""age_max_ms"": 17}",LAT TX seq=5969 age_min_ms=17 age_max_ms=17
300131952000,screen,RX,5969,{},I (863300) LAT: RX seq=5969
300146824700,sensor,RTT,5969,"{""us"": 4687}",LAT RTT seq=5969 us=4687
300227540400,sensor,TX,5970,"{""age_min_ms"": 58, ""age_max_ms"": 58}",LAT TX seq=5970 age_min_ms=58 age_max_ms=58
300232399200,screen,RX,5970,{},I (863400) LAT: RX seq=5970
300246900200,sensor,RTT,5970,"{""us"": 4792}",LAT RTT seq=5970 us=4792
300327778900,sensor,TX,5971,"{""age_min_ms"": 44, ""age_max_ms"": 44}",LAT TX seq=5971 age_min_ms=44 age_max_ms=44
300334079000,screen,RX,5971,{},I (863510) LAT: RX seq=5971
300346853700,sensor,RTT,5971,"{""us"": 9647}",LAT RTT seq=5971 us=9647
300427845200,sensor,TX,5972,"{""age_min_ms"": 58, ""age_max_ms"": 58}",LAT TX seq=5972 age_min_ms=58 age_max_ms=58
300431726800,screen,RX,5972,{},I (863600) LAT: RX seq=5972
300446863000,sensor,RTT,5972,"{""us"": 3225}",LAT RTT seq=5972 us=3225
300527622300,sensor,TX,5973,"{""age_min_ms"": 58, ""age_max_ms"": 58}",LAT TX seq=5973 age_min_ms=58 age_max_ms=58
300531764800,screen,RX,5973,{},I (863700) LAT: RX seq=5973
300546783500,sensor,RTT,5973,"{""us"": 3765}",LAT RTT seq=5973 us=3765
300627163700,sensor,TX,5974,"{""age_min_ms"": 58, ""age_max_ms"": 58}",LAT TX seq=5974 age_min_ms=58 age_max_ms=58
300631794800,screen,RX,5974,{},I (863800) LAT: RX seq=5974
300647726700,sensor,RTT,5974,"{""us"": 8964}",LAT RTT seq=5974 us=8964
300728163400,sensor,TX,5975,"{""age_min_ms"": 45, ""age_max_ms"": 45}",LAT TX seq=5975 age_min_ms=45 age_max_ms=45
300732278600,screen,RX,5975,{},I (863910) LAT: RX seq=5975
300747707600,sensor,RTT,5975,"{""us"": 5287}",LAT RTT seq=5975 us=5287
300828617200,sensor,TX,5976,"{""age_min_ms"": 59, ""age_max_ms"": 59}",LAT TX seq=5976 age_min_ms=59 age_max_ms=59
300835107900,screen,RX,5976,{},I (864010) LAT: RX seq=5976
300848865800,sensor,RTT,5976,"{""us"": 8165}",LAT RTT seq=5976 us=8165
300929369500,sensor,TX,5977,"{""age_min_ms"": 60, ""age_max_ms"": 60}",LAT TX seq=5977 age_min_ms=60 age_max_ms=60
300937003800,screen,RX,5977,{},I (864110) LAT: RX seq=5977
300948986900,sensor,RTT,5977,"{""us"": 8976}",LAT RTT seq=5977 us=8976
301029999400,sensor,TX,5978,"{""age_min_ms"": 18, ""age_max_ms"": 18}",LAT TX seq=5978 age_min_ms=18 age_max_ms=18
301040458600,screen,RX,5978,{},I (864210) LAT: RX seq=5978
301049781900,sensor,RTT,5978,"{""us"": 11626}",LAT RTT seq=5978 us=11626
